id;volume;status;productionStatus;releaseApproved;changedFiles;appliedIntervention;evidenceReports
EXP-01;COLLANA;applicato-verificato-pdf;non-verificato;False;;"I cinque nuclei di IR02/09 sono conservati nel candidato VOL06 e verificati nella proiezione corrente; il difetto di filtraggio storico risulta risolto.";"artifacts/correzioni-collana-2026-10-02/VOL-06-production-findings.json; wiki/reviews/correzioni-collana-2026-10-02/PDF-VOL-06.md"
EXP-03;COLLANA;applicato-verificato-pdf;non-verificato;False;;"Tutti i dodici pacchetti correnti hanno manifest con hash verificati, sorgenti e candidato identificato; VOL02 distribuito in due tomi. I PDF storici sono superati per la consegna. La verifica di identita non autorizza la pubblicazione e non estingue EXP02.";"artifacts/correzioni-collana-2026-10-02/registro-package-verification.json; delivery/VOL-01/candidate-2026-10-03/package-manifest.json; delivery/VOL-02/candidate-tomi-2026-10-03/manifest.json; delivery/VOL-03/candidate-2026-10-03/package-manifest.json; delivery/VOL-04/candidate-2026-10-03/package-manifest.json; delivery/VOL-05/candidate-2026-10-03/package-manifest.json; delivery/VOL-06/candidate-2026-10-03/manifest.json; delivery/VOL-07/candidate-2026-10-03/manifest.json; delivery/VOL-08/candidate-2026-10-03/package-manifest.json; delivery/VOL-09/candidate-2026-10-03/package-manifest.json; delivery/VOL-10/candidate-2026-10-03/package-manifest.json; delivery/VOL-11/candidate-2026-10-03/package-manifest.json; delivery/VOL-12/candidate-2026-10-03/manifest.json"
EXP-02;COLLANA;parzialmente-applicato;non-verificato;False;;"Residui e apparati sono stati corretti nei perimetri documentati; i preliminari comuni conservano promesse digitali e dati editoriali da consolidare. Non chiuso sulla sola rimozione dei residui interni.";"wiki/reviews/correzioni-collana-2026-10-02/PDF-VOL-01.md; wiki/reviews/correzioni-collana-2026-10-02/PDF-VOL-05.md; wiki/reviews/correzioni-collana-2026-10-02/PDF-VOL-06.md; wiki/reviews/correzioni-collana-2026-10-02/PDF-VOL-12.md"
P01-01;VOL-01;applicato-verificato-pdf;verificato-nella-copertura-dichiarata;False;;"Corpo minimo 9,5 pt; abbreviazioni Cap., Introd., Concl., App. impediscono sovrapposizioni; 437 rimandi riscontrati nel PDF.";wiki/reviews/correzioni-collana-2026-10-02/PDF-VOL-01.md
P01-03;VOL-01;applicato-verificato-pdf;verificato-nella-copertura-dichiarata;False;;"Schede divise fino a quattro colonne; separatori con spazi in 22 master; campi e valori preservati.";wiki/reviews/correzioni-collana-2026-10-02/PDF-VOL-01.md
P01-04;VOL-01;applicato-verificato-pdf;verificato-nella-copertura-dichiarata;False;"wiki/books/il-metodo-bando/assets/chapter-04/04-organi-costituzionali-flussi-corretto.png; wiki/books/il-metodo-bando/chapters/costituzione-e-ordinamento-dello-stato.md";"Figura corretta, con funzioni e relazioni distinte; asset originale conservato nello storico.";wiki/reviews/correzioni-collana-2026-10-02/PDF-VOL-01.md
P01-05;VOL-01;applicato-verificato-pdf;verificato-nella-copertura-dichiarata;False;"wiki/books/il-metodo-bando/assets/chapter-08/02-ciclo-entrate-spese-corretto.png; wiki/books/il-metodo-bando/chapters/contabilita-pubblica-essenziale.md";"Tre fasi delle entrate; accertamento spiegato come verifica degli elementi del credito; bilancio distinto dal flusso.";wiki/reviews/correzioni-collana-2026-10-02/PDF-VOL-01.md
P01-06;VOL-01;applicato-verificato-pdf;verificato-nella-copertura-dichiarata;False;"wiki/books/il-metodo-bando/assets/chapter-09/02-ciclo-fabbisogno-esecuzione-corretto.png; wiki/books/il-metodo-bando/assets/chapter-10/07-istanza-online-conservazione-corretto.png; wiki/books/il-metodo-bando/assets/chapter-22/07-caso-luca-ciclo-controllo-corretto.png; wiki/books/il-metodo-bando/chapters/contratti-pubblici-essenziali.md; wiki/books/il-metodo-bando/chapters/informatica-pa-digitale-competenze-digitali.md; wiki/books/il-metodo-bando/chapters/sistema-adattabile.md";Sequenze corrette nelle immagini ridisegnate, con continuità e ordine verificati.;wiki/reviews/correzioni-collana-2026-10-02/PDF-VOL-01.md
P01-07;VOL-01;applicato-verificato-pdf;verificato-nella-copertura-dichiarata;False;"wiki/books/il-metodo-bando/assets/chapter-09/03-procedure-affidamento-concorrenza-corretto.png; wiki/books/il-metodo-bando/chapters/contratti-pubblici-essenziali.md";Distinti presupposti e modalità delle procedure, senza scala rigida universale.;wiki/reviews/correzioni-collana-2026-10-02/PDF-VOL-01.md
P01-08;VOL-01;applicato-verificato-pdf;verificato-nella-copertura-dichiarata;False;"wiki/books/il-metodo-bando/assets/chapter-12/03-parole-logiche-decisive-corretto.png; wiki/books/il-metodo-bando/chapters/logica-comprensione-ragionamento.md";Zero oppure almeno due, coerente con testo ed esempi.;wiki/reviews/correzioni-collana-2026-10-02/PDF-VOL-01.md
P01-09;VOL-01;applicato-verificato-pdf;verificato-nella-copertura-dichiarata;False;"wiki/books/il-metodo-bando/assets/chapter-20/06-semaforo-e-pesatura-tempo-corretto.png; wiki/books/il-metodo-bando/chapters/mappe-profilo-cosa-resta-comune-cosa-cambia.md";"Grafico ricostruito con proporzioni effettive e somme pari a 100; natura esemplificativa dichiarata.";wiki/reviews/correzioni-collana-2026-10-02/PDF-VOL-01.md
P01-12;VOL-01;applicato-verificato-pdf;verificato-nella-copertura-dichiarata;False;"wiki/books/il-metodo-bando/assets/chapter-02/04-gerarchia-materie-bando-corretto.png; wiki/books/il-metodo-bando/assets/chapter-23/07-caso-marta-pattern-errori-corretto.png; wiki/books/il-metodo-bando/chapters/anatomia-del-bando.md; wiki/books/il-metodo-bando/chapters/diario-degli-errori.md";"Classificazione delle materie distinta dalla priorità; Marta: 36 corrette, 12 errori e 2 omissioni, con denominatori e punteggio corretti.";wiki/reviews/correzioni-collana-2026-10-02/PDF-VOL-01.md
V01-01;VOL-01;applicato-verificato-testo;verificato-nella-copertura-dichiarata;False;"wiki/books/il-metodo-bando/chapters/anatomia-del-bando.md; wiki/books/il-metodo-bando/chapters/appendice-c-template-bando-decoder.md; wiki/books/il-metodo-bando/chapters/appendice-f-matrice-materie-profili.md; wiki/sources/vol-01-esempi-logica-inglese-metodo-2026-10-02.md";Separati programma, fase, peso/soglia e priorità personale nelle tre destinazioni.;wiki/reviews/correzioni-collana-2026-10-02/VOL-01.md
V01-03;VOL-01;applicato-verificato-testo;verificato-nella-copertura-dichiarata;False;"wiki/books/il-metodo-bando/chapters/costituzione-e-ordinamento-dello-stato.md; wiki/sources/vol-01-costituzione-correzioni-2026-10-02.md; wiki/topics/diritto-costituzionale.md";Preavviso obbligatorio per riunioni in luogo pubblico, distinto da autorizzazione.;wiki/reviews/correzioni-collana-2026-10-02/VOL-01.md
V01-05;VOL-01;applicato-verificato-testo;verificato-nella-copertura-dichiarata;False;"wiki/books/il-metodo-bando/chapters/costituzione-e-ordinamento-dello-stato.md; wiki/sources/vol-01-costituzione-correzioni-2026-10-02.md; wiki/topics/diritto-costituzionale.md";"Aggiunti composizioni, elettorato, quorum, termini e sedi parlamentari; sei quiz e caso con maggioranze.";wiki/reviews/correzioni-collana-2026-10-02/VOL-01.md
V01-07;VOL-01;applicato-verificato-testo;verificato-nella-copertura-dichiarata;False;"wiki/books/il-metodo-bando/chapters/costituzione-e-ordinamento-dello-stato.md; wiki/sources/vol-01-costituzione-correzioni-2026-10-02.md; wiki/topics/diritto-costituzionale.md";Separati controllo preventivo sugli atti, successivo sul bilancio e giurisdizione.;wiki/reviews/correzioni-collana-2026-10-02/VOL-01.md
V01-10;VOL-01;applicato-verificato-testo;verificato-nella-copertura-dichiarata;False;"wiki/books/il-metodo-bando/chapters/diritto-amministrativo-per-candidati.md; wiki/sources/vol-01-procedimento-correzioni-2026-10-03.md";"Separati struttura dell’atto, motivazione, vizi e nullità; esempio di diniego.";wiki/reviews/correzioni-collana-2026-10-02/VOL-01.md
V01-11;VOL-01;applicato-verificato-testo;verificato-nella-copertura-dichiarata;False;"wiki/books/il-metodo-bando/chapters/diritto-amministrativo-per-candidati.md; wiki/sources/vol-01-procedimento-correzioni-2026-10-03.md";Termini procedimentali, SCIA, conferenze 2026, revoca e non annullabilità con casi e sei verifiche.;wiki/reviews/correzioni-collana-2026-10-02/VOL-01.md
V01-13;VOL-01;applicato-verificato-testo;verificato-nella-copertura-dichiarata;False;"wiki/books/il-metodo-bando/chapters/pubblico-impiego-e-organizzazione-pa.md; wiki/books/il-metodo-bando/chapters/appendice-a-glossario-essenziale-pa.md; wiki/sources/vol-01-impiego-contabilita-contratti-correzioni-2026-10-03.md";"Riserva, preferenza e titoli valutabili distinti con tre graduatorie didattiche; glossario coordinato.";wiki/reviews/correzioni-collana-2026-10-02/VOL-01.md
V01-14;VOL-01;applicato-verificato-testo;verificato-nella-copertura-dichiarata;False;"wiki/books/il-metodo-bando/chapters/pubblico-impiego-e-organizzazione-pa.md; wiki/sources/vol-01-impiego-contabilita-contratti-correzioni-2026-10-03.md";Art.317: entrambi i soggetti attivi, costrizione senza requisito autonomo di irresistibilità.;wiki/reviews/correzioni-collana-2026-10-02/VOL-01.md
V01-16;VOL-01;applicato-verificato-testo;verificato-nella-copertura-dichiarata;False;"wiki/books/il-metodo-bando/chapters/trasparenza-anticorruzione-privacy.md; wiki/sources/vol-01-accesso-privacy-correzioni-2026-10-03.md";FOIA: interessi tipizzati e pregiudizio concreto, limiti assoluti/relativi e accesso parziale.;wiki/reviews/correzioni-collana-2026-10-02/VOL-01.md
V01-18;VOL-01;applicato-verificato-testo;verificato-nella-copertura-dichiarata;False;"wiki/books/il-metodo-bando/chapters/trasparenza-anticorruzione-privacy.md; wiki/books/il-metodo-bando/chapters/informatica-pa-digitale-competenze-digitali.md; wiki/sources/vol-01-accesso-privacy-correzioni-2026-10-03.md";FOIA 30/10/15/20, GDPR un mese più due, data breach 72 ore, DPIA e divieti sanitari con casi.;wiki/reviews/correzioni-collana-2026-10-02/VOL-01.md
V01-19;VOL-01;applicato-verificato-testo;verificato-nella-copertura-dichiarata;False;"wiki/books/il-metodo-bando/chapters/contabilita-pubblica-essenziale.md; wiki/books/il-metodo-bando/chapters/appendice-b-100-parole-chiave-concorsi.md; wiki/sources/vol-01-impiego-contabilita-contratti-correzioni-2026-10-03.md";"Residui statali e armonizzati distinti; accertamento/impegno spiegati anche nelle 100 parole.";wiki/reviews/correzioni-collana-2026-10-02/VOL-01.md
V01-20;VOL-01;applicato-verificato-testo;verificato-nella-copertura-dichiarata;False;"wiki/books/il-metodo-bando/chapters/contabilita-pubblica-essenziale.md; wiki/sources/vol-01-impiego-contabilita-contratti-correzioni-2026-10-03.md";"Insussistenza distinta da reimputazione; risultato 120, quota disponibile25, FPV/FCDE con calcoli.";wiki/reviews/correzioni-collana-2026-10-02/VOL-01.md
V01-22;VOL-01;applicato-verificato-testo;verificato-nella-copertura-dichiarata;False;"wiki/books/il-metodo-bando/chapters/contratti-pubblici-essenziali.md; wiki/sources/vol-01-impiego-contabilita-contratti-correzioni-2026-10-03.md";Trattativa diretta con un unico operatore, distinta dal confronto di preventivi.;wiki/reviews/correzioni-collana-2026-10-02/VOL-01.md
V01-23;VOL-01;applicato-verificato-testo;verificato-nella-copertura-dichiarata;False;"wiki/books/il-metodo-bando/chapters/contratti-pubblici-essenziali.md; wiki/sources/vol-01-impiego-contabilita-contratti-correzioni-2026-10-03.md";Soglie UE2026, diretto/negoziata, programmi triennali, livelli e art.101 con termini.;wiki/reviews/correzioni-collana-2026-10-02/VOL-01.md
V01-26;VOL-01;applicato-verificato-testo;verificato-nella-copertura-dichiarata;False;"wiki/books/il-metodo-bando/chapters/informatica-pa-digitale-competenze-digitali.md; wiki/books/il-metodo-bando/chapters/appendice-a-glossario-essenziale-pa.md; wiki/books/il-metodo-bando/chapters/appendice-b-100-parole-chiave-concorsi.md; wiki/sources/vol-01-digitale-esempi-correzioni-2026-10-03.md";"Documento informatico distinto da originalità ed efficacia della copia; glossari coordinati.";wiki/reviews/correzioni-collana-2026-10-02/VOL-01.md
V01-27;VOL-01;applicato-verificato-testo;verificato-nella-copertura-dichiarata;False;"wiki/books/il-metodo-bando/chapters/informatica-pa-digitale-competenze-digitali.md; wiki/books/il-metodo-bando/chapters/appendice-a-glossario-essenziale-pa.md; wiki/books/il-metodo-bando/chapters/appendice-b-100-parole-chiave-concorsi.md; wiki/sources/vol-01-digitale-esempi-correzioni-2026-10-03.md";"PEC e recapito certificato qualificato; email ordinaria esclusa dal domicilio digitale.";wiki/reviews/correzioni-collana-2026-10-02/VOL-01.md
V01-28;VOL-01;applicato-verificato-testo;verificato-nella-copertura-dichiarata;False;"wiki/books/il-metodo-bando/chapters/informatica-pa-digitale-competenze-digitali.md; wiki/books/il-metodo-bando/chapters/appendice-a-glossario-essenziale-pa.md; wiki/sources/vol-01-digitale-esempi-correzioni-2026-10-03.md";Open data: requisiti congiunti e regime economico, teoria/soluzioni/glossario coerenti.;wiki/reviews/correzioni-collana-2026-10-02/VOL-01.md
V01-30;VOL-01;applicato-verificato-testo;verificato-nella-copertura-dichiarata;False;"wiki/books/il-metodo-bando/chapters/inglese-concorsuale-essenziale.md; wiki/sources/vol-01-esempi-logica-inglese-metodo-2026-10-02.md";Quiz1/9/10 inglese resi univoci, dieci soluzioni commentate.;wiki/reviews/correzioni-collana-2026-10-02/VOL-01.md
V01-37;VOL-01;applicato-verificato-testo;verificato-nella-copertura-dichiarata;False;"wiki/books/il-metodo-bando/chapters/casi-pratici-problem-solving-amministrativo.md; wiki/sources/vol-01-candidatura-casi-correzioni-2026-10-03.md";Quattro dossier autonomi risolti: integrazione, accesso, ritardo e acquisto urgente.;wiki/reviews/correzioni-collana-2026-10-02/VOL-01.md
V01-43;VOL-01;applicato-verificato-testo;verificato-nella-copertura-dichiarata;False;"wiki/books/il-metodo-bando/chapters/anatomia-del-bando.md; wiki/books/il-metodo-bando/chapters/checklist-operative.md; wiki/books/il-metodo-bando/chapters/appendice-c-template-bando-decoder.md; wiki/sources/vol-01-candidatura-casi-correzioni-2026-10-03.md";Campi misure DSA/disabilità, gravidanza/allattamento, riserve e preferenze, con ambito DPR487.;wiki/reviews/correzioni-collana-2026-10-02/VOL-01.md
V01-45;VOL-01;applicato-verificato-testo;verificato-nella-copertura-dichiarata;False;"wiki/books/il-metodo-bando/chapters/appendice-a-glossario-essenziale-pa.md; wiki/sources/vol-01-digitale-esempi-correzioni-2026-10-03.md";"RPD informa/consiglia/sorveglia; finalità e mezzi al titolare, senza conflitti.";wiki/reviews/correzioni-collana-2026-10-02/VOL-01.md
P01-02;VOL-01;applicato-verificato-pdf;verificato-nella-copertura-dichiarata;False;;"Una didascalia per le 19 immagini; i 133 schemi nativi hanno il proprio titolo prima del contenuto.";wiki/reviews/correzioni-collana-2026-10-02/PDF-VOL-01.md
P01-10;VOL-01;applicato-verificato-pdf;verificato-nella-copertura-dichiarata;False;"wiki/books/il-metodo-bando/assets/chapter-14/04-banca-dati-quattro-passaggi-corretto.png; wiki/books/il-metodo-bando/assets/chapter-15/04-schema-risposta-concorsuale-corretto.png; wiki/books/il-metodo-bando/assets/chapter-16/03-struttura-universale-risposta-orale-corretto.png; wiki/books/il-metodo-bando/assets/chapter-17/04-schema-risposta-caso-pratico-corretto.png; wiki/books/il-metodo-bando/assets/chapter-18/03-anatomia-quesito-situazionale-corretto.png; wiki/books/il-metodo-bando/assets/chapter-19/07-sequenza-famiglia-piano-corretto.png; wiki/books/il-metodo-bando/assets/chapter-24/02-tre-regole-checklist-corretto.png; wiki/books/il-metodo-bando/chapters/la-prova-a-quiz.md; wiki/books/il-metodo-bando/chapters/prova-scritta-teorico-pratica.md; wiki/books/il-metodo-bando/chapters/la-prova-orale.md; wiki/books/il-metodo-bando/chapters/casi-pratici-problem-solving-amministrativo.md; wiki/books/il-metodo-bando/chapters/quesiti-situazionali-soft-skills.md; wiki/books/il-metodo-bando/chapters/famiglie-concorsi-pubblici.md; wiki/books/il-metodo-bando/chapters/checklist-operative.md";"Apparati ridisegnati o convertiti in schemi nativi; verifica delle pagine nel registro visuale.";wiki/reviews/correzioni-collana-2026-10-02/PDF-VOL-01.md
P01-11;VOL-01;applicato-verificato-pdf;verificato-nella-copertura-dichiarata;False;"wiki/books/il-metodo-bando/assets/chapter-10/03-file-office-dati-corretto.png; wiki/books/il-metodo-bando/chapters/informatica-pa-digitale-competenze-digitali.md";"Nome ed estensione riferiti al file, distinto dalla cartella; relazioni esplicitate.";wiki/reviews/correzioni-collana-2026-10-02/PDF-VOL-01.md
V01-02;VOL-01;applicato-verificato-testo;verificato-nella-copertura-dichiarata;False;"wiki/books/il-metodo-bando/chapters/costituzione-e-ordinamento-dello-stato.md; wiki/sources/vol-01-costituzione-correzioni-2026-10-02.md; wiki/topics/diritto-costituzionale.md";Sport collocato nell’art.33, fuori dai principi fondamentali.;wiki/reviews/correzioni-collana-2026-10-02/VOL-01.md
V01-04;VOL-01;applicato-verificato-testo;verificato-nella-copertura-dichiarata;False;"wiki/books/il-metodo-bando/chapters/costituzione-e-ordinamento-dello-stato.md; wiki/sources/vol-01-costituzione-correzioni-2026-10-02.md; wiki/topics/diritto-costituzionale.md";"Riserva di legge riferita ai trattamenti obbligatori; consenso distinto.";wiki/reviews/correzioni-collana-2026-10-02/VOL-01.md
V01-06;VOL-01;applicato-verificato-testo;verificato-nella-copertura-dichiarata;False;"wiki/books/il-metodo-bando/chapters/costituzione-e-ordinamento-dello-stato.md; wiki/sources/vol-01-costituzione-correzioni-2026-10-02.md; wiki/topics/diritto-costituzionale.md";Art.90 circoscritto agli atti funzionali.;wiki/reviews/correzioni-collana-2026-10-02/VOL-01.md
V01-08;VOL-01;applicato-verificato-testo;verificato-nella-copertura-dichiarata;False;"wiki/books/il-metodo-bando/chapters/costituzione-e-ordinamento-dello-stato.md; wiki/sources/vol-01-costituzione-correzioni-2026-10-02.md; wiki/topics/diritto-costituzionale.md";"Distinti ente, organo e fonte; rinvii nominativi ai due capitoli specialistici locali.";wiki/reviews/correzioni-collana-2026-10-02/VOL-01.md
V01-09;VOL-01;applicato-verificato-testo;verificato-nella-copertura-dichiarata;False;"wiki/books/il-metodo-bando/chapters/costituzione-e-ordinamento-dello-stato.md; wiki/sources/vol-01-costituzione-correzioni-2026-10-02.md; wiki/topics/diritto-costituzionale.md";Completate sette istituzioni UE e decisioni con o senza destinatari designati.;wiki/reviews/correzioni-collana-2026-10-02/VOL-01.md
V01-12;VOL-01;applicato-verificato-testo;verificato-nella-copertura-dichiarata;False;"wiki/books/il-metodo-bando/chapters/diritto-amministrativo-per-candidati.md; wiki/sources/vol-01-procedimento-correzioni-2026-10-03.md";Concessione definita attraverso trasferimento del rischio operativo.;wiki/reviews/correzioni-collana-2026-10-02/VOL-01.md
V01-15;VOL-01;applicato-verificato-testo;verificato-nella-copertura-dichiarata;False;"wiki/books/il-metodo-bando/chapters/pubblico-impiego-e-organizzazione-pa.md; wiki/sources/vol-01-impiego-contabilita-contratti-correzioni-2026-10-03.md";"Art.3 D165, disciplina 10/30/20/120 giorni e PIAO; precisato il confine dei 50 dipendenti.";wiki/reviews/correzioni-collana-2026-10-02/VOL-01.md
V01-17;VOL-01;applicato-verificato-testo;verificato-nella-copertura-dichiarata;False;"wiki/books/il-metodo-bando/chapters/trasparenza-anticorruzione-privacy.md; wiki/sources/vol-01-accesso-privacy-correzioni-2026-10-03.md";"Canale interno obbligatorio nel campo pubblico; termini e condizioni ANAC/divulgazione distinti.";wiki/reviews/correzioni-collana-2026-10-02/VOL-01.md
V01-21;VOL-01;applicato-verificato-testo;verificato-nella-copertura-dichiarata;False;"wiki/books/il-metodo-bando/chapters/contabilita-pubblica-essenziale.md; wiki/sources/vol-01-impiego-contabilita-contratti-correzioni-2026-10-03.md";"Rinvio al capitolo9 corretto; CIG e CUP non alternativi.";wiki/reviews/correzioni-collana-2026-10-02/VOL-01.md
V01-24;VOL-01;applicato-verificato-testo;verificato-nella-copertura-dichiarata;False;"wiki/books/il-metodo-bando/chapters/contratti-pubblici-essenziali.md; wiki/sources/vol-01-impiego-contabilita-contratti-correzioni-2026-10-03.md";"RUP al primo atto; caso informatico80.000 e variante150.000 risolti.";wiki/reviews/correzioni-collana-2026-10-02/VOL-01.md
V01-25;VOL-01;applicato-verificato-testo;verificato-nella-copertura-dichiarata;False;"wiki/books/il-metodo-bando/chapters/informatica-pa-digitale-competenze-digitali.md; wiki/sources/vol-01-digitale-esempi-correzioni-2026-10-03.md";Percorso e URL validi, dichiarati esempi sintattici.;wiki/reviews/correzioni-collana-2026-10-02/VOL-01.md
V01-29;VOL-01;applicato-verificato-testo;verificato-nella-copertura-dichiarata;False;"wiki/books/il-metodo-bando/chapters/informatica-pa-digitale-competenze-digitali.md; wiki/sources/vol-01-digitale-esempi-correzioni-2026-10-03.md";"JOIN/ORDER BY/chiave esterna eseguiti su database; formule e stampa unione riproducibili.";wiki/reviews/correzioni-collana-2026-10-02/VOL-01.md
V01-32;VOL-01;applicato-verificato-testo;verificato-nella-copertura-dichiarata;False;"wiki/books/il-metodo-bando/chapters/inglese-concorsuale-essenziale.md; wiki/sources/vol-01-esempi-logica-inglese-metodo-2026-10-02.md";"Promessa linguistica delimitata; aggiunti passato, interrogative/negative e confronti.";wiki/reviews/correzioni-collana-2026-10-02/VOL-01.md
V01-33;VOL-01;applicato-verificato-testo;verificato-nella-copertura-dichiarata;False;"wiki/books/il-metodo-bando/chapters/logica-comprensione-ragionamento.md; wiki/sources/vol-01-esempi-logica-inglese-metodo-2026-10-02.md";"Necessità compatibile con sufficienza; disgiunzione inclusiva/esclusiva esplicita.";wiki/reviews/correzioni-collana-2026-10-02/VOL-01.md
V01-35;VOL-01;applicato-verificato-testo;verificato-nella-copertura-dichiarata;False;"wiki/books/il-metodo-bando/chapters/la-prova-a-quiz.md; wiki/sources/vol-01-esempi-logica-inglese-metodo-2026-10-02.md";Valore atteso con premi, penalità, omissioni, due quiz e limite rispetto all’obiettivo di soglia.;wiki/reviews/correzioni-collana-2026-10-02/VOL-01.md
V01-36;VOL-01;applicato-verificato-testo;verificato-nella-copertura-dichiarata;False;"wiki/books/il-metodo-bando/chapters/prova-scritta-teorico-pratica.md; wiki/sources/vol-01-procedimento-correzioni-2026-10-03.md";Richiesta istruttoria completa con termine derivato dal dossier e acquisizione d’ufficio.;wiki/reviews/correzioni-collana-2026-10-02/VOL-01.md
V01-38;VOL-01;applicato-verificato-testo;verificato-nella-copertura-dichiarata;False;"wiki/books/il-metodo-bando/chapters/quesiti-situazionali-soft-skills.md; wiki/sources/vol-01-candidatura-casi-correzioni-2026-10-03.md";Otto situazionali con alternative plausibili, commenti e chiavi A/C/B/D/A/C/B/D.;wiki/reviews/correzioni-collana-2026-10-02/VOL-01.md
V01-39;VOL-01;applicato-verificato-testo;verificato-nella-copertura-dichiarata;False;"wiki/books/il-metodo-bando/chapters/appendice-f-matrice-materie-profili.md; wiki/books/il-metodo-bando/chapters/mappe-profilo-cosa-resta-comune-cosa-cambia.md; wiki/sources/vol-01-esempi-logica-inglese-metodo-2026-10-02.md";13 mappe dichiarate selezione delle15 famiglie, raccordi e limiti qualitativi espliciti.;wiki/reviews/correzioni-collana-2026-10-02/VOL-01.md
V01-40;VOL-01;applicato-verificato-testo;verificato-nella-copertura-dichiarata;False;"wiki/books/il-metodo-bando/chapters/conclusione.md; wiki/books/il-metodo-bando/chapters/scegliere-moduli-integrativi.md; wiki/sources/vol-01-esempi-logica-inglese-metodo-2026-10-02.md";Eliminati riuso80% non documentato e lessico commerciale interno.;wiki/reviews/correzioni-collana-2026-10-02/VOL-01.md
V01-41;VOL-01;applicato-verificato-testo;verificato-nella-copertura-dichiarata;False;"wiki/books/il-metodo-bando/chapters/sistema-adattabile.md; wiki/books/il-metodo-bando/chapters/appendice-d-piano-studio-personale.md; wiki/sources/vol-01-esempi-logica-inglese-metodo-2026-10-02.md";Piani15/30/60/90 con1/2/4/6giorni residui e griglia coerente.;wiki/reviews/correzioni-collana-2026-10-02/VOL-01.md
V01-42;VOL-01;applicato-verificato-testo;verificato-nella-copertura-dichiarata;False;"wiki/books/il-metodo-bando/chapters/diario-degli-errori.md; wiki/sources/vol-01-esempi-logica-inglese-metodo-2026-10-02.md";"Marta36corrette/12errate/2omesse:33punti,72%quesiti e75%risposte; lacuna/recupero e N/A distinti.";wiki/reviews/correzioni-collana-2026-10-02/VOL-01.md
V01-44;VOL-01;applicato-verificato-testo;verificato-nella-copertura-dichiarata;False;"wiki/books/il-metodo-bando/chapters/conclusione.md; wiki/sources/vol-01-esempi-logica-inglese-metodo-2026-10-02.md";"Eliminate garanzia del Decoder e colpevolizzazione; fattori di esito espliciti.";wiki/reviews/correzioni-collana-2026-10-02/VOL-01.md
V01-46;VOL-01;applicato-verificato-testo;verificato-nella-copertura-dichiarata;False;"wiki/books/il-metodo-bando/chapters/appendice-a-glossario-essenziale-pa.md; wiki/sources/vol-01-impiego-contabilita-contratti-correzioni-2026-10-03.md";Area/famiglia, soggetti del Codice e aggiudicazione/stipula distinti.;wiki/reviews/correzioni-collana-2026-10-02/VOL-01.md
V01-49;VOL-01;applicato-verificato-testo;verificato-nella-copertura-dichiarata;False;"wiki/books/il-metodo-bando/chapters/trasparenza-anticorruzione-privacy.md; wiki/sources/vol-01-accesso-privacy-correzioni-2026-10-03.md; wiki/books/il-metodo-bando/chapters/contabilita-pubblica-essenziale.md; wiki/sources/vol-01-impiego-contabilita-contratti-correzioni-2026-10-03.md; wiki/books/il-metodo-bando/chapters/introduzione.md; wiki/books/il-metodo-bando/chapters/il-metodo-bando.md; wiki/books/il-metodo-bando/chapters/informatica-pa-digitale-competenze-digitali.md; wiki/books/il-metodo-bando/chapters/metodo-di-studio-per-concorsi.md; wiki/books/il-metodo-bando/chapters/la-prova-a-quiz.md; wiki/books/il-metodo-bando/chapters/prova-scritta-teorico-pratica.md; wiki/books/il-metodo-bando/chapters/la-prova-orale.md; wiki/books/il-metodo-bando/chapters/casi-pratici-problem-solving-amministrativo.md; wiki/books/il-metodo-bando/chapters/quesiti-situazionali-soft-skills.md; wiki/books/il-metodo-bando/chapters/famiglie-concorsi-pubblici.md; wiki/books/il-metodo-bando/chapters/mappe-profilo-cosa-resta-comune-cosa-cambia.md; wiki/books/il-metodo-bando/chapters/sistema-adattabile.md; wiki/books/il-metodo-bando/chapters/diario-degli-errori.md; wiki/books/il-metodo-bando/chapters/checklist-operative.md; wiki/books/il-metodo-bando/chapters/appendice-a-glossario-essenziale-pa.md; wiki/books/il-metodo-bando/chapters/appendice-b-100-parole-chiave-concorsi.md; wiki/books/il-metodo-bando/chapters/appendice-c-template-bando-decoder.md; wiki/books/il-metodo-bando/chapters/appendice-d-piano-studio-personale.md; wiki/sources/vol-01-esempi-logica-inglese-metodo-2026-10-02.md";"Rimossi riferimenti staff dal corpo; corretta anche una dipendenza storica mal localizzata.";wiki/reviews/correzioni-collana-2026-10-02/VOL-01.md
V01-50;VOL-01;parzialmente-applicato;verificato-nella-copertura-dichiarata;False;wiki/books/il-metodo-bando/front-matter/05-premessa.md;"Premessa coerente con pagina digitale; condizioni e collaudo effettivo ancora da completare.";wiki/reviews/correzioni-collana-2026-10-02/VOL-01.md
V01-51;VOL-01;parzialmente-applicato;verificato-nella-copertura-dichiarata;False;wiki/books/il-metodo-bando/front-matter/03-copyright-colophon.md;"Edizione2026 e data3ottobre aggiunte; recapito errata e identificativi effettivi ancora aperti.";wiki/reviews/correzioni-collana-2026-10-02/VOL-01.md
V01-31;VOL-01;applicato-verificato-testo;verificato-nella-copertura-dichiarata;False;"wiki/books/il-metodo-bando/chapters/inglese-concorsuale-essenziale.md; wiki/sources/vol-01-esempi-logica-inglese-metodo-2026-10-02.md";Its determinante e uso con own distinti dal possessivo autonomo ordinario.;wiki/reviews/correzioni-collana-2026-10-02/VOL-01.md
V01-34;VOL-01;applicato-verificato-testo;verificato-nella-copertura-dichiarata;False;"wiki/books/il-metodo-bando/chapters/metodo-di-studio-per-concorsi.md; wiki/sources/vol-01-esempi-logica-inglese-metodo-2026-10-02.md";"Distribuzione10/40/30/20%=100%, su60ore; adattamento a totale invariato.";wiki/reviews/correzioni-collana-2026-10-02/VOL-01.md
V01-47;VOL-01;applicato-verificato-testo;verificato-nella-copertura-dichiarata;False;"wiki/books/il-metodo-bando/chapters/appendice-a-glossario-essenziale-pa.md; wiki/books/il-metodo-bando/chapters/appendice-b-100-parole-chiave-concorsi.md; wiki/sources/vol-01-digitale-esempi-correzioni-2026-10-03.md; wiki/sources/vol-01-impiego-contabilita-contratti-correzioni-2026-10-03.md";Persona fisica nella definizione dati, performance distinta dalla misurazione, facilita corretto.;wiki/reviews/correzioni-collana-2026-10-02/VOL-01.md
V01-48;VOL-01;applicato-verificato-testo;verificato-nella-copertura-dichiarata;False;"wiki/books/il-metodo-bando/chapters/appendice-f-matrice-materie-profili.md; wiki/sources/vol-01-esempi-logica-inglese-metodo-2026-10-02.md";Ripristinato il nome Sara.;wiki/reviews/correzioni-collana-2026-10-02/VOL-01.md
P02-01;VOL-02;applicato-verificato-pdf;verificato-nella-copertura-dichiarata;False;;"Riallineati59 blocchi/celle; mantenuti riferimenti al Metodo BANDO e numeri/importi dei capitoli di bilancio.";wiki/reviews/correzioni-collana-2026-10-02/PDF-VOL-02.md
P02-07;VOL-02;applicato-verificato-pdf;verificato-nella-copertura-dichiarata;False;;"Sequenza nativa con numeri, ruoli e verifiche; intestazione ripetuta nel seguito.";wiki/reviews/correzioni-collana-2026-10-02/PDF-VOL-02.md
P02-10;VOL-02;applicato-verificato-pdf;verificato-nella-copertura-dichiarata;False;;Due tomi per percorsi completi, con propri indici e chiusure.;wiki/reviews/correzioni-collana-2026-10-02/PDF-VOL-02.md
V02-04;VOL-02;applicato-verificato-testo;verificato-nella-copertura-dichiarata;False;"wiki/books/moduli/m-fl01-comuni-unioni/chapters/02-statuto-regolamenti-autonomia-normativa-locale.md; wiki/books/moduli/m-fl01-comuni-unioni/chapters/04-deliberazioni-determinazioni-decreti-ordinanze-pareri.md";Eccezione Giunta per regolamento uffici e servizi coordinata fra teoria, tabelle e risposte.;"C:/Users/info/OneDrive/Desktop/concorso-book-os/artifacts/correzioni-collana-2026-10-02/VOL-02-changes.json; wiki/reviews/correzioni-collana-2026-10-02/VOL-02.md"
V02-05;VOL-02;applicato-verificato-testo;verificato-nella-copertura-dichiarata;False;wiki/books/moduli/m-fl01-comuni-unioni/chapters/02-statuto-regolamenti-autonomia-normativa-locale.md;"Procedura statutaria con quorum, due votazioni, pubblicazione, esempio13componenti e verifica; caso tardività/soccorso risolto.";"C:/Users/info/OneDrive/Desktop/concorso-book-os/artifacts/correzioni-collana-2026-10-02/VOL-02-changes.json; wiki/reviews/correzioni-collana-2026-10-02/VOL-02.md"
V02-06;VOL-02;applicato-verificato-testo;verificato-nella-copertura-dichiarata;False;wiki/books/moduli/m-fl01-comuni-unioni/chapters/04-deliberazioni-determinazioni-decreti-ordinanze-pareri.md;"Presupposti pareri49, visto183c7, pubblicazione124/esecutività134; caso riflessi indiretti.";"C:/Users/info/OneDrive/Desktop/concorso-book-os/artifacts/correzioni-collana-2026-10-02/VOL-02-changes.json; wiki/reviews/correzioni-collana-2026-10-02/VOL-02.md"
V02-09;VOL-02;applicato-verificato-testo;verificato-nella-copertura-dichiarata;False;wiki/books/moduli/m-fl01-comuni-unioni/chapters/07-servizi-demografici-elettorali.md;Decertificazione come regola obbligatoria, coordinata in teoria, risposta e soluzione stato famiglia.;"C:/Users/info/OneDrive/Desktop/concorso-book-os/artifacts/correzioni-collana-2026-10-02/VOL-02-changes.json; wiki/reviews/correzioni-collana-2026-10-02/VOL-02.md"
V02-10;VOL-02;applicato-verificato-testo;verificato-nella-copertura-dichiarata;False;wiki/books/moduli/m-fl01-comuni-unioni/chapters/07-servizi-demografici-elettorali.md;"Dimora abituale,2giorni/45giorni/decorrenza; AIRE90giorni, revisioni elettorali, estratti e copie con casi.";"C:/Users/info/OneDrive/Desktop/concorso-book-os/artifacts/correzioni-collana-2026-10-02/VOL-02-changes.json; wiki/reviews/correzioni-collana-2026-10-02/VOL-02.md"
V02-11;VOL-02;applicato-verificato-testo;verificato-nella-copertura-dichiarata;False;wiki/books/moduli/m-fl01-comuni-unioni/chapters/08-welfare-locale-servizi-sociali-isee-minori-servizi-educativi.md;"Separate decadenza/revoca/annullamento e rapporti appalto/accreditamento/CTS55/56; due casi risolti.";"C:/Users/info/OneDrive/Desktop/concorso-book-os/artifacts/correzioni-collana-2026-10-02/VOL-02-changes.json; wiki/reviews/correzioni-collana-2026-10-02/VOL-02.md"
V02-13;VOL-02;applicato-verificato-testo;verificato-nella-copertura-dichiarata;False;"wiki/books/moduli/m-fl01-comuni-unioni/chapters/09-programmazione-integrata-comunale-dup-bilancio-peg-piao-performance.md; wiki/books/moduli/m-fl01-comuni-unioni/chapters/10-gestione-finanziaria-rendiconto-tesoreria-controlli.md";Calendario, FPV/FCDE numerici, formula risultato/scomposizione, variazioni e ratifica, revisori, esercizio provvisorio, debiti e crisi.;"C:/Users/info/OneDrive/Desktop/concorso-book-os/artifacts/correzioni-collana-2026-10-02/VOL-02-changes.json; wiki/reviews/correzioni-collana-2026-10-02/VOL-02.md"
V02-14;VOL-02;applicato-verificato-testo;verificato-nella-copertura-dichiarata;False;wiki/books/moduli/m-fl01-comuni-unioni/chapters/11-entrate-tributi-locali-patrimonio-economato-riscossione.md;"Schede IMU/TARI su presupposti, soggetti, base, esclusioni/riduzioni; caso datato e distinzione decadenza/prescrizione.";"C:/Users/info/OneDrive/Desktop/concorso-book-os/artifacts/correzioni-collana-2026-10-02/VOL-02-changes.json; wiki/reviews/correzioni-collana-2026-10-02/VOL-02.md"
V02-16;VOL-02;applicato-verificato-testo;verificato-nella-copertura-dichiarata;False;wiki/books/moduli/m-fl01-comuni-unioni/chapters/13-territorio-patrimonio-edilizia-lavori-interfaccia-amministrativa.md;"Riscritti i sei commenti incongruenti; Q3 coordinata con silenzio-assenso.";"C:/Users/info/OneDrive/Desktop/concorso-book-os/artifacts/correzioni-collana-2026-10-02/VOL-02-changes.json; wiki/reviews/correzioni-collana-2026-10-02/VOL-02.md"
V02-17;VOL-02;applicato-verificato-testo;verificato-nella-copertura-dichiarata;False;"wiki/books/moduli/m-fl01-comuni-unioni/chapters/13-territorio-patrimonio-edilizia-lavori-interfaccia-amministrativa.md; wiki/books/moduli/m-fl04-polizia-locale/chapters/11-vigilanza-edilizia-procedimenti-repressivi.md";"Titolo espresso/silenzio-assenso, SCIA22 e alternativa23 distinti; integrazione L182/2025 sui vincoli. Permesso espresso/tacito; SCIA ordinaria e alternativa trenta giorni; assensi vincolistici e rinvio preciso a VOL10.";"C:/Users/info/OneDrive/Desktop/concorso-book-os/artifacts/correzioni-collana-2026-10-02/VOL-02-changes.json; wiki/reviews/correzioni-collana-2026-10-02/VOL-02.md"
V02-20;VOL-02;applicato-verificato-testo;verificato-nella-copertura-dichiarata;False;"wiki/books/moduli/m-fl01-comuni-unioni/chapters/14-laboratorio-teorico-pratico-profili-comunali.md; wiki/books/moduli/m-fl02-regioni-province-citta-metropolitane/chapters/12-laboratorio-profili-regionali-area-vasta.md; wiki/books/moduli/m-fl04-polizia-locale/chapters/15-laboratorio-atti-verbali-polizia-locale.md; wiki/books/vol-02-enti-locali-polizia-locale/chapters/50-simulazione-finale-vol-02.md";"La riga conserva uno stato intermedio; il riepilogo finale del medesimo rapporto attesta 58/58 riesaminati e simulazioni verificate dopo i gate dei quattro moduli.";"C:/Users/info/OneDrive/Desktop/concorso-book-os/artifacts/correzioni-collana-2026-10-02/VOL-02-changes.json; artifacts/correzioni-collana-2026-10-02/VOL-02-text-handoff.json; wiki/reviews/correzioni-collana-2026-10-02/PDF-VOL-02.md; wiki/reviews/correzioni-collana-2026-10-02/VOL-02.md"
V02-21;VOL-02;applicato-verificato-testo;verificato-nella-copertura-dichiarata;False;wiki/books/moduli/m-fl02-regioni-province-citta-metropolitane/chapters/02-statuti-organi-organizzazione-regionale.md;"Procedimento statutario123 con quorum, intervallo, ricorso e referendum; elezione122 e crisi126; casi31componenti e sfiducia, due nuovi quiz commentati.";"C:/Users/info/OneDrive/Desktop/concorso-book-os/artifacts/correzioni-collana-2026-10-02/VOL-02-changes.json; wiki/reviews/correzioni-collana-2026-10-02/VOL-02.md"
V02-22;VOL-02;applicato-verificato-testo;verificato-nella-copertura-dichiarata;False;wiki/books/moduli/m-fl02-regioni-province-citta-metropolitane/chapters/03-funzioni-regionali-rapporti-stato-enti-locali.md;"Esemplificato art117; presupposti/soggetto120 e procedimento8L131; completata Stato-città e composizione delle tre conferenze, distinta da conferenza di servizi.";"C:/Users/info/OneDrive/Desktop/concorso-book-os/artifacts/correzioni-collana-2026-10-02/VOL-02-changes.json; wiki/reviews/correzioni-collana-2026-10-02/VOL-02.md"
V02-24;VOL-02;applicato-verificato-testo;verificato-nella-copertura-dichiarata;False;wiki/books/moduli/m-fl02-regioni-province-citta-metropolitane/chapters/05-programmazione-bilancio-controlli-regionali.md;"Calendario regionale con DEFR, bilancio, doppia fase rendiconto, assestamento e consolidato31ottobre; liquidazione distinta da ordinazione/pagamento; caso numerico saldo.";"C:/Users/info/OneDrive/Desktop/concorso-book-os/artifacts/correzioni-collana-2026-10-02/VOL-02-changes.json; wiki/reviews/correzioni-collana-2026-10-02/VOL-02.md"
V02-25;VOL-02;applicato-verificato-testo;verificato-nella-copertura-dichiarata;False;wiki/books/moduli/m-fl02-regioni-province-citta-metropolitane/chapters/06-tecnica-legislativa-air-vir-drafting.md;Ripristinati A=Aree,D=Diario,O=Output e raccordo metodologico Diario/Output.;"C:/Users/info/OneDrive/Desktop/concorso-book-os/artifacts/correzioni-collana-2026-10-02/VOL-02-changes.json; wiki/reviews/correzioni-collana-2026-10-02/VOL-02.md"
V02-26;VOL-02;applicato-verificato-testo;verificato-nella-copertura-dichiarata;False;wiki/books/moduli/m-fl02-regioni-province-citta-metropolitane/chapters/06-tecnica-legislativa-air-vir-drafting.md;"Clausola finanziaria con ipotesi esplicite, importi peranno e mezzo di copertura; termine90giorni con decorrenza; transitorio comprende data iniziale.";"C:/Users/info/OneDrive/Desktop/concorso-book-os/artifacts/correzioni-collana-2026-10-02/VOL-02-changes.json; wiki/reviews/correzioni-collana-2026-10-02/VOL-02.md"
V02-27;VOL-02;applicato-verificato-testo;verificato-nella-copertura-dichiarata;False;wiki/books/moduli/m-fl02-regioni-province-citta-metropolitane/chapters/07-politiche-coesione-fondi-ue.md;"Esplicitati regolamenti 1060/1058/1057/1056/1059, AdG/AdA e funzione contabile; costi reali/unitari/somme/tassi, limiti e tre esempi con quiz; test aiuti107TFUE.";"C:/Users/info/OneDrive/Desktop/concorso-book-os/artifacts/correzioni-collana-2026-10-02/VOL-02-changes.json; wiki/reviews/correzioni-collana-2026-10-02/VOL-02.md"
V02-28;VOL-02;applicato-verificato-testo;verificato-nella-copertura-dichiarata;False;wiki/books/moduli/m-fl02-regioni-province-citta-metropolitane/chapters/08-pnrr-territoriale-regis-dnsh-controlli.md;"Titolarità centrale della misura distinta da attuazione/coordinamento regionale in tabella e risposta modello; chiarita titolarità del progetto.";"C:/Users/info/OneDrive/Desktop/concorso-book-os/artifacts/correzioni-collana-2026-10-02/VOL-02-changes.json; wiki/reviews/correzioni-collana-2026-10-02/VOL-02.md"
V02-30;VOL-02;applicato-verificato-testo;verificato-nella-copertura-dichiarata;False;wiki/books/moduli/m-fl02-regioni-province-citta-metropolitane/chapters/09-province-citta-metropolitane-legge-56-2014.md;"Organi provinciali e metropolitani: elettorato, durate, composizione, assemblea/conferenza, statuto e bilancio, caso numerico e quiz; deroga18mesi2025–2027.";"C:/Users/info/OneDrive/Desktop/concorso-book-os/artifacts/correzioni-collana-2026-10-02/VOL-02-changes.json; wiki/reviews/correzioni-collana-2026-10-02/VOL-02.md"
V02-31;VOL-02;applicato-verificato-testo;verificato-nella-copertura-dichiarata;False;"wiki/books/moduli/m-fl02-regioni-province-citta-metropolitane/chapters/10-viabilita-edilizia-scolastica-territorio-espropri.md; wiki/books/moduli/m-fl02-regioni-province-citta-metropolitane/chapters/12-laboratorio-profili-regionali-area-vasta.md";Anticipata nomina RUP al primo atto di avvio in tabelle, casi, sequenze, esercizi e soluzioni.;"C:/Users/info/OneDrive/Desktop/concorso-book-os/artifacts/correzioni-collana-2026-10-02/VOL-02-changes.json; wiki/reviews/correzioni-collana-2026-10-02/VOL-02.md"
V02-32;VOL-02;applicato-verificato-testo;verificato-nella-copertura-dichiarata;False;wiki/books/moduli/m-fl02-regioni-province-citta-metropolitane/chapters/10-viabilita-edilizia-scolastica-territorio-espropri.md;"Riparto edilizia scolastica L23/1996; espropri con vincolo, PU, indennità, decreto condizionato a notifica/esecuzione e tre termini distinti.";"C:/Users/info/OneDrive/Desktop/concorso-book-os/artifacts/correzioni-collana-2026-10-02/VOL-02-changes.json; wiki/reviews/correzioni-collana-2026-10-02/VOL-02.md"
V02-33;VOL-02;applicato-verificato-testo;verificato-nella-copertura-dichiarata;False;wiki/books/moduli/m-fl02-regioni-province-citta-metropolitane/chapters/11-contratti-servizi-pubblici-locali-societa-partecipate.md;"Concessione e rischio operativo; in house con tre requisiti e caso80%; ambitoSPL; ricognizioni annuali e piano correttivo vigente, quiz.";"C:/Users/info/OneDrive/Desktop/concorso-book-os/artifacts/correzioni-collana-2026-10-02/VOL-02-changes.json; wiki/reviews/correzioni-collana-2026-10-02/VOL-02.md"
V02-35;VOL-02;applicato-verificato-testo;verificato-nella-copertura-dichiarata;False;wiki/books/moduli/m-fl03-camere-commercio/chapters/02-registro-imprese-rea-pubblicita-legale.md;Sezioni e soggetti, pubblicità dichiarativa/costitutiva/notizia, eccezione agricola, conservatore e rimedi 8/15 giorni, ComUnica e decertificazione PA.;"C:/Users/info/OneDrive/Desktop/concorso-book-os/artifacts/correzioni-collana-2026-10-02/VOL-02-changes.json; wiki/reviews/correzioni-collana-2026-10-02/VOL-02.md"
V02-36;VOL-02;applicato-verificato-testo;verificato-nella-copertura-dichiarata;False;wiki/books/moduli/m-fl03-camere-commercio/chapters/03-servizi-imprese-regolazione-mercato-tutela.md;"Mediazione e arbitrato distinti per esito; protesti: pagamento, cancellazione, riabilitazione e ricorso; metrologia: soggetti, termini ed eccezione camerale 2026; rimosso rinvio a step interno.";"C:/Users/info/OneDrive/Desktop/concorso-book-os/artifacts/correzioni-collana-2026-10-02/VOL-02-changes.json; wiki/reviews/correzioni-collana-2026-10-02/VOL-02.md"
V02-37;VOL-02;applicato-verificato-testo;verificato-nella-copertura-dichiarata;False;wiki/books/moduli/m-fl03-camere-commercio/chapters/04-organizzazione-personale-procedimenti-trasparenza-camerale.md;"Quattro organi con formazione, funzioni e durata; distinto segretario generale; CCNL 23 febbraio 2026, quattro aree, incarichi EQ e progressioni.";"C:/Users/info/OneDrive/Desktop/concorso-book-os/artifacts/correzioni-collana-2026-10-02/VOL-02-changes.json; wiki/reviews/correzioni-collana-2026-10-02/VOL-02.md"
V02-39;VOL-02;applicato-verificato-testo;verificato-nella-copertura-dichiarata;False;wiki/books/moduli/m-fl04-polizia-locale/chapters/03-qualifiche-poteri-dipendenze-organizzazione-servizio.md;"Condizione di servizio e territorio ex art. 57; requisiti PS, perdita della qualità, dipendenza operativa e missioni esterne tipizzate.";"C:/Users/info/OneDrive/Desktop/concorso-book-os/artifacts/correzioni-collana-2026-10-02/VOL-02-changes.json; wiki/reviews/correzioni-collana-2026-10-02/VOL-02.md"
V02-40;VOL-02;applicato-verificato-testo;verificato-nella-copertura-dichiarata;False;wiki/books/moduli/m-fl04-polizia-locale/chapters/04-servizi-polizia-stradale.md;Regole stradali, segnaletica, documenti/revisione/assicurazione, fasce alcol e art.187 interpretato da Corte10/2026, riforma2024 e sospensione breve.;"C:/Users/info/OneDrive/Desktop/concorso-book-os/artifacts/correzioni-collana-2026-10-02/VOL-02-changes.json; wiki/reviews/correzioni-collana-2026-10-02/VOL-02.md"
V02-41;VOL-02;applicato-verificato-testo;verificato-nella-copertura-dichiarata;False;wiki/books/moduli/m-fl04-polizia-locale/chapters/05-accertamento-contestazione-notificazione-ricorsi-codice-strada.md;Termini 90/100/360, pagamento 60 e sconto entro5, rimedi prefetto60/GdP30–60, titolo esecutivo e casi.;"C:/Users/info/OneDrive/Desktop/concorso-book-os/artifacts/correzioni-collana-2026-10-02/VOL-02-changes.json; wiki/reviews/correzioni-collana-2026-10-02/VOL-02.md"
V02-42;VOL-02;applicato-verificato-testo;verificato-nella-copertura-dichiarata;False;wiki/books/moduli/m-fl04-polizia-locale/chapters/05-accertamento-contestazione-notificazione-ricorsi-codice-strada.md;"Notifica solidale anche dopo contestazione al conducente; distinti casi tipizzati e impedimento motivato.";"C:/Users/info/OneDrive/Desktop/concorso-book-os/artifacts/correzioni-collana-2026-10-02/VOL-02-changes.json; wiki/reviews/correzioni-collana-2026-10-02/VOL-02.md"
V02-43;VOL-02;applicato-verificato-testo;verificato-nella-copertura-dichiarata;False;wiki/books/moduli/m-fl04-polizia-locale/chapters/06-procedimento-sanzionatorio-amministrativo-applicato.md;Responsabilità personale/solidale, termini, formula, prescrizione, opposizione e ordinanza didattica con motivazione e rimedi.;"C:/Users/info/OneDrive/Desktop/concorso-book-os/artifacts/correzioni-collana-2026-10-02/VOL-02-changes.json; wiki/reviews/correzioni-collana-2026-10-02/VOL-02.md"
V02-44;VOL-02;applicato-verificato-testo;verificato-nella-copertura-dichiarata;False;wiki/books/moduli/m-fl04-polizia-locale/chapters/07-polizia-giudiziaria-atti-essenziali.md;"Presupposti, soggetti, difesa e termini artt.349/350/351/354/355; CNR ordinaria e urgente; annotazione completa con attività e fonti distinte.";"C:/Users/info/OneDrive/Desktop/concorso-book-os/artifacts/correzioni-collana-2026-10-02/VOL-02-changes.json; wiki/reviews/correzioni-collana-2026-10-02/VOL-02.md"
V02-45;VOL-02;applicato-verificato-testo;verificato-nella-copertura-dichiarata;False;wiki/books/moduli/m-fl04-polizia-locale/chapters/08-tulps-pubblica-sicurezza-immigrazione.md;TULPS8–11/68–69/80/100, autorità locale PS, spettacoli200/2000, soggiorno aggiornato90giorni e garanzie.;"C:/Users/info/OneDrive/Desktop/concorso-book-os/artifacts/correzioni-collana-2026-10-02/VOL-02-changes.json; wiki/reviews/correzioni-collana-2026-10-02/VOL-02.md"
V02-46;VOL-02;applicato-verificato-testo;verificato-nella-copertura-dichiarata;False;wiki/books/moduli/m-fl04-polizia-locale/chapters/09-sicurezza-urbana-ordinanze-coordinamento.md;MisureDL14 con presupposti, competenza,48ore/12–24mesi, zone2026, rimedi e distinzione ordinanze.;"C:/Users/info/OneDrive/Desktop/concorso-book-os/artifacts/correzioni-collana-2026-10-02/VOL-02-changes.json; wiki/reviews/correzioni-collana-2026-10-02/VOL-02.md"
V02-47;VOL-02;applicato-verificato-testo;verificato-nella-copertura-dichiarata;False;wiki/books/moduli/m-fl04-polizia-locale/chapters/10-commercio-pubblici-esercizi-suap.md;Categorie commerciali, requisiti morali/professionali, SCIA unica/condizionata e autorizzazione anche tacita.;"C:/Users/info/OneDrive/Desktop/concorso-book-os/artifacts/correzioni-collana-2026-10-02/VOL-02-changes.json; wiki/reviews/correzioni-collana-2026-10-02/VOL-02.md"
V02-48;VOL-02;applicato-verificato-testo;verificato-nella-copertura-dichiarata;False;wiki/books/moduli/m-fl04-polizia-locale/chapters/11-vigilanza-edilizia-procedimenti-repressivi.md;Titoli/silenzio, sospensione45, comunicazioni27, demolizione90/proroga240, acquisizione, sanatorie e ramo44.;"C:/Users/info/OneDrive/Desktop/concorso-book-os/artifacts/correzioni-collana-2026-10-02/VOL-02-changes.json; wiki/reviews/correzioni-collana-2026-10-02/VOL-02.md"
V02-49;VOL-02;applicato-verificato-testo;verificato-nella-copertura-dichiarata;False;wiki/books/moduli/m-fl04-polizia-locale/chapters/12-ambiente-rifiuti-rumore-tutela-locale.md;Mappa255/255bis/255ter, residui amministrativi, art192 responsabilità soggettiva proprietario e ordine ripristinatorio.;"C:/Users/info/OneDrive/Desktop/concorso-book-os/artifacts/correzioni-collana-2026-10-02/VOL-02-changes.json; wiki/reviews/correzioni-collana-2026-10-02/VOL-02.md"
V02-FM2;VOL-02;applicato-verificato-testo;verificato-nella-copertura-dichiarata;False;"wiki/books/vol-02-enti-locali-polizia-locale/front-matter/04-sommario.md; wiki/books/vol-02-enti-locali-polizia-locale/chapters/50-simulazione-finale-vol-02.md";Promessa allineata a20quiz e quattro percorsi con tutti gli output e soluzioni.;"C:/Users/info/OneDrive/Desktop/concorso-book-os/artifacts/correzioni-collana-2026-10-02/VOL-02-changes.json; wiki/reviews/correzioni-collana-2026-10-02/VOL-02.md"
P02-02;VOL-02;applicato-verificato-pdf;verificato-nella-copertura-dichiarata;False;;Separazione coerente delle dimensioni in tabelle leggibili, senza restringere il font.;wiki/reviews/correzioni-collana-2026-10-02/PDF-VOL-02.md
P02-04;VOL-02;applicato-verificato-pdf;verificato-nella-copertura-dichiarata;False;;"Riordinati i riferimenti senza eliminare fonti; cap32 chiude a659 anziché lasciare tre righe a660.";wiki/reviews/correzioni-collana-2026-10-02/PDF-VOL-02.md
P02-05;VOL-02;applicato-verificato-pdf;verificato-nella-copertura-dichiarata;False;;"Sostituiti da tabelle e sequenze native; originali conservati fuori dall'export.";wiki/reviews/correzioni-collana-2026-10-02/PDF-VOL-02.md
P02-06;VOL-02;applicato-verificato-pdf;verificato-nella-copertura-dichiarata;False;;"Rinvii a capitoli, soluzioni stampate e fonti istituzionali; pulizia dei preliminari di modulo.";wiki/reviews/correzioni-collana-2026-10-02/PDF-VOL-02.md
P02-09;VOL-02;applicato-verificato-pdf;verificato-nella-copertura-dichiarata;False;;"Relazioni nominate: appartenenza, rappresentanza/raccordo, consultazione e servizi; nessuna sovraordinazione generale inventata.";wiki/reviews/correzioni-collana-2026-10-02/PDF-VOL-02.md
V02-01;VOL-02;applicato-verificato-testo;verificato-nella-copertura-dichiarata;False;wiki/books/vol-02-enti-locali-polizia-locale/chapters/01-come-usare-vol-02-insieme-a-vol-01.md;"Percorso camerale descritto come cinque capitoli presenti, con destinatari; rimosso stato superato.";"C:/Users/info/OneDrive/Desktop/concorso-book-os/artifacts/correzioni-collana-2026-10-02/VOL-02-changes.json; wiki/reviews/correzioni-collana-2026-10-02/VOL-02.md"
V02-02;VOL-02;applicato-verificato-testo;verificato-nella-copertura-dichiarata;False;"wiki/books/vol-02-enti-locali-polizia-locale/chapters/03-piano-30-60-90-giorni-vol-02.md; wiki/books/vol-02-enti-locali-polizia-locale/chapters/50-simulazione-finale-vol-02.md";"Rinvii al lettore indirizzati a capitoli, norme e siti ufficiali; rimossi source note e apparati interni.";"C:/Users/info/OneDrive/Desktop/concorso-book-os/artifacts/correzioni-collana-2026-10-02/VOL-02-changes.json; wiki/reviews/correzioni-collana-2026-10-02/VOL-02.md"
V02-03;VOL-02;applicato-verificato-testo;verificato-nella-copertura-dichiarata;False;wiki/books/moduli/m-fl01-comuni-unioni/chapters/01-tuel-operativo-autonomia-organi-funzioni-comune.md;"Separate presidenza Giunta e Consiglio; art.54 per ufficiale del Governo.";"C:/Users/info/OneDrive/Desktop/concorso-book-os/artifacts/correzioni-collana-2026-10-02/VOL-02-changes.json; wiki/reviews/correzioni-collana-2026-10-02/VOL-02.md"
V02-07;VOL-02;applicato-verificato-testo;verificato-nella-copertura-dichiarata;False;"wiki/books/moduli/m-fl01-comuni-unioni/chapters/05-procedimento-locale-protocollo-albo-urp-accesso.md; wiki/books/moduli/m-fl01-comuni-unioni/chapters/08-welfare-locale-servizi-sociali-isee-minori-servizi-educativi.md";Divieto art26c4 specifico per salute/disagio e distinzione pubblicazione/comunicazione/accesso.;"C:/Users/info/OneDrive/Desktop/concorso-book-os/artifacts/correzioni-collana-2026-10-02/VOL-02-changes.json; wiki/reviews/correzioni-collana-2026-10-02/VOL-02.md"
V02-08;VOL-02;applicato-verificato-testo;verificato-nella-copertura-dichiarata;False;wiki/books/moduli/m-fl01-comuni-unioni/chapters/06-servizi-digitali-comunali-cad-anpr-gestione-documentale.md;"Definiti documento informatico, forma/prova e copie; separati effetti e obblighi documentali.";"C:/Users/info/OneDrive/Desktop/concorso-book-os/artifacts/correzioni-collana-2026-10-02/VOL-02-changes.json; wiki/reviews/correzioni-collana-2026-10-02/VOL-02.md"
V02-12;VOL-02;applicato-verificato-testo;verificato-nella-copertura-dichiarata;False;wiki/books/moduli/m-fl01-comuni-unioni/chapters/09-programmazione-integrata-comunale-dup-bilancio-peg-piao-performance.md;"PIAO istituito nel2021; caso50dipendenti e regime ANAC; PEG facoltativo sotto5000 e calendario ordinario.";"C:/Users/info/OneDrive/Desktop/concorso-book-os/artifacts/correzioni-collana-2026-10-02/VOL-02-changes.json; wiki/reviews/correzioni-collana-2026-10-02/VOL-02.md"
V02-15;VOL-02;applicato-verificato-testo;verificato-nella-copertura-dichiarata;False;wiki/books/moduli/m-fl01-comuni-unioni/chapters/12-procurement-operativo-ufficio-comunale.md;MePA costruzione/manutenzione, art192TUEL coordinato con17/18Codice e caso concreto.;"C:/Users/info/OneDrive/Desktop/concorso-book-os/artifacts/correzioni-collana-2026-10-02/VOL-02-changes.json; wiki/reviews/correzioni-collana-2026-10-02/VOL-02.md"
V02-18;VOL-02;applicato-verificato-testo;verificato-nella-copertura-dichiarata;False;wiki/books/moduli/m-fl01-comuni-unioni/chapters/13-territorio-patrimonio-edilizia-lavori-interfaccia-amministrativa.md;Caso tetto biforcato fra manutenzione e somma urgenza, verbale, perizia, riconoscimento e copertura.;"C:/Users/info/OneDrive/Desktop/concorso-book-os/artifacts/correzioni-collana-2026-10-02/VOL-02-changes.json; wiki/reviews/correzioni-collana-2026-10-02/VOL-02.md"
V02-19;VOL-02;applicato-verificato-testo;verificato-nella-copertura-dichiarata;False;wiki/books/moduli/m-fl01-comuni-unioni/chapters/14-laboratorio-teorico-pratico-profili-comunali.md;Fasce0–16, rinvio programmazione09, quadro normativo e RUP nel primo atto.;"C:/Users/info/OneDrive/Desktop/concorso-book-os/artifacts/correzioni-collana-2026-10-02/VOL-02-changes.json; wiki/reviews/correzioni-collana-2026-10-02/VOL-02.md"
V02-23;VOL-02;applicato-verificato-testo;verificato-nella-copertura-dichiarata;False;wiki/books/moduli/m-fl02-regioni-province-citta-metropolitane/chapters/04-procedimenti-atti-organizzazione-amministrativa-regionale.md;"Sequenza esplicita del saldo con controllo prima della liquidazione, poi mandato e pagamento; eventualità di integrazione/revoca; imperativi uniformati.";"C:/Users/info/OneDrive/Desktop/concorso-book-os/artifacts/correzioni-collana-2026-10-02/VOL-02-changes.json; wiki/reviews/correzioni-collana-2026-10-02/VOL-02.md"
V02-29;VOL-02;applicato-verificato-testo;verificato-nella-copertura-dichiarata;False;wiki/books/moduli/m-fl02-regioni-province-citta-metropolitane/chapters/08-pnrr-territoriale-regis-dnsh-controlli.md;"Corretto quiz doppio finanziamento senza condizione fonti incompatibili; esempio quote60/40 e duplicazione100/100; basi DNSH; scadenze2026, ReGiS e caso92/100.";"C:/Users/info/OneDrive/Desktop/concorso-book-os/artifacts/correzioni-collana-2026-10-02/VOL-02-changes.json; wiki/reviews/correzioni-collana-2026-10-02/VOL-02.md"
V02-34;VOL-02;applicato-verificato-testo;verificato-nella-copertura-dichiarata;False;wiki/books/moduli/m-fl02-regioni-province-citta-metropolitane/chapters/12-laboratorio-profili-regionali-area-vasta.md;Traccia digitalizzazione qualificata espressamente PNRR con obblighi ReGiS/DNSH dati e titolarità centrale distinta.;"C:/Users/info/OneDrive/Desktop/concorso-book-os/artifacts/correzioni-collana-2026-10-02/VOL-02-changes.json; wiki/reviews/correzioni-collana-2026-10-02/VOL-02.md"
V02-38;VOL-02;applicato-verificato-testo;verificato-nella-copertura-dichiarata;False;"wiki/books/moduli/m-fl03-camere-commercio/chapters/01-camere-commercio-sistema-camerale-unioncamere.md; wiki/books/moduli/m-fl03-camere-commercio/chapters/04-organizzazione-personale-procedimenti-trasparenza-camerale.md; wiki/books/moduli/m-fl03-camere-commercio/chapters/05-laboratorio-bando-camerale.md; wiki/books/moduli/m-fl04-polizia-locale/chapters/01-diventare-agente-ufficiale-polizia-locale.md";"Esempi camerali dichiarati compositi; distinta pubblicità del Registro da accesso al fascicolo istruttorio; variante risolta del caso di laboratorio. Esempi di bando PL dichiarati compositi; eliminata attribuzione generica al campione ufficiale. Anche esempio introduttivo del cap02 dichiarato didattico.";"C:/Users/info/OneDrive/Desktop/concorso-book-os/artifacts/correzioni-collana-2026-10-02/VOL-02-changes.json; wiki/reviews/correzioni-collana-2026-10-02/VOL-02.md"
V02-50;VOL-02;applicato-verificato-testo;verificato-nella-copertura-dichiarata;False;wiki/books/moduli/m-fl04-polizia-locale/chapters/13-sinistri-rilievi-gestione-prova.md;"Rilievo metrico con croquis, coordinate e controlli; lesioni/omicidio e caso penale aggravato risolto.";"C:/Users/info/OneDrive/Desktop/concorso-book-os/artifacts/correzioni-collana-2026-10-02/VOL-02-changes.json; wiki/reviews/correzioni-collana-2026-10-02/VOL-02.md"
V02-51;VOL-02;applicato-verificato-testo;verificato-nella-copertura-dichiarata;False;wiki/books/moduli/m-fl04-polizia-locale/chapters/14-ufficiale-pl-comando-contenzioso-emergenze.md;"Regole CCNL23feb2026, turni/riposi, art9L65; sei quiz sostituiti con distrattori plausibili.";"C:/Users/info/OneDrive/Desktop/concorso-book-os/artifacts/correzioni-collana-2026-10-02/VOL-02-changes.json; wiki/reviews/correzioni-collana-2026-10-02/VOL-02.md"
V02-52;VOL-02;applicato-verificato-testo;verificato-nella-copertura-dichiarata;False;wiki/books/vol-02-enti-locali-polizia-locale/chapters/51-conclusione-vol-02.md;Aggiornato conteggio a cinquantuno capitoli.;"C:/Users/info/OneDrive/Desktop/concorso-book-os/artifacts/correzioni-collana-2026-10-02/VOL-02-changes.json; wiki/reviews/correzioni-collana-2026-10-02/VOL-02.md"
V02-FM1;VOL-02;applicato-verificato-testo;verificato-nella-copertura-dichiarata;False;"wiki/books/vol-02-enti-locali-polizia-locale/front-matter/05-premessa.md; wiki/books/vol-02-enti-locali-polizia-locale/front-matter/04-sommario.md";Eliminata condizionale commerciale e dicitura modulo di riconciliazione.;"C:/Users/info/OneDrive/Desktop/concorso-book-os/artifacts/correzioni-collana-2026-10-02/VOL-02-changes.json; wiki/reviews/correzioni-collana-2026-10-02/VOL-02.md"
V02-FM3;VOL-02;applicato-verificato-testo;verificato-nella-copertura-dichiarata;False;wiki/books/vol-02-enti-locali-polizia-locale/front-matter/06-indice.md;"Indice1–51 e blocchi30–34/35–49; tolti piani interni e appendici non presenti.";"C:/Users/info/OneDrive/Desktop/concorso-book-os/artifacts/correzioni-collana-2026-10-02/VOL-02-changes.json; wiki/reviews/correzioni-collana-2026-10-02/VOL-02.md"
V02-FM4;VOL-02;applicato-verificato-testo;verificato-nella-copertura-dichiarata;False;"wiki/books/vol-02-enti-locali-polizia-locale/modules/01-m-fl01-frontespizio-sommario.md; wiki/books/vol-02-enti-locali-polizia-locale/modules/02-m-fl02-frontespizio-sommario.md; wiki/books/vol-02-enti-locali-polizia-locale/modules/03-m-fl04-frontespizio-sommario.md; wiki/books/vol-02-enti-locali-polizia-locale/modules/04-m-fl03-frontespizio-sommario-da-validare.md";"Sommari con numerazione volume coerente; camerale attuale e senza note interne.";"C:/Users/info/OneDrive/Desktop/concorso-book-os/artifacts/correzioni-collana-2026-10-02/VOL-02-changes.json; wiki/reviews/correzioni-collana-2026-10-02/VOL-02.md"
P02-03;VOL-02;applicato-verificato-pdf;verificato-nella-copertura-dichiarata;False;;"Eliminata la duplicazione nel sorgente; mantenuti obiettivo e sviluppo.";wiki/reviews/correzioni-collana-2026-10-02/PDF-VOL-02.md
P02-08;VOL-02;applicato-verificato-pdf;verificato-nella-copertura-dichiarata;False;;Testo nativo con ortografia riesaminata.;wiki/reviews/correzioni-collana-2026-10-02/PDF-VOL-02.md
V02-53;VOL-02;applicato-verificato-testo;verificato-nella-copertura-dichiarata;False;"wiki/books/moduli/m-fl02-regioni-province-citta-metropolitane/chapters/01-il-sistema-territoriale-multilivello.md; wiki/books/moduli/m-fl02-regioni-province-citta-metropolitane/chapters/05-programmazione-bilancio-controlli-regionali.md; wiki/books/moduli/m-fl02-regioni-province-citta-metropolitane/chapters/06-tecnica-legislativa-air-vir-drafting.md; wiki/books/moduli/m-fl02-regioni-province-citta-metropolitane/chapters/08-pnrr-territoriale-regis-dnsh-controlli.md; wiki/books/moduli/m-fl02-regioni-province-citta-metropolitane/chapters/11-contratti-servizi-pubblici-locali-societa-partecipate.md; wiki/books/moduli/m-fl03-camere-commercio/chapters/05-laboratorio-bando-camerale.md; wiki/books/moduli/m-fl04-polizia-locale/chapters/01-diventare-agente-ufficiale-polizia-locale.md; wiki/books/moduli/m-fl04-polizia-locale/chapters/12-ambiente-rifiuti-rumore-tutela-locale.md";"Microcorrezioni dei refusi segnalati nei moduli FL02 e FL03 applicate durante i relativi interventi. Corretto lavorerà; riesaminato anche rifiuti rimossi nel cap12.";"C:/Users/info/OneDrive/Desktop/concorso-book-os/artifacts/correzioni-collana-2026-10-02/VOL-02-changes.json; wiki/reviews/correzioni-collana-2026-10-02/VOL-02.md"
V02-54;VOL-02;applicato-verificato-testo;verificato-nella-copertura-dichiarata;False;"wiki/books/moduli/m-fl04-polizia-locale/chapters/01-diventare-agente-ufficiale-polizia-locale.md; wiki/books/moduli/m-fl04-polizia-locale/chapters/02-ordinamento-nazionale-regionale-polizia-locale.md; wiki/books/moduli/m-fl04-polizia-locale/chapters/03-qualifiche-poteri-dipendenze-organizzazione-servizio.md; wiki/books/moduli/m-fl04-polizia-locale/chapters/04-servizi-polizia-stradale.md; wiki/books/moduli/m-fl04-polizia-locale/chapters/05-accertamento-contestazione-notificazione-ricorsi-codice-strada.md; wiki/books/moduli/m-fl04-polizia-locale/chapters/06-procedimento-sanzionatorio-amministrativo-applicato.md; wiki/books/moduli/m-fl04-polizia-locale/chapters/07-polizia-giudiziaria-atti-essenziali.md; wiki/books/moduli/m-fl04-polizia-locale/chapters/08-tulps-pubblica-sicurezza-immigrazione.md; wiki/books/moduli/m-fl04-polizia-locale/chapters/09-sicurezza-urbana-ordinanze-coordinamento.md; wiki/books/moduli/m-fl04-polizia-locale/chapters/10-commercio-pubblici-esercizi-suap.md; wiki/books/moduli/m-fl04-polizia-locale/chapters/11-vigilanza-edilizia-procedimenti-repressivi.md; wiki/books/moduli/m-fl04-polizia-locale/chapters/12-ambiente-rifiuti-rumore-tutela-locale.md; wiki/books/moduli/m-fl04-polizia-locale/chapters/13-sinistri-rilievi-gestione-prova.md; wiki/books/moduli/m-fl04-polizia-locale/chapters/14-ufficiale-pl-comando-contenzioso-emergenze.md; wiki/books/moduli/m-fl04-polizia-locale/chapters/15-laboratorio-atti-verbali-polizia-locale.md";"Uniformate quattro alternative e separazione a paragrafi; titoli Quiz, punteggiatura e distrattori nei capitoli indicati.";"C:/Users/info/OneDrive/Desktop/concorso-book-os/artifacts/correzioni-collana-2026-10-02/VOL-02-changes.json; wiki/reviews/correzioni-collana-2026-10-02/VOL-02.md"
V03-001;VOL-03;applicato-verificato-testo;verificato-nella-copertura-dichiarata;False;;"FC02/05b: regime 2026 D.Lgs. 545/546; TU dal 2027; vecchia fonte superata.";"C:/Users/info/OneDrive/Desktop/concorso-book-os/artifacts/correzioni-collana-2026-10-02/VOL-03-ledger.json; wiki/reviews/correzioni-collana-2026-10-02/VOL-03.md"
V03-015;VOL-03;applicato-verificato-testo;verificato-nella-copertura-dichiarata;False;;Tutti i 19 capitoli: 114 domande specifiche e 19 casi originali, con soluzioni separate e ragionate.;"C:/Users/info/OneDrive/Desktop/concorso-book-os/artifacts/correzioni-collana-2026-10-02/VOL-03-ledger.json; wiki/reviews/correzioni-collana-2026-10-02/VOL-03.md"
V03-016;VOL-03;applicato-verificato-testo;verificato-nella-copertura-dichiarata;False;;FC03/03: art. 38, previdenza/assistenza, contribuzione, automaticità, pensioni, NASpI, invalidità, ISEE/DSU e calcoli.;"C:/Users/info/OneDrive/Desktop/concorso-book-os/artifacts/correzioni-collana-2026-10-02/VOL-03-ledger.json; wiki/reviews/correzioni-collana-2026-10-02/VOL-03.md"
V03-017;VOL-03;applicato-verificato-testo;verificato-nella-copertura-dichiarata;False;;FC03/04: rischio assicurato, causa e occasione di lavoro, in itinere, malattie tabellate/non, premi, prestazioni, danno biologico e limiti automaticità.;"C:/Users/info/OneDrive/Desktop/concorso-book-os/artifacts/correzioni-collana-2026-10-02/VOL-03-ledger.json; wiki/reviews/correzioni-collana-2026-10-02/VOL-03.md"
V03-018;VOL-03;applicato-verificato-testo;verificato-nella-copertura-dichiarata;False;;Appendice A: competenze, accesso, verbali, due diffide, conciliazione, recuperi, tutele e aggiornamento 2024.;"C:/Users/info/OneDrive/Desktop/concorso-book-os/artifacts/correzioni-collana-2026-10-02/VOL-03-ledger.json; wiki/reviews/correzioni-collana-2026-10-02/VOL-03.md"
P03-01;VOL-03;applicato-verificato-pdf;verificato-nella-copertura-dichiarata;False;;"Indice corrente a 9,5 pt; 194 destinazioni verificate direttamente nel PDF.";wiki/reviews/correzioni-collana-2026-10-02/PDF-VOL-03.md
P03-02;VOL-03;applicato-verificato-pdf;verificato-nella-copertura-dichiarata;False;;"Tre schede verticali a due colonne; campi vuoti con due righe; contenuti originali conservati.";wiki/reviews/correzioni-collana-2026-10-02/PDF-VOL-03.md
P03-04;VOL-03;applicato-verificato-pdf;verificato-nella-copertura-dichiarata;False;;"Ordine 05,05a,05b,06; indice globale 20,21,22,23 e riscontro dei titoli fisici.";wiki/reviews/correzioni-collana-2026-10-02/PDF-VOL-03.md
P03-05;VOL-03;applicato-verificato-pdf;verificato-nella-copertura-dichiarata;False;;"Bando/Aree/Nuclei/Diario/Output; appendici A–H corrispondenti ai contenuti effettivi.";wiki/reviews/correzioni-collana-2026-10-02/PDF-VOL-03.md
V03-002;VOL-03;applicato-verificato-testo;verificato-nella-copertura-dichiarata;False;;FC03/08: CCNL definitivo del 6 agosto 2026, successione dei contratti e ferie dal 2027.;"C:/Users/info/OneDrive/Desktop/concorso-book-os/artifacts/correzioni-collana-2026-10-02/VOL-03-ledger.json; wiki/reviews/correzioni-collana-2026-10-02/VOL-03.md"
V03-003;VOL-03;applicato-verificato-testo;verificato-nella-copertura-dichiarata;False;;"FC01/09: residui attivi statali da riscuotere e da versare; caso 100/80/60 = 40.";"C:/Users/info/OneDrive/Desktop/concorso-book-os/artifacts/correzioni-collana-2026-10-02/VOL-03-ledger.json; wiki/reviews/correzioni-collana-2026-10-02/VOL-03.md"
V03-004;VOL-03;applicato-verificato-testo;verificato-nella-copertura-dichiarata;False;;FC02/05: danno grave e irreparabile.;"C:/Users/info/OneDrive/Desktop/concorso-book-os/artifacts/correzioni-collana-2026-10-02/VOL-03-ledger.json; wiki/reviews/correzioni-collana-2026-10-02/VOL-03.md"
V03-005;VOL-03;applicato-verificato-testo;verificato-nella-copertura-dichiarata;False;;FC02/08: vigilanza e passaggio ad altro regime.;"C:/Users/info/OneDrive/Desktop/concorso-book-os/artifacts/correzioni-collana-2026-10-02/VOL-03-ledger.json; wiki/reviews/correzioni-collana-2026-10-02/VOL-03.md"
V03-006;VOL-03;applicato-verificato-testo;verificato-nella-copertura-dichiarata;False;;FC02/08: abrogazione TULD.;"C:/Users/info/OneDrive/Desktop/concorso-book-os/artifacts/correzioni-collana-2026-10-02/VOL-03-ledger.json; wiki/reviews/correzioni-collana-2026-10-02/VOL-03.md"
V03-007;VOL-03;applicato-verificato-testo;verificato-nella-copertura-dichiarata;False;;FC02/08: modifica dopo svincolo entro tre anni.;"C:/Users/info/OneDrive/Desktop/concorso-book-os/artifacts/correzioni-collana-2026-10-02/VOL-03-ledger.json; wiki/reviews/correzioni-collana-2026-10-02/VOL-03.md"
V03-008;VOL-03;applicato-verificato-testo;verificato-nella-copertura-dichiarata;False;;FC02/08: A.TR, libera pratica e origine nel caso Turchia.;"C:/Users/info/OneDrive/Desktop/concorso-book-os/artifacts/correzioni-collana-2026-10-02/VOL-03-ledger.json; wiki/reviews/correzioni-collana-2026-10-02/VOL-03.md"
V03-009;VOL-03;applicato-verificato-testo;verificato-nella-copertura-dichiarata;False;;FC02/14: definizione del dichiarante.;"C:/Users/info/OneDrive/Desktop/concorso-book-os/artifacts/correzioni-collana-2026-10-02/VOL-03-ledger.json; wiki/reviews/correzioni-collana-2026-10-02/VOL-03.md"
V03-010;VOL-03;applicato-verificato-testo;verificato-nella-copertura-dichiarata;False;;FC02/09: divieto di detenzione sospensiva del destinatario registrato.;"C:/Users/info/OneDrive/Desktop/concorso-book-os/artifacts/correzioni-collana-2026-10-02/VOL-03-ledger.json; wiki/reviews/correzioni-collana-2026-10-02/VOL-03.md"
V03-012;VOL-03;applicato-verificato-testo;verificato-nella-copertura-dichiarata;False;;FC02/11: immobilizzazioni ammortizzabili e finanziarie, terreni.;"C:/Users/info/OneDrive/Desktop/concorso-book-os/artifacts/correzioni-collana-2026-10-02/VOL-03-ledger.json; wiki/reviews/correzioni-collana-2026-10-02/VOL-03.md"
V03-014;VOL-03;applicato-verificato-testo;verificato-nella-copertura-dichiarata;False;;Appendice F: abrogazione art. 323, distinzione dei reati vigenti e art. 314-bis.;"C:/Users/info/OneDrive/Desktop/concorso-book-os/artifacts/correzioni-collana-2026-10-02/VOL-03-ledger.json; wiki/reviews/correzioni-collana-2026-10-02/VOL-03.md"
V03-019;VOL-03;applicato-verificato-testo;verificato-nella-copertura-dichiarata;False;;FC03/02: Presidente, CdA, CIV, DG, Collegio dei sindaci e vigilanza ministeriale.;"C:/Users/info/OneDrive/Desktop/concorso-book-os/artifacts/correzioni-collana-2026-10-02/VOL-03-ledger.json; wiki/reviews/correzioni-collana-2026-10-02/VOL-03.md"
V03-020;VOL-03;applicato-verificato-testo;verificato-nella-copertura-dichiarata;False;;FC03/06: DPR 97/2003, d.lgs. 91/2011, regolamenti, documenti preventivi/consuntivi, competenze e calcoli.;"C:/Users/info/OneDrive/Desktop/concorso-book-os/artifacts/correzioni-collana-2026-10-02/VOL-03-ledger.json; wiki/reviews/correzioni-collana-2026-10-02/VOL-03.md"
V03-021;VOL-03;applicato-verificato-testo;verificato-nella-copertura-dichiarata;False;;Appendice F: responsabilità e patologie civilistiche, rito lavoro/previdenza, ATP, obblighi 81/2008 e finanze con casi.;"C:/Users/info/OneDrive/Desktop/concorso-book-os/artifacts/correzioni-collana-2026-10-02/VOL-03-ledger.json; wiki/reviews/correzioni-collana-2026-10-02/VOL-03.md"
V03-022;VOL-03;applicato-verificato-testo;verificato-nella-copertura-dichiarata;False;;Appendice B: definizioni sostanziali di premio e danno biologico, soglie e rinvio al caso INAIL.;"C:/Users/info/OneDrive/Desktop/concorso-book-os/artifacts/correzioni-collana-2026-10-02/VOL-03-ledger.json; wiki/reviews/correzioni-collana-2026-10-02/VOL-03.md"
V03-024;VOL-03;applicato-verificato-testo;verificato-nella-copertura-dichiarata;False;;"Capitoli 01/10/12 e appendice C: CRI privata dal 2016; comparto Istruzione e Ricerca degli EPR anche amministrativi.";"C:/Users/info/OneDrive/Desktop/concorso-book-os/artifacts/correzioni-collana-2026-10-02/VOL-03-ledger.json; wiki/reviews/correzioni-collana-2026-10-02/VOL-03.md"
V03-025;VOL-03;applicato-verificato-testo;verificato-nella-copertura-dichiarata;False;;Tutti i capitoli: 95 nuclei ricollocati a confini semantici, titoli specifici e matrice riconciliata senza moltiplicare i quiz.;"C:/Users/info/OneDrive/Desktop/concorso-book-os/artifacts/correzioni-collana-2026-10-02/VOL-03-ledger.json; wiki/reviews/correzioni-collana-2026-10-02/VOL-03.md"
V03-026;VOL-03;applicato-verificato-testo;verificato-nella-copertura-dichiarata;False;;"Appendice E: destinazioni esistenti per volume/capitolo/sezione, copertura e limiti espliciti; rinvio ispettivo e procurement ridimensionati.";"C:/Users/info/OneDrive/Desktop/concorso-book-os/artifacts/correzioni-collana-2026-10-02/VOL-03-ledger.json; wiki/reviews/correzioni-collana-2026-10-02/VOL-03.md"
V03-027;VOL-03;applicato-verificato-testo;verificato-nella-copertura-dichiarata;False;;FC02/05b: termini, difesa personale, territorio e caso calendario.;"C:/Users/info/OneDrive/Desktop/concorso-book-os/artifacts/correzioni-collana-2026-10-02/VOL-03-ledger.json; wiki/reviews/correzioni-collana-2026-10-02/VOL-03.md"
V03-028;VOL-03;applicato-verificato-testo;verificato-nella-copertura-dichiarata;False;;FC02/05a: soglie, condizioni, consumazione, calendario e imputazione sanzioni agli enti.;"C:/Users/info/OneDrive/Desktop/concorso-book-os/artifacts/correzioni-collana-2026-10-02/VOL-03-ledger.json; wiki/reviews/correzioni-collana-2026-10-02/VOL-03.md"
V03-029;VOL-03;applicato-verificato-testo;verificato-nella-copertura-dichiarata;False;;FC02/05: cinque metodi, 60 giorni di contraddittorio, limiti autotutela e TCF 2026.;"C:/Users/info/OneDrive/Desktop/concorso-book-os/artifacts/correzioni-collana-2026-10-02/VOL-03-ledger.json; wiki/reviews/correzioni-collana-2026-10-02/VOL-03.md"
V03-030;VOL-03;applicato-verificato-testo;verificato-nella-copertura-dichiarata;False;;FC02/06: criteri reddituali, pensioni, cassa allargata, calcolo e 90 giorni.;"C:/Users/info/OneDrive/Desktop/concorso-book-os/artifacts/correzioni-collana-2026-10-02/VOL-03-ledger.json; wiki/reviews/correzioni-collana-2026-10-02/VOL-03.md"
V03-031;VOL-03;applicato-verificato-testo;verificato-nella-copertura-dichiarata;False;;FC02/12: delegazione/espromissione/accollo, patologie e responsabilità societarie con casi.;"C:/Users/info/OneDrive/Desktop/concorso-book-os/artifacts/correzioni-collana-2026-10-02/VOL-03-ledger.json; wiki/reviews/correzioni-collana-2026-10-02/VOL-03.md"
V03-038;VOL-03;applicato-verificato-testo;verificato-nella-copertura-dichiarata;False;;FC01/09: due sezioni del bilancio, unità di voto, PSBMT/DFP/DPFP/DBP, due conti e parificazione.;"C:/Users/info/OneDrive/Desktop/concorso-book-os/artifacts/correzioni-collana-2026-10-02/VOL-03-ledger.json; wiki/reviews/correzioni-collana-2026-10-02/VOL-03.md"
V03-053;VOL-03;applicato-verificato-testo;verificato-nella-copertura-dichiarata;False;;"Corpo dei 19 capitoli: rimossi riferimenti staff, fonti nominate per il lettore; perimetro sociale esplicitamente definito.";"C:/Users/info/OneDrive/Desktop/concorso-book-os/artifacts/correzioni-collana-2026-10-02/VOL-03-ledger.json; wiki/reviews/correzioni-collana-2026-10-02/VOL-03.md"
V03-054;VOL-03;applicato-verificato-testo;verificato-nella-copertura-dichiarata;False;;"FC02: apparati staff archiviati, bibliografia leggibile, rinvii alla produzione sostituiti da istruzioni di studio; tre ancore corrette.";"C:/Users/info/OneDrive/Desktop/concorso-book-os/artifacts/correzioni-collana-2026-10-02/VOL-03-ledger.json; wiki/reviews/correzioni-collana-2026-10-02/VOL-03.md"
V03-055;VOL-03;applicato-verificato-testo;verificato-nella-copertura-dichiarata;False;;Appendice F: cinque tracce complete, soluzioni applicate, tempi e rubrica 10 punti.;"C:/Users/info/OneDrive/Desktop/concorso-book-os/artifacts/correzioni-collana-2026-10-02/VOL-03-ledger.json; wiki/reviews/correzioni-collana-2026-10-02/VOL-03.md"
P03-03;VOL-03;applicato-verificato-pdf;verificato-nella-copertura-dichiarata;False;;"Mappa BANDO a due colonne; schemi nativi; etichette umane per 126 link e allineamento di 113 righe di rinvii.";wiki/reviews/correzioni-collana-2026-10-02/PDF-VOL-03.md
P03-06;VOL-03;applicato-verificato-pdf;verificato-nella-copertura-dichiarata;False;;Tabelle native distinguono esiti del controllo, dichiarazione/liquidazione/versamento, titoli della riscossione, AEO e casi per ente.;wiki/reviews/correzioni-collana-2026-10-02/PDF-VOL-03.md
P03-07;VOL-03;applicato-verificato-pdf;verificato-nella-copertura-dichiarata;False;;"Profili come criterio di studio; enti e relazioni corretti; EORI identificazione, AEO status autorizzato.";wiki/reviews/correzioni-collana-2026-10-02/PDF-VOL-03.md
V03-011;VOL-03;applicato-verificato-testo;verificato-nella-copertura-dichiarata;False;;FC02/09 e 14: EMCS a imposta assolta, e-DAS e soggetti certificati.;"C:/Users/info/OneDrive/Desktop/concorso-book-os/artifacts/correzioni-collana-2026-10-02/VOL-03-ledger.json; wiki/reviews/correzioni-collana-2026-10-02/VOL-03.md"
V03-013;VOL-03;applicato-verificato-testo;verificato-nella-copertura-dichiarata;False;;FC02/11: minore costo/realizzo, due margini e calcoli.;"C:/Users/info/OneDrive/Desktop/concorso-book-os/artifacts/correzioni-collana-2026-10-02/VOL-03-ledger.json; wiki/reviews/correzioni-collana-2026-10-02/VOL-03.md"
V03-023;VOL-03;applicato-verificato-testo;verificato-nella-copertura-dichiarata;False;;"Appendice B: INAIL nel sistema previdenziale; automaticità distinta dall’assenza di istruttoria.";"C:/Users/info/OneDrive/Desktop/concorso-book-os/artifacts/correzioni-collana-2026-10-02/VOL-03-ledger.json; wiki/reviews/correzioni-collana-2026-10-02/VOL-03.md"
V03-032;VOL-03;applicato-verificato-testo;verificato-nella-copertura-dichiarata;False;;FC02/03: Collegio dei revisori e funzione dei tre organi.;"C:/Users/info/OneDrive/Desktop/concorso-book-os/artifacts/correzioni-collana-2026-10-02/VOL-03-ledger.json; wiki/reviews/correzioni-collana-2026-10-02/VOL-03.md"
V03-033;VOL-03;applicato-verificato-testo;verificato-nella-copertura-dichiarata;False;;FC01/03: quattro aree, declaratorie essenziali e requisiti di base.;"C:/Users/info/OneDrive/Desktop/concorso-book-os/artifacts/correzioni-collana-2026-10-02/VOL-03-ledger.json; wiki/reviews/correzioni-collana-2026-10-02/VOL-03.md"
V03-034;VOL-03;applicato-verificato-testo;verificato-nella-copertura-dichiarata;False;;FC01/05: responsabilità del Segretario, autonomia contabile e limite di durata delle missioni.;"C:/Users/info/OneDrive/Desktop/concorso-book-os/artifacts/correzioni-collana-2026-10-02/VOL-03-ledger.json; wiki/reviews/correzioni-collana-2026-10-02/VOL-03.md"
V03-035;VOL-03;applicato-verificato-testo;verificato-nella-copertura-dichiarata;False;;FC01/06: Segretario generale e incompatibilità con modello dipartimentale, con verifica applicativa.;"C:/Users/info/OneDrive/Desktop/concorso-book-os/artifacts/correzioni-collana-2026-10-02/VOL-03-ledger.json; wiki/reviews/correzioni-collana-2026-10-02/VOL-03.md"
V03-036;VOL-03;applicato-verificato-testo;verificato-nella-copertura-dichiarata;False;;FC01/07: patrocinio obbligatorio/autorizzato, competenza generale/distrettuale e foro dello Stato.;"C:/Users/info/OneDrive/Desktop/concorso-book-os/artifacts/correzioni-collana-2026-10-02/VOL-03-ledger.json; wiki/reviews/correzioni-collana-2026-10-02/VOL-03.md"
V03-037;VOL-03;applicato-verificato-testo;verificato-nella-copertura-dichiarata;False;;FC01/08: quattro sezioni formali PIAO, durata, aggiornamento, ruoli e pubblicazione.;"C:/Users/info/OneDrive/Desktop/concorso-book-os/artifacts/correzioni-collana-2026-10-02/VOL-03-ledger.json; wiki/reviews/correzioni-collana-2026-10-02/VOL-03.md"
V03-039;VOL-03;applicato-verificato-testo;verificato-nella-copertura-dichiarata;False;;FC01/10: obblighi Consip/MePA, distinzione da procedura e digitale, caso e rinvii precisi al core.;"C:/Users/info/OneDrive/Desktop/concorso-book-os/artifacts/correzioni-collana-2026-10-02/VOL-03-ledger.json; wiki/reviews/correzioni-collana-2026-10-02/VOL-03.md"
V03-040;VOL-03;applicato-verificato-testo;verificato-nella-copertura-dichiarata;False;;"FC01/12: rimostranza, rinnovo scritto, eccezioni penale/amministrativa; astensione e casi.";"C:/Users/info/OneDrive/Desktop/concorso-book-os/artifacts/correzioni-collana-2026-10-02/VOL-03-ledger.json; wiki/reviews/correzioni-collana-2026-10-02/VOL-03.md"
V03-041;VOL-03;applicato-verificato-testo;verificato-nella-copertura-dichiarata;False;;FC03/11: acquisizione d’ufficio, caso residenza e caso P-18 con documento, data e canale autosufficienti.;"C:/Users/info/OneDrive/Desktop/concorso-book-os/artifacts/correzioni-collana-2026-10-02/VOL-03-ledger.json; wiki/reviews/correzioni-collana-2026-10-02/VOL-03.md"
V03-042;VOL-03;applicato-verificato-testo;verificato-nella-copertura-dichiarata;False;;FC03/12: canale telefonico autorizzato e verificato, astensione nei casi dovuti.;"C:/Users/info/OneDrive/Desktop/concorso-book-os/artifacts/correzioni-collana-2026-10-02/VOL-03-ledger.json; wiki/reviews/correzioni-collana-2026-10-02/VOL-03.md"
V03-043;VOL-03;applicato-verificato-testo;verificato-nella-copertura-dichiarata;False;;FC02/07: fermo, circolazione, preavviso e strumentalità.;"C:/Users/info/OneDrive/Desktop/concorso-book-os/artifacts/correzioni-collana-2026-10-02/VOL-03-ledger.json; wiki/reviews/correzioni-collana-2026-10-02/VOL-03.md"
V03-044;VOL-03;applicato-verificato-testo;verificato-nella-copertura-dichiarata;False;;FC02/10: iscrizione costitutiva e tre procedimenti estimativi con calcoli.;"C:/Users/info/OneDrive/Desktop/concorso-book-os/artifacts/correzioni-collana-2026-10-02/VOL-03-ledger.json; wiki/reviews/correzioni-collana-2026-10-02/VOL-03.md"
V03-045;VOL-03;applicato-verificato-testo;verificato-nella-copertura-dichiarata;False;;FC02/13: tre etichette di svolgimento richiuse.;"C:/Users/info/OneDrive/Desktop/concorso-book-os/artifacts/correzioni-collana-2026-10-02/VOL-03-ledger.json; wiki/reviews/correzioni-collana-2026-10-02/VOL-03.md"
V03-046;VOL-03;applicato-verificato-testo;verificato-nella-copertura-dichiarata;False;;FC01/09/11/12: espansione canonica Bando, Aree, Nuclei, Diario, Output.;"C:/Users/info/OneDrive/Desktop/concorso-book-os/artifacts/correzioni-collana-2026-10-02/VOL-03-ledger.json; wiki/reviews/correzioni-collana-2026-10-02/VOL-03.md"
V03-047;VOL-03;applicato-verificato-testo;verificato-nella-copertura-dichiarata;False;;FC02/13: D = Diario e relativa applicazione.;"C:/Users/info/OneDrive/Desktop/concorso-book-os/artifacts/correzioni-collana-2026-10-02/VOL-03-ledger.json; wiki/reviews/correzioni-collana-2026-10-02/VOL-03.md"
V03-048;VOL-03;applicato-verificato-testo;verificato-nella-copertura-dichiarata;False;;"FC01/08–15: 60 quiz riscritti, chiavi bilanciate e soluzioni separate; commenti allineati.";"C:/Users/info/OneDrive/Desktop/concorso-book-os/artifacts/correzioni-collana-2026-10-02/VOL-03-ledger.json; wiki/reviews/correzioni-collana-2026-10-02/VOL-03.md"
V03-049;VOL-03;applicato-verificato-testo;verificato-nella-copertura-dichiarata;False;;FC03/12: otto situazionali con alternative plausibili, chiavi A/B/C/D bilanciate e commenti coerenti.;"C:/Users/info/OneDrive/Desktop/concorso-book-os/artifacts/correzioni-collana-2026-10-02/VOL-03-ledger.json; wiki/reviews/correzioni-collana-2026-10-02/VOL-03.md"
V03-052;VOL-03;applicato-verificato-testo;verificato-nella-copertura-dichiarata;False;;FC02: accenti e apostrofi, Sara/stabilita/necessita e frase sui controlli corretti in contesto.;"C:/Users/info/OneDrive/Desktop/concorso-book-os/artifacts/correzioni-collana-2026-10-02/VOL-03-ledger.json; wiki/reviews/correzioni-collana-2026-10-02/VOL-03.md"
V03-050;VOL-03;applicato-verificato-testo;verificato-nella-copertura-dichiarata;False;;FC01/15: cinque tabelle, organo/ente, competenza finanziaria/cassa/residui e 100 criteri di correzione.;"C:/Users/info/OneDrive/Desktop/concorso-book-os/artifacts/correzioni-collana-2026-10-02/VOL-03-ledger.json; wiki/reviews/correzioni-collana-2026-10-02/VOL-03.md"
V03-051;VOL-03;applicato-verificato-testo;verificato-nella-copertura-dichiarata;False;;"FC03/13: articolo duplicato e accento corretti; origine dei dieci scenari esplicitata.";"C:/Users/info/OneDrive/Desktop/concorso-book-os/artifacts/correzioni-collana-2026-10-02/VOL-03-ledger.json; wiki/reviews/correzioni-collana-2026-10-02/VOL-03.md"
V03-056;VOL-03;applicato-verificato-testo;verificato-nella-copertura-dichiarata;False;;Appendice C: CONI nel confronto operativo finale.;"C:/Users/info/OneDrive/Desktop/concorso-book-os/artifacts/correzioni-collana-2026-10-02/VOL-03-ledger.json; wiki/reviews/correzioni-collana-2026-10-02/VOL-03.md"
V03-057;VOL-03;applicato-verificato-testo;verificato-nella-copertura-dichiarata;False;;Appendice D: recupero documentato e archivio degli errori, cancellazione dei soli duplicati.;"C:/Users/info/OneDrive/Desktop/concorso-book-os/artifacts/correzioni-collana-2026-10-02/VOL-03-ledger.json; wiki/reviews/correzioni-collana-2026-10-02/VOL-03.md"
P04-01;VOL-04;applicato-verificato-pdf;verificato-nella-copertura-dichiarata;False;;"Domanda, quattro alternative, poi risposta e commento; ordine riscontrato nei PDF.";wiki/reviews/correzioni-collana-2026-10-02/PDF-VOL-04.md
V04-02;VOL-04;applicato-verificato-testo;verificato-nella-copertura-dichiarata;False;;"Organigramma DIT aggiornato alle quattro direzioni e DGSIA qualificata storicamente; cap. 2 e 12, fonte organizzazione.";"C:/Users/info/OneDrive/Desktop/concorso-book-os/artifacts/correzioni-collana-2026-10-02/VOL-04-ledger.json; wiki/reviews/correzioni-collana-2026-10-02/VOL-04.md"
V04-03;VOL-04;applicato-verificato-testo;verificato-nella-copertura-dichiarata;False;;"Sviluppate competenze, composizioni, territori e doppia dirigenza con artt. 1–4 D.Lgs. 240; cap. 2–3.";"C:/Users/info/OneDrive/Desktop/concorso-book-os/artifacts/correzioni-collana-2026-10-02/VOL-04-ledger.json; wiki/reviews/correzioni-collana-2026-10-02/VOL-04.md"
V04-04;VOL-04;applicato-verificato-testo;verificato-nella-copertura-dichiarata;False;;"Rettificati fonte, capitolo, indice, bibliografia e quiz sulla L. 145/2026; successivo DL 144 distinto e iter aggiornato.";"C:/Users/info/OneDrive/Desktop/concorso-book-os/artifacts/correzioni-collana-2026-10-02/VOL-04-ledger.json; wiki/reviews/correzioni-collana-2026-10-02/VOL-04.md"
V04-06;VOL-04;applicato-verificato-testo;verificato-nella-copertura-dichiarata;False;;"Cap. 5: dossier di otto documenti, quattro prodotti svolti; cap. 15: simulazione UPP con cronologia e soluzione.";"C:/Users/info/OneDrive/Desktop/concorso-book-os/artifacts/correzioni-collana-2026-10-02/VOL-04-ledger.json; wiki/reviews/correzioni-collana-2026-10-02/VOL-04.md"
V04-07;VOL-04;applicato-verificato-testo;verificato-nella-copertura-dichiarata;False;;"Cap. 6: termini, riti e provvedimenti spiegati; calendario udienza 29 giugno 2026, costituzione e memorie calcolate.";"C:/Users/info/OneDrive/Desktop/concorso-book-os/artifacts/correzioni-collana-2026-10-02/VOL-04-ledger.json; wiki/reviews/correzioni-collana-2026-10-02/VOL-04.md"
V04-08;VOL-04;applicato-verificato-testo;verificato-nella-copertura-dichiarata;False;;"Cap. 7: segreteria PM distinta dall’UPP giudicante; specificità della Procura generale della Cassazione.";"C:/Users/info/OneDrive/Desktop/concorso-book-os/artifacts/correzioni-collana-2026-10-02/VOL-04-ledger.json; wiki/reviews/correzioni-collana-2026-10-02/VOL-04.md"
V04-09;VOL-04;applicato-verificato-testo;verificato-nella-copertura-dichiarata;False;;"Cap. 7: status, 335/45-bis, indagini, 415-bis, archiviazione, fascicoli, riti e impugnazioni; cronologia e simulazione 15.2.";"C:/Users/info/OneDrive/Desktop/concorso-book-os/artifacts/correzioni-collana-2026-10-02/VOL-04-ledger.json; wiki/reviews/correzioni-collana-2026-10-02/VOL-04.md"
V04-11;VOL-04;applicato-verificato-testo;verificato-nella-copertura-dichiarata;False;;"Cap. 8: registri, rettifica dati, accesso civile/penale e regime dati 9/10 GDPR e D.Lgs. 51; richieste risolte.";"C:/Users/info/OneDrive/Desktop/concorso-book-os/artifacts/correzioni-collana-2026-10-02/VOL-04-ledger.json; wiki/reviews/correzioni-collana-2026-10-02/VOL-04.md"
V04-12;VOL-04;applicato-verificato-testo;verificato-nella-copertura-dichiarata;False;;Cap. 9: soglia 13.659,64 euro, redditi familiari ed eccezioni, incremento penale e competenze/termini distinti.;"C:/Users/info/OneDrive/Desktop/concorso-book-os/artifacts/correzioni-collana-2026-10-02/VOL-04-ledger.json; wiki/reviews/correzioni-collana-2026-10-02/VOL-04.md"
V04-13;VOL-04;applicato-verificato-testo;verificato-nella-copertura-dichiarata;False;;"Cap. 9: scaglioni CU, minimo, patrocinio pendente, Corte 137/2026, liquidazioni, opposizione e recupero; calcoli e caso 15.3.";"C:/Users/info/OneDrive/Desktop/concorso-book-os/artifacts/correzioni-collana-2026-10-02/VOL-04-ledger.json; wiki/reviews/correzioni-collana-2026-10-02/VOL-04.md"
V04-15;VOL-04;applicato-verificato-testo;verificato-nella-copertura-dichiarata;False;;"Cap. 10: qualità imputato, menzionabilità/eliminazione, obbligo 25-bis, validità, PDND e rimedio 40; quattro richieste.";"C:/Users/info/OneDrive/Desktop/concorso-book-os/artifacts/correzioni-collana-2026-10-02/VOL-04-ledger.json; wiki/reviews/correzioni-collana-2026-10-02/VOL-04.md"
V04-16;VOL-04;applicato-verificato-testo;verificato-nella-copertura-dichiarata;False;;"Cap. 11: competenza, 139/140/143, relata, titolo, precetto 10/90, pignoramento 45 e forme, 492-bis; caso 15.4.";"C:/Users/info/OneDrive/Desktop/concorso-book-os/artifacts/correzioni-collana-2026-10-02/VOL-04-ledger.json; wiki/reviews/correzioni-collana-2026-10-02/VOL-04.md"
V04-18;VOL-04;applicato-verificato-testo;verificato-nella-copertura-dichiarata;False;;"Cap. 12: prima PEC del regime attuale condizionata all’accettazione, regime previgente distinto; orari ed esiti WARN/ERROR/FATAL.";"C:/Users/info/OneDrive/Desktop/concorso-book-os/artifacts/correzioni-collana-2026-10-02/VOL-04-ledger.json; wiki/reviews/correzioni-collana-2026-10-02/VOL-04.md"
V04-20;VOL-04;applicato-verificato-testo;verificato-nella-copertura-dichiarata;False;;"Cap. 13: imputabilità per età, MAP minorile/adulta, termini, effetti e misure di comunità; caso 15.5.";"C:/Users/info/OneDrive/Desktop/concorso-book-os/artifacts/correzioni-collana-2026-10-02/VOL-04-ledger.json; wiki/reviews/correzioni-collana-2026-10-02/VOL-04.md"
V04-22;VOL-04;applicato-verificato-testo;verificato-nella-copertura-dichiarata;False;;"Cap. 14: misure, presupposti e autorità; 35-bis/ter, calcolo riduzione/ristoro e caso 15.6.";"C:/Users/info/OneDrive/Desktop/concorso-book-os/artifacts/correzioni-collana-2026-10-02/VOL-04-ledger.json; wiki/reviews/correzioni-collana-2026-10-02/VOL-04.md"
V04-25;VOL-04;applicato-verificato-testo;verificato-nella-copertura-dichiarata;False;;"Cap. 15: sei dossier, consegne, risposte modello e sei rubriche di 30 punti; soglia didattica distinta dal bando.";"C:/Users/info/OneDrive/Desktop/concorso-book-os/artifacts/correzioni-collana-2026-10-02/VOL-04-ledger.json; wiki/reviews/correzioni-collana-2026-10-02/VOL-04.md"
P04-02;VOL-04;applicato-verificato-pdf;verificato-nella-copertura-dichiarata;False;;"Etichette con separatori spaziati e quattro colonne; tavola controllata a piena leggibilità.";wiki/reviews/correzioni-collana-2026-10-02/PDF-VOL-04.md
P04-04;VOL-04;applicato-verificato-pdf;verificato-nella-copertura-dichiarata;False;;"Riflusso senza riduzione di font; due richiami al diario condensati riassorbiti alle pp.38 e136. Conservate le chiusure autonome con contenuto.";wiki/reviews/correzioni-collana-2026-10-02/PDF-VOL-04.md
V04-01;VOL-04;applicato-verificato-testo;verificato-nella-copertura-dichiarata;False;;"Distinte funzioni giudiziaria, requirente e giudicante; esempio ricondotto al settore pertinente; cap. 1.";"C:/Users/info/OneDrive/Desktop/concorso-book-os/artifacts/correzioni-collana-2026-10-02/VOL-04-ledger.json; wiki/reviews/correzioni-collana-2026-10-02/VOL-04.md"
V04-05;VOL-04;applicato-verificato-testo;verificato-nella-copertura-dichiarata;False;;"Cap. 4: artt. 1–4 D.Lgs. 151, progetto e composizione; personale lettera f e residuo cancelleria distinti dalla decisione.";"C:/Users/info/OneDrive/Desktop/concorso-book-os/artifacts/correzioni-collana-2026-10-02/VOL-04-ledger.json; wiki/reviews/correzioni-collana-2026-10-02/VOL-04.md"
V04-10;VOL-04;applicato-verificato-testo;verificato-nella-copertura-dichiarata;False;;Cap. 8 e 11: copia conforme o duplicato ex art. 475, superata formula esecutiva senza cancellare distinzione storica.;"C:/Users/info/OneDrive/Desktop/concorso-book-os/artifacts/correzioni-collana-2026-10-02/VOL-04-ledger.json; wiki/reviews/correzioni-collana-2026-10-02/VOL-04.md"
V04-14;VOL-04;applicato-verificato-testo;verificato-nella-copertura-dichiarata;False;;Cap. 10: separati casellario persone e anagrafe sanzioni enti.;"C:/Users/info/OneDrive/Desktop/concorso-book-os/artifacts/correzioni-collana-2026-10-02/VOL-04-ledger.json; wiki/reviews/correzioni-collana-2026-10-02/VOL-04.md"
V04-17;VOL-04;applicato-verificato-testo;verificato-nella-copertura-dichiarata;False;;Cap. 11: offerta reale e mora del creditore distinte da espropriazione e liberazione automatica.;"C:/Users/info/OneDrive/Desktop/concorso-book-os/artifacts/correzioni-collana-2026-10-02/VOL-04-ledger.json; wiki/reviews/correzioni-collana-2026-10-02/VOL-04.md"
V04-19;VOL-04;applicato-verificato-testo;verificato-nella-copertura-dichiarata;False;;"Cap. 12: profondità legata al bando; ReGIndE, INI-PEC, IPA, INAD; specifiche rettificate e calendario PPT 2026–2030.";"C:/Users/info/OneDrive/Desktop/concorso-book-os/artifacts/correzioni-collana-2026-10-02/VOL-04-ledger.json; wiki/reviews/correzioni-collana-2026-10-02/VOL-04.md"
V04-21;VOL-04;applicato-verificato-testo;verificato-nella-copertura-dichiarata;False;;Cap. 13: mediatori formati, almeno due, consenso/riservatezza/garanzie e conseguenze della mancata partecipazione.;"C:/Users/info/OneDrive/Desktop/concorso-book-os/artifacts/correzioni-collana-2026-10-02/VOL-04-ledger.json; wiki/reviews/correzioni-collana-2026-10-02/VOL-04.md"
V04-23;VOL-04;applicato-verificato-testo;verificato-nella-copertura-dichiarata;False;;Cap. 14: internato con misura detentiva, istituti, programma entro sei mesi, lavoro e disciplina.;"C:/Users/info/OneDrive/Desktop/concorso-book-os/artifacts/correzioni-collana-2026-10-02/VOL-04-ledger.json; wiki/reviews/correzioni-collana-2026-10-02/VOL-04.md"
V04-24;VOL-04;applicato-verificato-testo;verificato-nella-copertura-dichiarata;False;;Cap. 14: problema/dispositivo/effetto di Corte 99/2019, 253/2019, 10/2024 coordinati alle norme successive.;"C:/Users/info/OneDrive/Desktop/concorso-book-os/artifacts/correzioni-collana-2026-10-02/VOL-04-ledger.json; wiki/reviews/correzioni-collana-2026-10-02/VOL-04.md"
V04-26;VOL-04;applicato-verificato-testo;verificato-nella-copertura-dichiarata;False;;"Cap. 17: bibliografia per capitoli e norme; sentenza Torreggiani distinta dal comunicato e rassegna da pronuncia.";"C:/Users/info/OneDrive/Desktop/concorso-book-os/artifacts/correzioni-collana-2026-10-02/VOL-04-ledger.json; wiki/reviews/correzioni-collana-2026-10-02/VOL-04.md"
V04-27;VOL-04;applicato-verificato-testo;verificato-nella-copertura-dichiarata;False;;"84 quiz rielaborati con quattro alternative; chiavi A/B/C/D 21 ciascuna; 36 nuovi distrattori verificati nei primi sei capitoli.";"C:/Users/info/OneDrive/Desktop/concorso-book-os/artifacts/correzioni-collana-2026-10-02/VOL-04-ledger.json; wiki/reviews/correzioni-collana-2026-10-02/VOL-04.md"
V04-29;VOL-04;applicato-verificato-testo;verificato-nella-copertura-dichiarata;False;;Cap. 15–16: rinvii al base con titoli/capitoli, VOL-12 con sezioni nominate, limiti dei profili pedagogici espliciti.;"C:/Users/info/OneDrive/Desktop/concorso-book-os/artifacts/correzioni-collana-2026-10-02/VOL-04-ledger.json; wiki/reviews/correzioni-collana-2026-10-02/VOL-04.md"
P04-03;VOL-04;applicato-verificato-pdf;verificato-nella-copertura-dichiarata;False;;"Rimosso il solo H1 ridondante; titolo metadata conservato e generato una volta.";wiki/reviews/correzioni-collana-2026-10-02/PDF-VOL-04.md
V04-28;VOL-04;applicato-verificato-testo;verificato-nella-copertura-dichiarata;False;;"Refusi e imperativi corretti nel testo; eliminato apostrofo residuo dopo Perché nell’indice; controllo delle occorrenze contestuale.";"C:/Users/info/OneDrive/Desktop/concorso-book-os/artifacts/correzioni-collana-2026-10-02/VOL-04-ledger.json; wiki/reviews/correzioni-collana-2026-10-02/VOL-04.md"
P05-04;VOL-05;applicato-verificato-pdf;verificato-nella-copertura-dichiarata;False;;"Destinazioni e titoli ricostruiti; zero rinvii sorgente irrisolti e nessuna sequenza vuota.";wiki/reviews/correzioni-collana-2026-10-02/PDF-VOL-05.md
P05-20;VOL-05;applicato-verificato-pdf;verificato-nella-copertura-dichiarata;False;;"70 schemi specifici; ulteriori cinque iniziali convertiti dopo prova di stampa.";wiki/reviews/correzioni-collana-2026-10-02/PDF-VOL-05.md
P05-21;VOL-05;applicato-verificato-pdf;verificato-nella-copertura-dichiarata;False;;Bando, Aree, Nuclei, Diario e Output applicati alla preparazione del tema.;wiki/reviews/correzioni-collana-2026-10-02/PDF-VOL-05.md
V05-01;VOL-05;applicato-verificato-testo;verificato-nella-copertura-dichiarata;False;;"Rinvii al base ricostruiti con capitolo, titolo e heading esistente; mappa del laboratorio completata.";"C:/Users/info/OneDrive/Desktop/concorso-book-os/artifacts/correzioni-collana-2026-10-02/VOL-05-ledger.json; wiki/reviews/correzioni-collana-2026-10-02/VOL-05.md"
V05-02;VOL-05;applicato-verificato-testo;verificato-nella-copertura-dichiarata;False;;Riscritti tutti i 90 quesiti aperti e i 15 casi finali con fatti e soluzioni specifici.;"C:/Users/info/OneDrive/Desktop/concorso-book-os/artifacts/correzioni-collana-2026-10-02/VOL-05-ledger.json; wiki/reviews/correzioni-collana-2026-10-02/VOL-05.md"
V05-03;VOL-05;applicato-verificato-testo;verificato-nella-copertura-dichiarata;False;;"Inventario dei 75 nuclei effettivi e 15 unità aggregate; conteggio unico di 90 quesiti. Ricollocati heading che dividevano didascalie, introduzioni e tabelle.";"C:/Users/info/OneDrive/Desktop/concorso-book-os/artifacts/correzioni-collana-2026-10-02/VOL-05-ledger.json; wiki/reviews/correzioni-collana-2026-10-02/VOL-05.md"
V05-05;VOL-05;applicato-verificato-testo;verificato-nella-copertura-dichiarata;False;;Otto schede di organi, nomine, durata, rinnovo, incompatibilità, personale e controlli con fonti puntuali.;"C:/Users/info/OneDrive/Desktop/concorso-book-os/artifacts/correzioni-collana-2026-10-02/VOL-05-ledger.json; wiki/reviews/correzioni-collana-2026-10-02/VOL-05.md"
V05-08;VOL-05;applicato-verificato-testo;verificato-nella-copertura-dichiarata;False;;"Mini-AIR numerica con baseline, alternative, benefici netti, scenario avverso e distribuzione; delibera ARERA 255/2025/A identificata.";"C:/Users/info/OneDrive/Desktop/concorso-book-os/artifacts/correzioni-collana-2026-10-02/VOL-05-ledger.json; wiki/reviews/correzioni-collana-2026-10-02/VOL-05.md"
V05-09;VOL-05;applicato-verificato-testo;verificato-nella-copertura-dichiarata;False;;"Ispezioni AGCM/Garante, domicilio e autorizzazioni, tutela difensiva nel suo ambito; richiesta dati compilata e fase preliminare distinta.";"C:/Users/info/OneDrive/Desktop/concorso-book-os/artifacts/correzioni-collana-2026-10-02/VOL-05-ledger.json; wiki/reviews/correzioni-collana-2026-10-02/VOL-05.md"
V05-10;VOL-05;applicato-verificato-testo;verificato-nella-copertura-dichiarata;False;;"Tabella giudici, riti e termini, incluse novità TUF del 2026 e transitorio; privacy al Tribunale ordinario.";"C:/Users/info/OneDrive/Desktop/concorso-book-os/artifacts/correzioni-collana-2026-10-02/VOL-05-ledger.json; wiki/reviews/correzioni-collana-2026-10-02/VOL-05.md"
V05-11;VOL-05;applicato-verificato-testo;verificato-nella-copertura-dichiarata;False;;Garanzie punitive, ne bis in idem, impegni 14-ter, transazione e due tipi di ottemperanza spiegati e applicati.;"C:/Users/info/OneDrive/Desktop/concorso-book-os/artifacts/correzioni-collana-2026-10-02/VOL-05-ledger.json; wiki/reviews/correzioni-collana-2026-10-02/VOL-05.md"
V05-13;VOL-05;applicato-verificato-testo;verificato-nella-copertura-dichiarata;False;;Elasticità, regressione e intervallo, differenza delle differenze, strutture di mercato, RAB/WACC e costi comuni con esercizi risolti.;"C:/Users/info/OneDrive/Desktop/concorso-book-os/artifacts/correzioni-collana-2026-10-02/VOL-05-ledger.json; wiki/reviews/correzioni-collana-2026-10-02/VOL-05.md"
V05-14;VOL-05;applicato-verificato-testo;verificato-nella-copertura-dichiarata;False;;"Articoli 101/102, esenzione e clemenza; SIEC, competenza e soglie AGCM 2026, incluse operazioni sotto soglia.";"C:/Users/info/OneDrive/Desktop/concorso-book-os/artifacts/correzioni-collana-2026-10-02/VOL-05-ledger.json; wiki/reviews/correzioni-collana-2026-10-02/VOL-05.md"
V05-15;VOL-05;applicato-verificato-testo;verificato-nella-copertura-dichiarata;False;;"Codice consumo 20–26 e liste, gratis alla lettera v (rettifica della proposta originaria), clausole, rating, conflitti e delibera 31356; aggiornamento green claims 2026.";"C:/Users/info/OneDrive/Desktop/concorso-book-os/artifacts/correzioni-collana-2026-10-02/VOL-05-ledger.json; wiki/reviews/correzioni-collana-2026-10-02/VOL-05.md"
V05-16;VOL-05;applicato-verificato-testo;verificato-nella-copertura-dichiarata;False;;"PEF: gestore, ETC e ARERA distinti; esempio numerico, limite di crescita, MTR-3 e MTI-4.";"C:/Users/info/OneDrive/Desktop/concorso-book-os/artifacts/correzioni-collana-2026-10-02/VOL-05-ledger.json; wiki/reviews/correzioni-collana-2026-10-02/VOL-05.md"
V05-18;VOL-05;applicato-verificato-testo;verificato-nella-copertura-dichiarata;False;;"CCE e TUSMA, SMP, accesso, servizio universale, spettro/pluralismo; percorso Corecom e rimedi distinti.";"C:/Users/info/OneDrive/Desktop/concorso-book-os/artifacts/correzioni-collana-2026-10-02/VOL-05-ledger.json; wiki/reviews/correzioni-collana-2026-10-02/VOL-05.md"
V05-19;VOL-05;applicato-verificato-testo;verificato-nella-copertura-dichiarata;False;;"Categorie e obblighi DSA, intero riparto essenziale dell’articolo 56; gatekeeper e criteri DMA con casi separati.";"C:/Users/info/OneDrive/Desktop/concorso-book-os/artifacts/correzioni-collana-2026-10-02/VOL-05-ledger.json; wiki/reviews/correzioni-collana-2026-10-02/VOL-05.md"
V05-20;VOL-05;applicato-verificato-testo;verificato-nella-copertura-dichiarata;False;;"Adeguatezza, appropriatezza ed execution only; conflitti, incentivi e best execution con caso numerico.";"C:/Users/info/OneDrive/Desktop/concorso-book-os/artifacts/correzioni-collana-2026-10-02/VOL-05-ledger.json; wiki/reviews/correzioni-collana-2026-10-02/VOL-05.md"
V05-21;VOL-05;applicato-verificato-testo;verificato-nella-copertura-dichiarata;False;;"Prospetto e OPA corrente; MAR dopo Listing Act dal 5 giugno 2026; ART/EMT/CASP e riparto, transitorio MiCAR concluso.";"C:/Users/info/OneDrive/Desktop/concorso-book-os/artifacts/correzioni-collana-2026-10-02/VOL-05-ledger.json; wiki/reviews/correzioni-collana-2026-10-02/VOL-05.md"
V05-22;VOL-05;applicato-verificato-testo;verificato-nella-copertura-dichiarata;False;;"Tabella ABF/ACF/AAS con valori, termini, effetti e condizioni; transitorio del primo anno AAS preservato.";"C:/Users/info/OneDrive/Desktop/concorso-book-os/artifacts/correzioni-collana-2026-10-02/VOL-05-ledger.json; wiki/reviews/correzioni-collana-2026-10-02/VOL-05.md"
V05-23;VOL-05;applicato-verificato-testo;verificato-nella-copertura-dichiarata;False;;"SSM, procedure comuni, TUB/CRR/CRD, capitale/liquidità/SREP, crisi e Solvency II; nucleo minimo privato/societario/AML.";"C:/Users/info/OneDrive/Desktop/concorso-book-os/artifacts/correzioni-collana-2026-10-02/VOL-05-ledger.json; wiki/reviews/correzioni-collana-2026-10-02/VOL-05.md"
V05-24;VOL-05;applicato-verificato-testo;verificato-nella-copertura-dichiarata;False;;"Articolo 55(2) applicato al concorso pubblico: niente sportello unico; distinto riuso autonomo del fornitore.";"C:/Users/info/OneDrive/Desktop/concorso-book-os/artifacts/correzioni-collana-2026-10-02/VOL-05-ledger.json; wiki/reviews/correzioni-collana-2026-10-02/VOL-05.md"
V05-25;VOL-05;applicato-verificato-testo;verificato-nella-copertura-dichiarata;False;;"Poteri 58, fasce 83, reclamo 77/78, Codice e regolamento 1/2019 aggiornato; tre, nove/dodici mesi e trenta giorni distinti.";"C:/Users/info/OneDrive/Desktop/concorso-book-os/artifacts/correzioni-collana-2026-10-02/VOL-05-ledger.json; wiki/reviews/correzioni-collana-2026-10-02/VOL-05.md"
V05-28;VOL-05;applicato-verificato-testo;verificato-nella-copertura-dichiarata;False;;"Presunzione applicata ai casi e alla G3, limiti per soggetti collegati; articolo 19 distinto da articolo 6, ANAC distinto dal giudice.";"C:/Users/info/OneDrive/Desktop/concorso-book-os/artifacts/correzioni-collana-2026-10-02/VOL-05-ledger.json; wiki/reviews/correzioni-collana-2026-10-02/VOL-05.md"
V05-29;VOL-05;applicato-verificato-testo;verificato-nella-copertura-dichiarata;False;;"PNA/PIAO/PTPCT, caso di rischio compilato, articoli 220/222; ambito pubblico/privato, canali, termini e riservatezza.";"C:/Users/info/OneDrive/Desktop/concorso-book-os/artifacts/correzioni-collana-2026-10-02/VOL-05-ledger.json; wiki/reviews/correzioni-collana-2026-10-02/VOL-05.md"
V05-30;VOL-05;applicato-verificato-testo;verificato-nella-copertura-dichiarata;False;;"Dieci dossier e soluzioni complete; tre simulazioni economiche con calcoli. Rubrica richiede la regola corretta, non semplice dichiarazione di ignorarla.";"C:/Users/info/OneDrive/Desktop/concorso-book-os/artifacts/correzioni-collana-2026-10-02/VOL-05-ledger.json; wiki/reviews/correzioni-collana-2026-10-02/VOL-05.md"
P05-01;VOL-05;applicato-verificato-pdf;verificato-nella-copertura-dichiarata;False;;"Un solo titolo Schema N.N con tabella nativa; didascalie duplicate eliminate.";wiki/reviews/correzioni-collana-2026-10-02/PDF-VOL-05.md
P05-02;VOL-05;applicato-verificato-pdf;verificato-nella-copertura-dichiarata;False;;"75 schemi a caratteri nativi, tabelle 9,5 pt; Decoder verticale compilabile.";wiki/reviews/correzioni-collana-2026-10-02/PDF-VOL-05.md
P05-03;VOL-05;applicato-verificato-pdf;verificato-nella-copertura-dichiarata;False;;Reti, competenze e designazioni distinte con contenuti specifici.;wiki/reviews/correzioni-collana-2026-10-02/PDF-VOL-05.md
P05-23;VOL-05;applicato-verificato-pdf;verificato-nella-copertura-dichiarata;False;;"Esiti condizionati del controllo; riservatezza e protezione lungo il percorso.";wiki/reviews/correzioni-collana-2026-10-02/PDF-VOL-05.md
V05-04;VOL-05;applicato-verificato-testo;verificato-nella-copertura-dichiarata;False;;"P definito giuridico-economico in testo, indice e Bibbia; rimossa etichetta premium.";"C:/Users/info/OneDrive/Desktop/concorso-book-os/artifacts/correzioni-collana-2026-10-02/VOL-05-ledger.json; wiki/reviews/correzioni-collana-2026-10-02/VOL-05.md"
V05-07;VOL-05;applicato-verificato-testo;verificato-nella-copertura-dichiarata;False;;"Fonti UE 288–291 e tabella di reti, agenzie e autorità; RTS/ITS distinti da progetti e orientamenti.";"C:/Users/info/OneDrive/Desktop/concorso-book-os/artifacts/correzioni-collana-2026-10-02/VOL-05-ledger.json; wiki/reviews/correzioni-collana-2026-10-02/VOL-05.md"
V05-12;VOL-05;applicato-verificato-testo;verificato-nella-copertura-dichiarata;False;;Price cap e revenue cap separati, formule didattiche ed effetti dei volumi calcolati.;"C:/Users/info/OneDrive/Desktop/concorso-book-os/artifacts/correzioni-collana-2026-10-02/VOL-05-ledger.json; wiki/reviews/correzioni-collana-2026-10-02/VOL-05.md"
V05-17;VOL-05;applicato-verificato-testo;verificato-nella-copertura-dichiarata;False;;"Tre tipi di unbundling; reclamo, indennizzo e conciliazione con termini e differenze per settore, incluso teleriscaldamento.";"C:/Users/info/OneDrive/Desktop/concorso-book-os/artifacts/correzioni-collana-2026-10-02/VOL-05-ledger.json; wiki/reviews/correzioni-collana-2026-10-02/VOL-05.md"
V05-26;VOL-05;applicato-verificato-testo;verificato-nella-copertura-dichiarata;False;;RPCT gestore del canale interno nei soggetti pubblici obbligati ex articolo 4(5).;"C:/Users/info/OneDrive/Desktop/concorso-book-os/artifacts/correzioni-collana-2026-10-02/VOL-05-ledger.json; wiki/reviews/correzioni-collana-2026-10-02/VOL-05.md"
V05-27;VOL-05;applicato-verificato-testo;verificato-nella-copertura-dichiarata;False;;"Interesse pubblico riferito all’oggetto; motivi personali irrilevanti ex articolo 16(2).";"C:/Users/info/OneDrive/Desktop/concorso-book-os/artifacts/correzioni-collana-2026-10-02/VOL-05-ledger.json; wiki/reviews/correzioni-collana-2026-10-02/VOL-05.md"
V05-31;VOL-05;applicato-verificato-testo;verificato-nella-copertura-dichiarata;False;;Memo effettivo di 107 parole: VLOP e competenza esclusiva Commissione per gli obblighi del caso.;"C:/Users/info/OneDrive/Desktop/concorso-book-os/artifacts/correzioni-collana-2026-10-02/VOL-05-ledger.json; wiki/reviews/correzioni-collana-2026-10-02/VOL-05.md"
V05-33;VOL-05;applicato-verificato-testo;verificato-nella-copertura-dichiarata;False;;"Repertori leggibili per capitolo; URL DORA corretto a 25G00032 e vecchio slug del capitolo 12 riparato.";"C:/Users/info/OneDrive/Desktop/concorso-book-os/artifacts/correzioni-collana-2026-10-02/VOL-05-ledger.json; wiki/reviews/correzioni-collana-2026-10-02/VOL-05.md"
P05-22;VOL-05;applicato-verificato-pdf;verificato-nella-copertura-dichiarata;False;;"Relazioni espresse in tabelle; nessun connettore ambiguo residuo.";wiki/reviews/correzioni-collana-2026-10-02/PDF-VOL-05.md
V05-06;VOL-05;applicato-verificato-testo;verificato-nella-copertura-dichiarata;False;;Accountability definita obbligo di rendere conto, motivazione e responsabilità verificabile.;"C:/Users/info/OneDrive/Desktop/concorso-book-os/artifacts/correzioni-collana-2026-10-02/VOL-05-ledger.json; wiki/reviews/correzioni-collana-2026-10-02/VOL-05.md"
V05-32;VOL-05;applicato-verificato-testo;verificato-nella-copertura-dichiarata;False;;"Refusi corretti e blocchi automatici sostituiti; concordanze riesaminate nei nuovi passaggi.";"C:/Users/info/OneDrive/Desktop/concorso-book-os/artifacts/correzioni-collana-2026-10-02/VOL-05-ledger.json; wiki/reviews/correzioni-collana-2026-10-02/VOL-05.md"
P06-01;VOL-06;applicato-verificato-pdf;verificato-nella-copertura-dichiarata;False;;Correzione applicata e resa controllata.;wiki/reviews/correzioni-collana-2026-10-02/PDF-VOL-06.md
P06-03;VOL-06;applicato-verificato-pdf;verificato-nella-copertura-dichiarata;False;;Titoli e rinvii uniformati.;wiki/reviews/correzioni-collana-2026-10-02/PDF-VOL-06.md
V06-01;VOL-06;applicato-verificato-testo;verificato-nella-copertura-dichiarata;False;"wiki/books/moduli/m-ir01-scuola/chapters/12-metodologie-valutazione-digitale-didattico.md; wiki/sources/valutazione-e-competenze-digitali-docenti-dlgs-62-2017-om-172-digcompedu.md";Sostituita la presentazione corrente dell’O.M. 172/2020 con O.M. 3/2025, sei giudizi, ultimo periodo 2024/2025, valutazione in itinere e distinto comportamento nella secondaria di primo grado.;"C:/Users/info/OneDrive/Desktop/concorso-book-os/artifacts/correzioni-collana-2026-10-02/VOL-06-changes.json; wiki/reviews/correzioni-collana-2026-10-02/VOL-06.md"
V06-03;VOL-06;applicato-verificato-testo;verificato-nella-copertura-dichiarata;False;"wiki/books/moduli/m-ir01-scuola/chapters/12-metodologie-valutazione-digitale-didattico.md; wiki/books/moduli/m-ir01-scuola/chapters/13-progettazione-lezione-simulata.md; wiki/books/moduli/m-ir01-scuola/planning/02-matrice-copertura-didattica.md; wiki/books/moduli/m-ir01-scuola/planning/03-piano-capitolo-12-metodologie-valutazione-digitale-didattico.md; wiki/books/moduli/m-ir01-scuola/planning/03-piano-capitolo-13-progettazione-lezione-simulata.md; wiki/topics/m-ir01-scuola-fonti-e-profili.md; wiki/sources/valutazione-e-competenze-digitali-docenti-dlgs-62-2017-om-172-digcompedu.md";Aggiornata la nota preesistente con “e” nello slug, riallineati i riferimenti del modulo e del topic senza duplicare una fonte obsoleta.;"C:/Users/info/OneDrive/Desktop/concorso-book-os/artifacts/correzioni-collana-2026-10-02/VOL-06-changes.json; wiki/reviews/correzioni-collana-2026-10-02/VOL-06.md"
V06-04;VOL-06;applicato-verificato-testo;verificato-nella-copertura-dichiarata;False;"wiki/books/moduli/m-ir01-scuola/chapters/02-sistema-nazionale-autonomia-organizzazione.md; wiki/books/moduli/m-ir01-scuola/chapters/03-organi-collegiali-governance.md; wiki/books/moduli/m-ir01-scuola/chapters/04-ptof-rav-pdm-valutazione-inclusione.md";Integrati ordinamenti essenziali, organi/composizioni/competenze/quorum e procedimento PTOF/SNV, con casi numerici risolti.;"C:/Users/info/OneDrive/Desktop/concorso-book-os/artifacts/correzioni-collana-2026-10-02/VOL-06-changes.json; wiki/reviews/correzioni-collana-2026-10-02/VOL-06.md"
V06-05;VOL-06;applicato-verificato-testo;verificato-nella-copertura-dichiarata;False;"wiki/books/moduli/m-ir01-scuola/chapters/05-segreteria-ata-alunni-protocollo-carriere.md; wiki/books/moduli/m-ir01-scuola/chapters/06-dsga-eq-ruolo-uffici-personale.md";"Caso completo di trasferimento con nota istruttoria e rubrica; piano ATA con proposta DSGA, adozione DS, attuazione DSGA, quadro contrattuale 2025 e aree/profili.";"C:/Users/info/OneDrive/Desktop/concorso-book-os/artifacts/correzioni-collana-2026-10-02/VOL-06-changes.json; wiki/reviews/correzioni-collana-2026-10-02/VOL-06.md"
V06-06;VOL-06;applicato-verificato-testo;verificato-nella-copertura-dichiarata;False;"wiki/books/moduli/m-ir01-scuola/chapters/07-contabilita-scolastica.md; wiki/books/moduli/m-ir01-scuola/chapters/08-acquisti-inventario-pnrr.md";Inseriti programma annuale e consuntivo con ruoli/termini ordinari, fasi entrata/spesa, residui, riconciliazione numerica e inventario con consegnatario/ricognizione/scarico.;"C:/Users/info/OneDrive/Desktop/concorso-book-os/artifacts/correzioni-collana-2026-10-02/VOL-06-changes.json; wiki/reviews/correzioni-collana-2026-10-02/VOL-06.md"
V06-07;VOL-06;applicato-verificato-testo;verificato-nella-copertura-dichiarata;False;"wiki/books/moduli/m-ir01-scuola/chapters/09-dirigente-scolastico-leadership-management.md; wiki/books/moduli/m-ir01-scuola/chapters/10-relazioni-sindacali-sicurezza-responsabilita.md";"Esposti art.25 D.Lgs.165, relazioni del CCNL23dicembre2025 e ruoli sicurezza/ente edilizio; protezione urgente anteposta alla documentazione nello scenario e nella domanda-trappola.";"C:/Users/info/OneDrive/Desktop/concorso-book-os/artifacts/correzioni-collana-2026-10-02/VOL-06-changes.json; wiki/reviews/correzioni-collana-2026-10-02/VOL-06.md"
V06-08;VOL-06;applicato-verificato-testo;verificato-nella-copertura-dichiarata;False;"wiki/books/moduli/m-ir01-scuola/chapters/11-pedagogia-psicologia-inclusione.md; wiki/books/moduli/m-ir01-scuola/chapters/13-progettazione-lezione-simulata.md; wiki/sources/inclusione-scolastica-disabilita-dsa-dlgs-66-2017-legge-170-2010.md; wiki/sources/programmi-concorsi-docenti-dm-205-206-2023.md";Integrati modelli psicopedagogici, PEI/PDP/GLO/GLI, individualizzazione e personalizzazione, sei quiz commentati e lezione completa su frazioni equivalenti con materiali, tempi, soluzione e rubrica. Aggiornato PEI al D.L.170/2026 e sostituito il richiamo improprio al DPR487 nella prova docente.;"C:/Users/info/OneDrive/Desktop/concorso-book-os/artifacts/correzioni-collana-2026-10-02/VOL-06-changes.json; wiki/reviews/correzioni-collana-2026-10-02/VOL-06.md"
V06-09;VOL-06;applicato-verificato-testo;verificato-nella-copertura-dichiarata;False;"wiki/books/moduli/m-ir02-universita-afam/chapters/02-autonomia-statuti-organi.md; wiki/books/moduli/m-ir02-universita-afam/chapters/03-ordinamenti-didattici-qualita.md; wiki/books/moduli/m-ir02-universita-afam/chapters/04-carriere-studenti-diritto-studio.md; wiki/sources/fonti-ufficiali-m-ir02-universita-afam-2026-07-24.md";Inseriti quadro nazionale degli organi L.240, CFU/titoli e calcoli D.M.270, attori/documenti AVA3, distinzione delle variazioni di carriera e caso economico ER.GO2026/2027 con fonte identificata.;"C:/Users/info/OneDrive/Desktop/concorso-book-os/artifacts/correzioni-collana-2026-10-02/VOL-06-changes.json; wiki/reviews/correzioni-collana-2026-10-02/VOL-06.md"
V06-10;VOL-06;applicato-verificato-testo;verificato-nella-copertura-dichiarata;False;"wiki/books/moduli/m-ir03-enti-ricerca/chapters/04-amministrazione-contabilita-controlli.md; wiki/books/moduli/m-ir03-enti-ricerca/chapters/11-horizon-pnrr-grant-management.md; wiki/sources/fonti-ufficiali-m-ir03-enti-ricerca-2026-07-24.md; wiki/reviews/pipeline/VOL-06/15-moduli-m-ir03-enti-ricerca.md; wiki/books/moduli/m-ir02-universita-afam/chapters/06-bilancio-ateneo.md; wiki/books/moduli/m-ir02-universita-afam/chapters/07-ricerca-grant-management.md; wiki/books/moduli/m-ir02-universita-afam/chapters/08-prin-horizon-pnrr-audit.md";"CNR 2025: documenti di bilancio, assestamenti e caso quadrato; grant con forme AGA e calcoli. Completa le integrazioni IR02/06–08 già applicate.";"C:/Users/info/OneDrive/Desktop/concorso-book-os/artifacts/correzioni-collana-2026-10-02/VOL-06-changes.json; wiki/reviews/correzioni-collana-2026-10-02/VOL-06.md"
V06-11;VOL-06;applicato-verificato-testo;verificato-nella-copertura-dichiarata;False;"wiki/books/moduli/m-ir04-cultura-beni-culturali/chapters/06-catalogazione-digitalizzazione.md; wiki/books/moduli/m-ir04-cultura-beni-culturali/chapters/07-archivistica-archivi.md; wiki/books/moduli/m-ir04-cultura-beni-culturali/chapters/08-biblioteconomia-servizi.md; wiki/books/moduli/m-ir02-universita-afam/chapters/09-biblioteche-cataloghi-open-access.md; wiki/sources/fonti-ufficiali-m-ir04-cultura-mic-2026-07-24.md; wiki/reviews/pipeline/VOL-06/15-moduli-m-ir04-cultura-beni-culturali.md";ISAD/ISAAR, REICAT/ISBD/UNIMARC/SBNMARC, authority/soggetto/ILL/DD, master/derivati e controllo di integrità con casi. Completa IR02/09 già applicato.;"C:/Users/info/OneDrive/Desktop/concorso-book-os/artifacts/correzioni-collana-2026-10-02/VOL-06-changes.json; wiki/reviews/correzioni-collana-2026-10-02/VOL-06.md"
V06-13;VOL-06;applicato-verificato-testo;verificato-nella-copertura-dichiarata;False;"wiki/books/moduli/m-ir02-universita-afam/chapters/11-afam-ordinamento-amministrazione.md; wiki/sources/fonti-ufficiali-m-ir02-universita-afam-2026-07-24.md";"Corretta la collocazione terziaria AFAM; distinte istituzioni statali e non statali, limitato il caso amministrativo al settore statale, integrati organi/CFA/titoli e calcolo risolto.";"C:/Users/info/OneDrive/Desktop/concorso-book-os/artifacts/correzioni-collana-2026-10-02/VOL-06-changes.json; wiki/reviews/correzioni-collana-2026-10-02/VOL-06.md"
V06-14;VOL-06;applicato-verificato-testo;verificato-nella-copertura-dichiarata;False;"wiki/books/moduli/m-ir02-universita-afam/chapters/11-afam-ordinamento-amministrazione.md; wiki/sources/fonti-ufficiali-m-ir02-universita-afam-2026-07-24.md";Rimossi Bozza agente, escape letterali e apertura duplicata.;"C:/Users/info/OneDrive/Desktop/concorso-book-os/artifacts/correzioni-collana-2026-10-02/VOL-06-changes.json; wiki/reviews/correzioni-collana-2026-10-02/VOL-06.md"
V06-17;VOL-06;applicato-verificato-testo;verificato-nella-copertura-dichiarata;False;"wiki/books/moduli/m-ir03-enti-ricerca/chapters/01-epr-quattro-profili.md; wiki/sources/fonti-ufficiali-m-ir03-enti-ricerca-2026-07-24.md; wiki/reviews/pipeline/VOL-06/15-moduli-m-ir03-enti-ricerca.md";Sostituito il quadro finanziario UE 2018/1046 con 2024/2509 e relativa decorrenza, anche nella fonte.;"C:/Users/info/OneDrive/Desktop/concorso-book-os/artifacts/correzioni-collana-2026-10-02/VOL-06-changes.json; wiki/reviews/correzioni-collana-2026-10-02/VOL-06.md"
V06-18;VOL-06;applicato-verificato-testo;verificato-nella-copertura-dichiarata;False;"wiki/books/moduli/m-ir03-enti-ricerca/chapters/02-autonomia-statuti-governance.md; wiki/books/moduli/m-ir03-enti-ricerca/chapters/03-profili-organizzazione.md; wiki/sources/fonti-ufficiali-m-ir03-enti-ricerca-2026-07-24.md; wiki/reviews/pipeline/VOL-06/15-moduli-m-ir03-enti-ricerca.md";"Distinti ambiti 213/218; principi EPR, statuti CNR/ISTAT, livelli e declaratorie funzionali.";"C:/Users/info/OneDrive/Desktop/concorso-book-os/artifacts/correzioni-collana-2026-10-02/VOL-06-changes.json; wiki/reviews/correzioni-collana-2026-10-02/VOL-06.md"
V06-22;VOL-06;applicato-verificato-testo;verificato-nella-copertura-dichiarata;False;"wiki/books/moduli/m-ir03-enti-ricerca/chapters/09-proprieta-intellettuale-trasferimento.md; wiki/sources/fonti-ufficiali-m-ir03-enti-ricerca-2026-07-24.md; wiki/reviews/pipeline/VOL-06/15-moduli-m-ir03-enti-ricerca.md";Art. 65 CPI vigente, comunicazione e deposito, terzi, brevetto e licenza/cessione spiegati con caso.;"C:/Users/info/OneDrive/Desktop/concorso-book-os/artifacts/correzioni-collana-2026-10-02/VOL-06-changes.json; wiki/reviews/correzioni-collana-2026-10-02/VOL-06.md"
V06-23;VOL-06;applicato-verificato-testo;verificato-nella-copertura-dichiarata;False;"wiki/books/moduli/m-ir03-enti-ricerca/chapters/11-horizon-pnrr-grant-management.md; wiki/sources/fonti-ufficiali-m-ir03-enti-ricerca-2026-07-24.md; wiki/reviews/pipeline/VOL-06/15-moduli-m-ir03-enti-ricerca.md; wiki/books/moduli/m-ir01-scuola/chapters/08-acquisti-inventario-pnrr.md";"DNSH qualificato come obbligo RRF; adempimenti specifici distinti. Completa la quota IR01 già applicata.";"C:/Users/info/OneDrive/Desktop/concorso-book-os/artifacts/correzioni-collana-2026-10-02/VOL-06-changes.json; wiki/reviews/correzioni-collana-2026-10-02/VOL-06.md"
V06-25;VOL-06;applicato-verificato-testo;verificato-nella-copertura-dichiarata;False;"wiki/books/moduli/m-ir04-cultura-beni-culturali/chapters/02-organizzazione-centrale-periferica.md; wiki/sources/fonti-ufficiali-m-ir04-cultura-mic-2026-07-24.md; wiki/reviews/pipeline/VOL-06/15-moduli-m-ir04-cultura-beni-culturali.md";Assetto a quattro dipartimenti e DG, funzioni territoriali SABAP/archivi/biblioteche e istituti autonomi.;"C:/Users/info/OneDrive/Desktop/concorso-book-os/artifacts/correzioni-collana-2026-10-02/VOL-06-changes.json; wiki/reviews/correzioni-collana-2026-10-02/VOL-06.md"
V06-26;VOL-06;applicato-verificato-testo;verificato-nella-copertura-dichiarata;False;"wiki/books/moduli/m-ir04-cultura-beni-culturali/chapters/03-codice-beni-culturali-sistema-categorie.md; wiki/books/moduli/m-ir04-cultura-beni-culturali/chapters/04-tutela-valorizzazione-fruizione-paesaggio.md; wiki/books/moduli/m-ir04-cultura-beni-culturali/chapters/05-procedimenti-vincoli-circolazione.md; wiki/sources/fonti-ufficiali-m-ir04-cultura-mic-2026-07-24.md; wiki/reviews/pipeline/VOL-06/15-moduli-m-ir04-cultura-beni-culturali.md";"Categorie e tutela interinale, verifica/dichiarazione, alienabilità, termini e uscita; art. 21 e soglie art. 65 aggiornati al 2026.";"C:/Users/info/OneDrive/Desktop/concorso-book-os/artifacts/correzioni-collana-2026-10-02/VOL-06-changes.json; wiki/reviews/correzioni-collana-2026-10-02/VOL-06.md"
V06-27;VOL-06;applicato-verificato-testo;verificato-nella-copertura-dichiarata;False;"wiki/books/moduli/m-ir04-cultura-beni-culturali/chapters/03-codice-beni-culturali-sistema-categorie.md; wiki/books/moduli/m-ir04-cultura-beni-culturali/chapters/04-tutela-valorizzazione-fruizione-paesaggio.md; wiki/sources/fonti-ufficiali-m-ir04-cultura-mic-2026-07-24.md; wiki/reviews/pipeline/VOL-06/15-moduli-m-ir04-cultura-beni-culturali.md";Usi incompatibili qualificati come vietati, distinti dagli interventi autorizzabili.;"C:/Users/info/OneDrive/Desktop/concorso-book-os/artifacts/correzioni-collana-2026-10-02/VOL-06-changes.json; wiki/reviews/correzioni-collana-2026-10-02/VOL-06.md"
V06-29;VOL-06;applicato-verificato-testo;verificato-nella-copertura-dichiarata;False;"wiki/books/moduli/m-ir04-cultura-beni-culturali/chapters/07-archivistica-archivi.md; wiki/sources/fonti-ufficiali-m-ir04-cultura-mic-2026-07-24.md; wiki/reviews/pipeline/VOL-06/15-moduli-m-ir04-cultura-beni-culturali.md";"ISAD/ISAAR e scheda multilivello; diplomatica introduttiva, scarto, versamento e consultabilità con caso.";"C:/Users/info/OneDrive/Desktop/concorso-book-os/artifacts/correzioni-collana-2026-10-02/VOL-06-changes.json; wiki/reviews/correzioni-collana-2026-10-02/VOL-06.md"
V06-30;VOL-06;applicato-verificato-testo;verificato-nella-copertura-dichiarata;False;"wiki/books/moduli/m-ir04-cultura-beni-culturali/chapters/09-archeologia-tutela-territoriale.md; wiki/books/moduli/m-ir04-cultura-beni-culturali/chapters/10-storia-arte-museologia.md; wiki/books/moduli/m-ir04-cultura-beni-culturali/chapters/11-restauro-conservazione.md; wiki/sources/fonti-ufficiali-m-ir04-cultura-mic-2026-07-24.md; wiki/reviews/pipeline/VOL-06/15-moduli-m-ir04-cultura-beni-culturali.md";US e sequenza stratigrafica risolta, ritrovamento fortuito, scheda Botticelli e art. 29 applicato.;"C:/Users/info/OneDrive/Desktop/concorso-book-os/artifacts/correzioni-collana-2026-10-02/VOL-06-changes.json; wiki/reviews/correzioni-collana-2026-10-02/VOL-06.md"
V06-31;VOL-06;applicato-verificato-testo;verificato-nella-copertura-dichiarata;False;"wiki/books/moduli/m-ir04-cultura-beni-culturali/chapters/12-architettura-paesaggio-cantieri.md; wiki/sources/fonti-ufficiali-m-ir04-cultura-mic-2026-07-24.md; wiki/reviews/pipeline/VOL-06/15-moduli-m-ir04-cultura-beni-culturali.md";"Eliminata esclusione assoluta della progettazione dalle prove; distinti profilo amministrativo e architetto.";"C:/Users/info/OneDrive/Desktop/concorso-book-os/artifacts/correzioni-collana-2026-10-02/VOL-06-changes.json; wiki/reviews/correzioni-collana-2026-10-02/VOL-06.md"
V06-32;VOL-06;applicato-verificato-testo;verificato-nella-copertura-dichiarata;False;"wiki/books/moduli/m-ir04-cultura-beni-culturali/chapters/13-fruizione-vigilanza-sicurezza.md; wiki/sources/fonti-ufficiali-m-ir04-cultura-mic-2026-07-24.md; wiki/reviews/pipeline/VOL-06/15-moduli-m-ir04-cultura-beni-culturali.md";Obblighi del lavoratore, incarichi degli addetti, piano locale e caso di pericolo con soluzione.;"C:/Users/info/OneDrive/Desktop/concorso-book-os/artifacts/correzioni-collana-2026-10-02/VOL-06-changes.json; wiki/reviews/correzioni-collana-2026-10-02/VOL-06.md"
V06-35;VOL-06;applicato-verificato-testo;verificato-nella-copertura-dichiarata;False;"wiki/books/moduli/m-ir04-cultura-beni-culturali/chapters/01-mic-quattro-profili.md; wiki/books/moduli/m-ir04-cultura-beni-culturali/chapters/02-organizzazione-centrale-periferica.md; wiki/books/moduli/m-ir04-cultura-beni-culturali/chapters/03-codice-beni-culturali-sistema-categorie.md; wiki/books/moduli/m-ir04-cultura-beni-culturali/chapters/04-tutela-valorizzazione-fruizione-paesaggio.md; wiki/books/moduli/m-ir04-cultura-beni-culturali/chapters/05-procedimenti-vincoli-circolazione.md; wiki/books/moduli/m-ir04-cultura-beni-culturali/chapters/06-catalogazione-digitalizzazione.md; wiki/books/moduli/m-ir04-cultura-beni-culturali/chapters/07-archivistica-archivi.md; wiki/books/moduli/m-ir04-cultura-beni-culturali/chapters/08-biblioteconomia-servizi.md; wiki/books/moduli/m-ir04-cultura-beni-culturali/chapters/09-archeologia-tutela-territoriale.md; wiki/books/moduli/m-ir04-cultura-beni-culturali/chapters/10-storia-arte-museologia.md; wiki/books/moduli/m-ir04-cultura-beni-culturali/chapters/11-restauro-conservazione.md; wiki/books/moduli/m-ir04-cultura-beni-culturali/chapters/12-architettura-paesaggio-cantieri.md; wiki/books/moduli/m-ir04-cultura-beni-culturali/chapters/13-fruizione-vigilanza-sicurezza.md; wiki/books/volumi/vol-06-scuola-universita-ricerca-cultura/index.md; wiki/books/volumi/vol-06-scuola-universita-ricerca-cultura/planning/00-scheda-pipeline.md; wiki/books/volumi/vol-06-scuola-universita-ricerca-cultura/planning/01-indice-analitico.md; wiki/books/volumi/vol-06-scuola-universita-ricerca-cultura/planning/04-inventario-apparati-correzioni-2026-10-03.md; wiki/sources/fonti-ufficiali-m-ir04-cultura-mic-2026-07-24.md; wiki/reviews/pipeline/VOL-06/15-moduli-m-ir04-cultura-beni-culturali.md";"Inventario 50 capitoli e apparati effettivi; eliminate appendici inesistenti promesse, rinvii circoscritti a heading verificati, stati allineati alla fase reale.";"C:/Users/info/OneDrive/Desktop/concorso-book-os/artifacts/correzioni-collana-2026-10-02/VOL-06-changes.json; wiki/reviews/correzioni-collana-2026-10-02/VOL-06.md"
P06-02;VOL-06;applicato-verificato-pdf;verificato-nella-copertura-dichiarata;False;;Separazione heading/lista applicata.;wiki/reviews/correzioni-collana-2026-10-02/PDF-VOL-06.md
P06-04;VOL-06;applicato-verificato-pdf;verificato-nella-copertura-dichiarata;False;;Metadati corretti e indice verificato sul PDF.;wiki/reviews/correzioni-collana-2026-10-02/PDF-VOL-06.md
V06-02;VOL-06;applicato-verificato-testo;verificato-nella-copertura-dichiarata;False;"wiki/books/moduli/m-ir01-scuola/chapters/12-metodologie-valutazione-digitale-didattico.md; wiki/sources/valutazione-e-competenze-digitali-docenti-dlgs-62-2017-om-172-digcompedu.md";Elencate le sei aree DigCompEdu, ripristinata l’area professionale.;"C:/Users/info/OneDrive/Desktop/concorso-book-os/artifacts/correzioni-collana-2026-10-02/VOL-06-changes.json; wiki/reviews/correzioni-collana-2026-10-02/VOL-06.md"
V06-12;VOL-06;applicato-verificato-testo;verificato-nella-copertura-dichiarata;False;"wiki/books/moduli/m-ir02-universita-afam/chapters/10-orientamento-placement-terza-missione.md; wiki/sources/fonti-ufficiali-m-ir02-universita-afam-2026-07-24.md";"Spiegati Learning Agreement, Transcript of Records, riconoscimento con caso 18/12 crediti; tirocinio curriculare con ruoli, documenti, attivazione e caso UniBo identificato.";"C:/Users/info/OneDrive/Desktop/concorso-book-os/artifacts/correzioni-collana-2026-10-02/VOL-06-changes.json; wiki/reviews/correzioni-collana-2026-10-02/VOL-06.md"
V06-15;VOL-06;applicato-verificato-testo;verificato-nella-copertura-dichiarata;False;wiki/books/moduli/m-ir02-universita-afam/chapters/12-laboratorio-quattro-profili.md;Corretta la congiunzione del quiz2, mantenuto il predicato plurale.;"C:/Users/info/OneDrive/Desktop/concorso-book-os/artifacts/correzioni-collana-2026-10-02/VOL-06-changes.json; wiki/reviews/correzioni-collana-2026-10-02/VOL-06.md"
V06-16;VOL-06;applicato-verificato-testo;verificato-nella-copertura-dichiarata;False;wiki/books/moduli/m-ir02-universita-afam/chapters/12-laboratorio-quattro-profili.md;"Riformulato quiz3 nel regime dei costi reali: budget e variazioni consentite, ulteriori condizioni del grant; commentati tutti i distrattori e distinti i costi semplificati.";"C:/Users/info/OneDrive/Desktop/concorso-book-os/artifacts/correzioni-collana-2026-10-02/VOL-06-changes.json; wiki/reviews/correzioni-collana-2026-10-02/VOL-06.md"
V06-19;VOL-06;applicato-verificato-testo;verificato-nella-copertura-dichiarata;False;"wiki/books/moduli/m-ir03-enti-ricerca/chapters/05-compliance-audit-acquisti-missioni.md; wiki/sources/fonti-ufficiali-m-ir03-enti-ricerca-2026-07-24.md; wiki/reviews/pipeline/VOL-06/15-moduli-m-ir03-enti-ricerca.md";"Eliminati duplicati; conflitto e astensione, deroga EPR delimitata, missione con documenti e saldo, follow-up audit.";"C:/Users/info/OneDrive/Desktop/concorso-book-os/artifacts/correzioni-collana-2026-10-02/VOL-06-changes.json; wiki/reviews/correzioni-collana-2026-10-02/VOL-06.md"
V06-20;VOL-06;applicato-verificato-testo;verificato-nella-copertura-dichiarata;False;"wiki/books/moduli/m-ir03-enti-ricerca/chapters/06-metodologia-progettazione.md; wiki/sources/fonti-ufficiali-m-ir03-enti-ricerca-2026-07-24.md; wiki/reviews/pipeline/VOL-06/15-moduli-m-ir03-enti-ricerca.md";"Scelte progettuali ammesse se dichiarate; mini-proposta con dati, strumenti, calendario e rubrica.";"C:/Users/info/OneDrive/Desktop/concorso-book-os/artifacts/correzioni-collana-2026-10-02/VOL-06-changes.json; wiki/reviews/correzioni-collana-2026-10-02/VOL-06.md"
V06-21;VOL-06;applicato-verificato-testo;verificato-nella-copertura-dichiarata;False;"wiki/books/moduli/m-ir03-enti-ricerca/chapters/07-pubblicazioni-valutazione-integrita.md; wiki/books/moduli/m-ir03-enti-ricerca/chapters/08-tecnologo-laboratori-infrastrutture.md; wiki/sources/fonti-ufficiali-m-ir03-enti-ricerca-2026-07-24.md; wiki/reviews/pipeline/VOL-06/15-moduli-m-ir03-enti-ricerca.md";"h-index con calcolo e limiti; piano tecnico con requisiti, accettazione e regressione.";"C:/Users/info/OneDrive/Desktop/concorso-book-os/artifacts/correzioni-collana-2026-10-02/VOL-06-changes.json; wiki/reviews/correzioni-collana-2026-10-02/VOL-06.md"
V06-24;VOL-06;applicato-verificato-testo;verificato-nella-copertura-dichiarata;False;"wiki/books/moduli/m-ir03-enti-ricerca/chapters/10-open-science-fair-dati.md; wiki/books/moduli/m-ir03-enti-ricerca/chapters/12-laboratorio-quattro-profili.md; wiki/sources/fonti-ufficiali-m-ir03-enti-ricerca-2026-07-24.md; wiki/reviews/pipeline/VOL-06/15-moduli-m-ir03-enti-ricerca.md; wiki/books/moduli/m-ir02-universita-afam/chapters/12-laboratorio-quattro-profili.md";DMP compilato e quattro elaborati con dati, soluzioni, tempi e griglia. Completa la quota IR02/12 già applicata.;"C:/Users/info/OneDrive/Desktop/concorso-book-os/artifacts/correzioni-collana-2026-10-02/VOL-06-changes.json; wiki/reviews/correzioni-collana-2026-10-02/VOL-06.md"
V06-28;VOL-06;applicato-verificato-testo;verificato-nella-copertura-dichiarata;False;"wiki/books/moduli/m-ir04-cultura-beni-culturali/chapters/06-catalogazione-digitalizzazione.md; wiki/sources/fonti-ufficiali-m-ir04-cultura-mic-2026-07-24.md; wiki/reviews/pipeline/VOL-06/15-moduli-m-ir04-cultura-beni-culturali.md";Dati catalografici riconosciuti come metadati descrittivi, con altre categorie e caso di collaudo.;"C:/Users/info/OneDrive/Desktop/concorso-book-os/artifacts/correzioni-collana-2026-10-02/VOL-06-changes.json; wiki/reviews/correzioni-collana-2026-10-02/VOL-06.md"
V06-33;VOL-06;applicato-verificato-testo;verificato-nella-copertura-dichiarata;False;"wiki/books/moduli/m-ir04-cultura-beni-culturali/chapters/01-mic-quattro-profili.md; wiki/books/moduli/m-ir04-cultura-beni-culturali/chapters/02-organizzazione-centrale-periferica.md; wiki/books/moduli/m-ir04-cultura-beni-culturali/chapters/03-codice-beni-culturali-sistema-categorie.md; wiki/books/moduli/m-ir04-cultura-beni-culturali/chapters/04-tutela-valorizzazione-fruizione-paesaggio.md; wiki/books/moduli/m-ir04-cultura-beni-culturali/chapters/05-procedimenti-vincoli-circolazione.md; wiki/books/moduli/m-ir04-cultura-beni-culturali/chapters/06-catalogazione-digitalizzazione.md; wiki/books/moduli/m-ir04-cultura-beni-culturali/chapters/07-archivistica-archivi.md; wiki/books/moduli/m-ir04-cultura-beni-culturali/chapters/08-biblioteconomia-servizi.md; wiki/books/moduli/m-ir04-cultura-beni-culturali/chapters/09-archeologia-tutela-territoriale.md; wiki/books/moduli/m-ir04-cultura-beni-culturali/chapters/10-storia-arte-museologia.md; wiki/books/moduli/m-ir04-cultura-beni-culturali/chapters/11-restauro-conservazione.md; wiki/books/moduli/m-ir04-cultura-beni-culturali/chapters/12-architettura-paesaggio-cantieri.md; wiki/books/moduli/m-ir04-cultura-beni-culturali/chapters/13-fruizione-vigilanza-sicurezza.md; wiki/books/moduli/m-ir01-scuola/chapters/01-scuola-quattro-profili.md; wiki/books/moduli/m-ir01-scuola/chapters/02-sistema-nazionale-autonomia-organizzazione.md; wiki/books/moduli/m-ir01-scuola/chapters/03-organi-collegiali-governance.md; wiki/books/moduli/m-ir01-scuola/chapters/04-ptof-rav-pdm-valutazione-inclusione.md; wiki/books/moduli/m-ir01-scuola/chapters/05-segreteria-ata-alunni-protocollo-carriere.md; wiki/books/moduli/m-ir01-scuola/chapters/06-dsga-eq-ruolo-uffici-personale.md; wiki/books/moduli/m-ir01-scuola/chapters/07-contabilita-scolastica.md; wiki/books/moduli/m-ir01-scuola/chapters/08-acquisti-inventario-pnrr.md; wiki/books/moduli/m-ir01-scuola/chapters/09-dirigente-scolastico-leadership-management.md; wiki/books/moduli/m-ir01-scuola/chapters/10-relazioni-sindacali-sicurezza-responsabilita.md; wiki/books/moduli/m-ir01-scuola/chapters/11-pedagogia-psicologia-inclusione.md; wiki/books/moduli/m-ir01-scuola/chapters/12-metodologie-valutazione-digitale-didattico.md; wiki/books/moduli/m-ir01-scuola/chapters/13-progettazione-lezione-simulata.md; wiki/sources/fonti-ufficiali-m-ir04-cultura-mic-2026-07-24.md; wiki/reviews/pipeline/VOL-06/15-moduli-m-ir04-cultura-beni-culturali.md";"Pulizia accenti e formule interne, gerarchie e riferimenti; conteggi effettivi. IR01 preservato legacy, senza falsa promozione al formato 2.";"C:/Users/info/OneDrive/Desktop/concorso-book-os/artifacts/correzioni-collana-2026-10-02/VOL-06-changes.json; wiki/reviews/correzioni-collana-2026-10-02/VOL-06.md"
V06-34;VOL-06;applicato-verificato-testo;verificato-nella-copertura-dichiarata;False;"wiki/books/moduli/m-ir02-universita-afam/chapters/09-biblioteche-cataloghi-open-access.md; wiki/books/moduli/m-ir02-universita-afam/chapters/10-orientamento-placement-terza-missione.md";Separati i titoli bibliografici dal testo delle voci nei capitoli 09 e 10.;"C:/Users/info/OneDrive/Desktop/concorso-book-os/artifacts/correzioni-collana-2026-10-02/VOL-06-changes.json; wiki/reviews/correzioni-collana-2026-10-02/VOL-06.md"
V06-36;VOL-06;applicato-verificato-testo;verificato-nella-copertura-dichiarata;False;"wiki/books/moduli/m-ir04-cultura-beni-culturali/chapters/01-mic-quattro-profili.md; wiki/books/moduli/m-ir04-cultura-beni-culturali/chapters/02-organizzazione-centrale-periferica.md; wiki/books/moduli/m-ir04-cultura-beni-culturali/chapters/03-codice-beni-culturali-sistema-categorie.md; wiki/books/moduli/m-ir04-cultura-beni-culturali/chapters/04-tutela-valorizzazione-fruizione-paesaggio.md; wiki/books/moduli/m-ir04-cultura-beni-culturali/chapters/05-procedimenti-vincoli-circolazione.md; wiki/books/moduli/m-ir04-cultura-beni-culturali/chapters/06-catalogazione-digitalizzazione.md; wiki/books/moduli/m-ir04-cultura-beni-culturali/chapters/07-archivistica-archivi.md; wiki/books/moduli/m-ir04-cultura-beni-culturali/chapters/08-biblioteconomia-servizi.md; wiki/books/moduli/m-ir04-cultura-beni-culturali/chapters/09-archeologia-tutela-territoriale.md; wiki/books/moduli/m-ir04-cultura-beni-culturali/chapters/10-storia-arte-museologia.md; wiki/books/moduli/m-ir04-cultura-beni-culturali/chapters/11-restauro-conservazione.md; wiki/books/moduli/m-ir04-cultura-beni-culturali/chapters/12-architettura-paesaggio-cantieri.md; wiki/books/moduli/m-ir04-cultura-beni-culturali/chapters/13-fruizione-vigilanza-sicurezza.md; wiki/books/moduli/m-ir03-enti-ricerca/chapters/01-epr-quattro-profili.md; wiki/books/moduli/m-ir03-enti-ricerca/chapters/02-autonomia-statuti-governance.md; wiki/books/moduli/m-ir03-enti-ricerca/chapters/03-profili-organizzazione.md; wiki/books/moduli/m-ir03-enti-ricerca/chapters/04-amministrazione-contabilita-controlli.md; wiki/books/moduli/m-ir03-enti-ricerca/chapters/05-compliance-audit-acquisti-missioni.md; wiki/books/moduli/m-ir03-enti-ricerca/chapters/06-metodologia-progettazione.md; wiki/books/moduli/m-ir03-enti-ricerca/chapters/07-pubblicazioni-valutazione-integrita.md; wiki/books/moduli/m-ir03-enti-ricerca/chapters/08-tecnologo-laboratori-infrastrutture.md; wiki/books/moduli/m-ir03-enti-ricerca/chapters/09-proprieta-intellettuale-trasferimento.md; wiki/books/moduli/m-ir03-enti-ricerca/chapters/10-open-science-fair-dati.md; wiki/books/moduli/m-ir03-enti-ricerca/chapters/11-horizon-pnrr-grant-management.md; wiki/books/moduli/m-ir03-enti-ricerca/chapters/12-laboratorio-quattro-profili.md; wiki/sources/fonti-ufficiali-m-ir04-cultura-mic-2026-07-24.md; wiki/reviews/pipeline/VOL-06/15-moduli-m-ir04-cultura-beni-culturali.md";78 quiz IR04 e 72 IR03 con quesiti disciplinari, casi controllabili, chiavi e commenti coerenti.;"C:/Users/info/OneDrive/Desktop/concorso-book-os/artifacts/correzioni-collana-2026-10-02/VOL-06-changes.json; wiki/reviews/correzioni-collana-2026-10-02/VOL-06.md"
P07-01;VOL-07;applicato-verificato-pdf;verificato-nella-copertura-dichiarata;False;;"Tabella nativa con fonte e ambito; dettagli riletti.";wiki/reviews/correzioni-collana-2026-10-02/PDF-VOL-07.md
P07-02;VOL-07;applicato-verificato-pdf;verificato-nella-copertura-dichiarata;False;;Tipografia conservata, campi e intestazioni leggibili.;wiki/reviews/correzioni-collana-2026-10-02/PDF-VOL-07.md
P07-05;VOL-07;applicato-verificato-pdf;verificato-nella-copertura-dichiarata;False;;Audit nel frontmatter, fonti e limiti nel corpo.;wiki/reviews/correzioni-collana-2026-10-02/PDF-VOL-07.md
V07-01;VOL-07;applicato-verificato-testo;verificato-nella-copertura-dichiarata;False;"wiki/books/moduli/m-sa01-sanita-amministrativa/chapters/05-documentazione-accesso-conservazione.md; wiki/sources/documentazione-sanitaria-accesso-fse-dossier-privacy.md";Esclusione assoluta FOIA per dati di salute e rischio di reidentificazione.;"C:/Users/info/OneDrive/Desktop/concorso-book-os/artifacts/correzioni-collana-2026-10-02/VOL-07-changes.json; wiki/reviews/correzioni-collana-2026-10-02/VOL-07.md"
V07-02;VOL-07;applicato-verificato-testo;verificato-nella-copertura-dichiarata;False;"wiki/books/moduli/m-sa01-sanita-amministrativa/chapters/05-documentazione-accesso-conservazione.md; wiki/sources/documentazione-sanitaria-accesso-fse-dossier-privacy.md";Rango del diritto e indispensabilita per accesso documentale a salute di terzi.;"C:/Users/info/OneDrive/Desktop/concorso-book-os/artifacts/correzioni-collana-2026-10-02/VOL-07-changes.json; wiki/reviews/correzioni-collana-2026-10-02/VOL-07.md"
V07-03;VOL-07;applicato-verificato-testo;verificato-nella-copertura-dichiarata;False;"wiki/books/moduli/m-sa01-sanita-amministrativa/chapters/05-documentazione-accesso-conservazione.md; wiki/sources/documentazione-sanitaria-accesso-fse-dossier-privacy.md";Termini sette/trenta giorni dalla stessa richiesta e caso risolto.;"C:/Users/info/OneDrive/Desktop/concorso-book-os/artifacts/correzioni-collana-2026-10-02/VOL-07-changes.json; wiki/reviews/correzioni-collana-2026-10-02/VOL-07.md"
V07-12;VOL-07;applicato-verificato-testo;verificato-nella-copertura-dichiarata;False;"wiki/books/moduli/m-sa01-sanita-amministrativa/chapters/10-procurement-farmaci-dispositivi-magazzino.md; wiki/sources/procurement-farmaci-dispositivi-flussi-nsis.md";AIC e classi A/H/C, raccordo MDR/IVDR, centralizzazione e NSO con esempio.;"C:/Users/info/OneDrive/Desktop/concorso-book-os/artifacts/correzioni-collana-2026-10-02/VOL-07-changes.json; wiki/reviews/correzioni-collana-2026-10-02/VOL-07.md"
V07-15;VOL-07;applicato-verificato-testo;verificato-nella-copertura-dichiarata;False;"wiki/books/moduli/m-sa02-professioni-sanitarie/chapters/03-discipline-professionali-autonomia-responsabilita.md; wiki/sources/sicurezza-cure-responsabilita-consenso-leggi-24-219.md";Responsabilità civile/penale e assicurazione, limite temporaneo 2026, consenso/DAT/pianificazione/minori con casi risolti.;"C:/Users/info/OneDrive/Desktop/concorso-book-os/artifacts/correzioni-collana-2026-10-02/VOL-07-changes.json; wiki/reviews/correzioni-collana-2026-10-02/VOL-07.md"
V07-16;VOL-07;applicato-verificato-testo;verificato-nella-copertura-dichiarata;False;"wiki/books/moduli/m-sa02-professioni-sanitarie/chapters/04-assistenza-infermieristica-tecniche-assistenziali-oss.md; wiki/sources/sicurezza-cure-ica-sorveglianza-epidemiologica-prevenzione.md";"Diagnosi infermieristica distinta da medica, scale, cinque momenti, precauzioni e prevenzione catetere; esempi e verifica.";"C:/Users/info/OneDrive/Desktop/concorso-book-os/artifacts/correzioni-collana-2026-10-02/VOL-07-changes.json; wiki/reviews/correzioni-collana-2026-10-02/VOL-07.md"
V07-17;VOL-07;applicato-verificato-testo;verificato-nella-copertura-dichiarata;False;"wiki/books/moduli/m-sa02-professioni-sanitarie/chapters/05-valutazione-clinica-triage-urgenza-emergenza.md; wiki/sources/deterioramento-clinico-news2-sepsi-regioni.md";Scala 2 NEWS2 circoscritta a insufficienza respiratoria ipercapnica confermata e decisione documentata, non BPCO isolata.;"C:/Users/info/OneDrive/Desktop/concorso-book-os/artifacts/correzioni-collana-2026-10-02/VOL-07-changes.json; wiki/reviews/correzioni-collana-2026-10-02/VOL-07.md"
V07-19;VOL-07;applicato-verificato-testo;verificato-nella-copertura-dichiarata;False;"wiki/books/moduli/m-sa02-professioni-sanitarie/chapters/05-valutazione-clinica-triage-urgenza-emergenza.md; wiki/sources/sicurezza-terapia-triage-assistenza-infermieristica-ministero.md";"Cinque priorità nazionali di triage con tempi, rivalutazione e caso risolto; nuovo dato operativo tracciato.";"C:/Users/info/OneDrive/Desktop/concorso-book-os/artifacts/correzioni-collana-2026-10-02/VOL-07-changes.json; wiki/reviews/correzioni-collana-2026-10-02/VOL-07.md"
V07-20;VOL-07;applicato-verificato-testo;verificato-nella-copertura-dichiarata;False;wiki/books/moduli/m-sa02-professioni-sanitarie/chapters/05-valutazione-clinica-triage-urgenza-emergenza.md;"Integrate definizioni, riconoscimento, ritmi ALS e cause reversibili, fisiologia NLS e casi risolti; definite le emergenze ostetriche.";"C:/Users/info/OneDrive/Desktop/concorso-book-os/artifacts/correzioni-collana-2026-10-02/VOL-07-changes.json; wiki/reviews/correzioni-collana-2026-10-02/VOL-07.md"
V07-22;VOL-07;applicato-verificato-testo;verificato-nella-copertura-dichiarata;False;"wiki/books/moduli/m-sa02-professioni-sanitarie/chapters/08-igiene-pubblica-epidemiologia-screening.md; wiki/sources/programmi-screening-oncologici-dati-passi-iss.md; wiki/books/moduli/m-sa02-professioni-sanitarie/planning/03-batteria-esercizi-epidemiologia-screening.md";Corretta interpretazione degli scarti PASSI: causa non dimostrata e incompatibilità con il solo arrotondamento.;"C:/Users/info/OneDrive/Desktop/concorso-book-os/artifacts/correzioni-collana-2026-10-02/VOL-07-changes.json; wiki/reviews/correzioni-collana-2026-10-02/VOL-07.md"
V07-25;VOL-07;applicato-verificato-testo;verificato-nella-copertura-dichiarata;False;"wiki/books/moduli/m-sa02-professioni-sanitarie/chapters/09-controlli-tpall-verbalizzazione-campionamento-sanzioni.md; wiki/sources/tpall-sicurezza-ambiente-vigilanza-sanzioni.md";Esposte fasi e termini L689, prescrizione D758 e parte VI-bis ambientale con differenze, condizioni e oneri vigenti.;"C:/Users/info/OneDrive/Desktop/concorso-book-os/artifacts/correzioni-collana-2026-10-02/VOL-07-changes.json; wiki/reviews/correzioni-collana-2026-10-02/VOL-07.md"
V07-26;VOL-07;applicato-verificato-testo;verificato-nella-copertura-dichiarata;False;"wiki/books/moduli/m-sa02-professioni-sanitarie/chapters/09-controlli-tpall-verbalizzazione-campionamento-sanzioni.md; wiki/sources/tpall-sicurezza-ambiente-vigilanza-sanzioni.md";Integrati AIA/AUA, DVR e ruoli, HACCP/rintracciabilità, controperizia/controversia e verbale compilato originale.;"C:/Users/info/OneDrive/Desktop/concorso-book-os/artifacts/correzioni-collana-2026-10-02/VOL-07-changes.json; wiki/reviews/correzioni-collana-2026-10-02/VOL-07.md"
V07-28;VOL-07;applicato-verificato-testo;verificato-nella-copertura-dichiarata;False;"wiki/books/moduli/m-sa03-dirigenza-medica-sanitaria/chapters/01-profili-requisiti-prove-dirigenza-sanitaria.md; wiki/books/moduli/m-sa04-tecnici-sanitari-prevenzione/chapters/01-profili-tslb-tsrm-requisiti-prove-responsabilita.md";"Distinti obbligo generale di inglese/informatica e modalità mobili; corretti esercizio, soluzione e rinvii SA04.";"C:/Users/info/OneDrive/Desktop/concorso-book-os/artifacts/correzioni-collana-2026-10-02/VOL-07-changes.json; wiki/reviews/correzioni-collana-2026-10-02/VOL-07.md"
V07-34;VOL-07;applicato-verificato-testo;verificato-nella-copertura-dichiarata;False;"wiki/books/moduli/m-sa03-dirigenza-medica-sanitaria/chapters/07-dirigenza-sanitaria-non-medica-discipline-casi.md; wiki/sources/deontologia-biologo-farmacista-psicologo-2026.md";Corretta vigenza CNOP e confrontati gli articoli pertinenti con il testo ufficiale attuale.;"C:/Users/info/OneDrive/Desktop/concorso-book-os/artifacts/correzioni-collana-2026-10-02/VOL-07-changes.json; wiki/reviews/correzioni-collana-2026-10-02/VOL-07.md"
V07-35;VOL-07;applicato-verificato-testo;verificato-nella-copertura-dichiarata;False;"wiki/books/moduli/m-sa04-tecnici-sanitari-prevenzione/chapters/02-tslb-processo-laboratorio-qualita-biosicurezza.md; wiki/books/moduli/m-sa04-tecnici-sanitari-prevenzione/assets/correzioni-2026-10/serie-controllo-qc.png";"Integrati principi delle discipline, precisione/esattezza, calibrazione/QC e serie numerica commentata; gruppi biologici, contenimento, cappe, decontaminazione e categorie rifiuti. Inserito grafico originale Levey–Jennings coerente con la tabella e con il quesito.";"C:/Users/info/OneDrive/Desktop/concorso-book-os/artifacts/correzioni-collana-2026-10-02/VOL-07-changes.json; wiki/reviews/correzioni-collana-2026-10-02/PDF-VOL-07.md; wiki/reviews/correzioni-collana-2026-10-02/VOL-07.md"
V07-36;VOL-07;applicato-verificato-testo;verificato-nella-copertura-dichiarata;False;wiki/books/moduli/m-sa04-tecnici-sanitari-prevenzione/chapters/02-tslb-processo-laboratorio-qualita-biosicurezza.md;"Integrati principi delle discipline, precisione/esattezza, calibrazione/QC e serie numerica commentata; gruppi biologici, contenimento, cappe, decontaminazione e categorie rifiuti.";"C:/Users/info/OneDrive/Desktop/concorso-book-os/artifacts/correzioni-collana-2026-10-02/VOL-07-changes.json; wiki/reviews/correzioni-collana-2026-10-02/VOL-07.md"
V07-37;VOL-07;applicato-verificato-testo;verificato-nella-copertura-dichiarata;False;wiki/books/moduli/m-sa04-tecnici-sanitari-prevenzione/chapters/03-tsrm-imaging-dosimetria-radioprotezione.md;"Aggiunti CTDIvol, DLP, DAP, esempio calcolato, effetti, protezione, limiti normativi; rischi RM, impianti e gravidanza.";"C:/Users/info/OneDrive/Desktop/concorso-book-os/artifacts/correzioni-collana-2026-10-02/VOL-07-changes.json; wiki/reviews/correzioni-collana-2026-10-02/VOL-07.md"
P07-03;VOL-07;applicato-verificato-pdf;verificato-nella-copertura-dichiarata;False;;Proiezione dei titoli corretta.;wiki/reviews/correzioni-collana-2026-10-02/PDF-VOL-07.md
P07-04;VOL-07;applicato-verificato-pdf;verificato-nella-copertura-dichiarata;False;;Indice distribuito e verificato.;wiki/reviews/correzioni-collana-2026-10-02/PDF-VOL-07.md
V07-04;VOL-07;applicato-verificato-testo;verificato-nella-copertura-dichiarata;False;"wiki/books/moduli/m-sa01-sanita-amministrativa/chapters/05-documentazione-accesso-conservazione.md; wiki/sources/documentazione-sanitaria-accesso-fse-dossier-privacy.md";Consenso alimentazione/consultazione FSE distinto dal dossier, oscuramento ed emergenza.;"C:/Users/info/OneDrive/Desktop/concorso-book-os/artifacts/correzioni-collana-2026-10-02/VOL-07-changes.json; wiki/reviews/correzioni-collana-2026-10-02/VOL-07.md"
V07-05;VOL-07;applicato-verificato-testo;verificato-nella-copertura-dichiarata;False;"wiki/books/moduli/m-sa01-sanita-amministrativa/chapters/05-documentazione-accesso-conservazione.md; wiki/sources/documentazione-sanitaria-accesso-fse-dossier-privacy.md";"Richiesta di integrazione separata dagli esiti finali; nessuna sospensione automatica.";"C:/Users/info/OneDrive/Desktop/concorso-book-os/artifacts/correzioni-collana-2026-10-02/VOL-07-changes.json; wiki/reviews/correzioni-collana-2026-10-02/VOL-07.md"
V07-06;VOL-07;applicato-verificato-testo;verificato-nella-copertura-dichiarata;False;"wiki/books/moduli/m-sa01-sanita-amministrativa/chapters/05-documentazione-accesso-conservazione.md; wiki/sources/documentazione-sanitaria-accesso-fse-dossier-privacy.md";Documento informatico distinto da efficacia probatoria della scansione.;"C:/Users/info/OneDrive/Desktop/concorso-book-os/artifacts/correzioni-collana-2026-10-02/VOL-07-changes.json; wiki/reviews/correzioni-collana-2026-10-02/VOL-07.md"
V07-08;VOL-07;applicato-verificato-testo;verificato-nella-copertura-dichiarata;False;wiki/books/moduli/m-sa01-sanita-amministrativa/chapters/06-front-office-comunicazione-utenza.md;Errori critici di riservatezza, accesso e competenza rendono insufficiente la risposta indipendentemente dal totale.;"C:/Users/info/OneDrive/Desktop/concorso-book-os/artifacts/correzioni-collana-2026-10-02/VOL-07-changes.json; wiki/reviews/correzioni-collana-2026-10-02/VOL-07.md"
V07-11;VOL-07;applicato-verificato-testo;verificato-nella-copertura-dichiarata;False;"wiki/books/moduli/m-sa01-sanita-amministrativa/chapters/09-contabilita-budget-controllo-gestione.md; wiki/sources/contabilita-budget-aziende-sanitarie.md";"Documenti di bilancio, adozione, approvazione e consolidato; esempio risolto di ammortamento e contributo.";"C:/Users/info/OneDrive/Desktop/concorso-book-os/artifacts/correzioni-collana-2026-10-02/VOL-07-changes.json; wiki/reviews/correzioni-collana-2026-10-02/VOL-07.md"
V07-13;VOL-07;applicato-verificato-testo;verificato-nella-copertura-dichiarata;False;"wiki/books/moduli/m-sa01-sanita-amministrativa/chapters/10-procurement-farmaci-dispositivi-magazzino.md; wiki/sources/procurement-farmaci-dispositivi-flussi-nsis.md";"FEFO, segregazione e catena del freddo; punto di riordino e caso risolti.";"C:/Users/info/OneDrive/Desktop/concorso-book-os/artifacts/correzioni-collana-2026-10-02/VOL-07-changes.json; wiki/reviews/correzioni-collana-2026-10-02/VOL-07.md"
V07-18;VOL-07;applicato-verificato-testo;verificato-nella-copertura-dichiarata;False;"wiki/books/moduli/m-sa02-professioni-sanitarie/chapters/05-valutazione-clinica-triage-urgenza-emergenza.md; wiki/sources/deterioramento-clinico-news2-sepsi-regioni.md";Esclusioni NEWS2 per minori di 16 anni e gravidanza, senza estensione dai contenuti ostetrici del capitolo.;"C:/Users/info/OneDrive/Desktop/concorso-book-os/artifacts/correzioni-collana-2026-10-02/VOL-07-changes.json; wiki/reviews/correzioni-collana-2026-10-02/VOL-07.md"
V07-21;VOL-07;applicato-verificato-testo;verificato-nella-copertura-dichiarata;False;"wiki/books/moduli/m-sa02-professioni-sanitarie/chapters/06-prevenzione-continuita-presa-in-carico.md; wiki/sources/presa-in-carico-cronicita-pdta-territorio-agenas.md";Esposti standard e funzioni DM77 con rinvio SA01 e distinzione fra programmazione e attuazione.;"C:/Users/info/OneDrive/Desktop/concorso-book-os/artifacts/correzioni-collana-2026-10-02/VOL-07-changes.json; wiki/reviews/correzioni-collana-2026-10-02/VOL-07.md"
V07-23;VOL-07;applicato-verificato-testo;verificato-nella-copertura-dichiarata;False;wiki/books/moduli/m-sa02-professioni-sanitarie/chapters/08-igiene-pubblica-epidemiologia-screening.md;Distinta definizione di caso da definizione di focolaio.;"C:/Users/info/OneDrive/Desktop/concorso-book-os/artifacts/correzioni-collana-2026-10-02/VOL-07-changes.json; wiki/reviews/correzioni-collana-2026-10-02/VOL-07.md"
V07-24;VOL-07;applicato-verificato-testo;verificato-nella-copertura-dichiarata;False;"wiki/books/moduli/m-sa02-professioni-sanitarie/chapters/08-igiene-pubblica-epidemiologia-screening.md; wiki/sources/premal-definizioni-caso-risposta-segnale-epidemiologico.md";Aggiunti programmi oncologici nazionali e termini PREMAL, con varianti regionali e distinzione dei ruoli.;"C:/Users/info/OneDrive/Desktop/concorso-book-os/artifacts/correzioni-collana-2026-10-02/VOL-07-changes.json; wiki/reviews/correzioni-collana-2026-10-02/VOL-07.md"
V07-27;VOL-07;applicato-verificato-testo;verificato-nella-copertura-dichiarata;False;wiki/books/moduli/m-sa02-professioni-sanitarie/chapters/10-prova-pratica-casi-professionali.md;Aggiunti cinque casi completi specifici per infermiere, OSS, ostetrica, fisioterapista e TPALL, con obiettivi, decisioni e verifica.;"C:/Users/info/OneDrive/Desktop/concorso-book-os/artifacts/correzioni-collana-2026-10-02/VOL-07-changes.json; wiki/reviews/correzioni-collana-2026-10-02/VOL-07.md"
V07-29;VOL-07;applicato-verificato-testo;verificato-nella-copertura-dichiarata;False;"wiki/books/moduli/m-sa03-dirigenza-medica-sanitaria/chapters/01-profili-requisiti-prove-dirigenza-sanitaria.md; wiki/books/moduli/m-sa02-professioni-sanitarie/chapters/01-mappa-profili-e-prove.md; wiki/books/moduli/m-sa04-tecnici-sanitari-prevenzione/chapters/01-profili-tslb-tsrm-requisiti-prove-responsabilita.md";Inseriti punteggi e soglie nazionali DPR483 per quattro profili e DPR220 nei due moduli di comparto.;"C:/Users/info/OneDrive/Desktop/concorso-book-os/artifacts/correzioni-collana-2026-10-02/VOL-07-changes.json; wiki/reviews/correzioni-collana-2026-10-02/VOL-07.md"
V07-30;VOL-07;applicato-verificato-testo;verificato-nella-copertura-dichiarata;False;"wiki/books/moduli/m-sa03-dirigenza-medica-sanitaria/chapters/02-programmazione-sanitaria-organizzazione-servizi.md; wiki/sources/governo-clinico-appropriatezza-hta-qualita-accreditamento.md";Acquisita relazione ministeriale NSG valida, riconciliate esclusioni della source, aggiunto cruscotto originale e raccordo SA01.;"C:/Users/info/OneDrive/Desktop/concorso-book-os/artifacts/correzioni-collana-2026-10-02/VOL-07-changes.json; wiki/reviews/correzioni-collana-2026-10-02/VOL-07.md"
V07-31;VOL-07;applicato-verificato-testo;verificato-nella-copertura-dichiarata;False;wiki/books/moduli/m-sa03-dirigenza-medica-sanitaria/chapters/03-linee-guida-appropriatezza-decisioni-cliniche.md;Chiarita autonomia e responsabilità del medico abilitato distinta dai limiti del manuale.;"C:/Users/info/OneDrive/Desktop/concorso-book-os/artifacts/correzioni-collana-2026-10-02/VOL-07-changes.json; wiki/reviews/correzioni-collana-2026-10-02/VOL-07.md"
V07-32;VOL-07;applicato-verificato-testo;verificato-nella-copertura-dichiarata;False;wiki/books/moduli/m-sa03-dirigenza-medica-sanitaria/chapters/04-governo-clinico-hta-qualita-accreditamento-rischio.md;Definiti eventi, SIMES, RCA/FMEA e applicazione originale con rinvio SA04.;"C:/Users/info/OneDrive/Desktop/concorso-book-os/artifacts/correzioni-collana-2026-10-02/VOL-07-changes.json; wiki/reviews/correzioni-collana-2026-10-02/VOL-07.md"
V07-33;VOL-07;applicato-verificato-testo;verificato-nella-copertura-dichiarata;False;wiki/books/moduli/m-sa03-dirigenza-medica-sanitaria/chapters/06-dirigenza-medica-discipline-casi.md;Completato differenziale illustrativo con ipotesi, dati e verifiche discriminanti.;"C:/Users/info/OneDrive/Desktop/concorso-book-os/artifacts/correzioni-collana-2026-10-02/VOL-07-changes.json; wiki/reviews/correzioni-collana-2026-10-02/VOL-07.md"
V07-38;VOL-07;applicato-verificato-testo;verificato-nella-copertura-dichiarata;False;wiki/books/moduli/m-sa04-tecnici-sanitari-prevenzione/chapters/03-tsrm-imaging-dosimetria-radioprotezione.md;"Aggiunti CTDIvol, DLP, DAP, esempio calcolato, effetti, protezione, limiti normativi; rischi RM, impianti e gravidanza.";"C:/Users/info/OneDrive/Desktop/concorso-book-os/artifacts/correzioni-collana-2026-10-02/VOL-07-changes.json; wiki/reviews/correzioni-collana-2026-10-02/VOL-07.md"
V07-39;VOL-07;applicato-verificato-testo;verificato-nella-copertura-dichiarata;False;"wiki/books/moduli/m-sa04-tecnici-sanitari-prevenzione/chapters/03-tsrm-imaging-dosimetria-radioprotezione.md; wiki/reviews/correzioni-collana-2026-10-02/V07-39-specifica-apparati.md; wiki/books/moduli/m-sa04-tecnici-sanitari-prevenzione/assets/correzioni-2026-10/movimento-dettaglio.png; wiki/books/moduli/m-sa04-tecnici-sanitari-prevenzione/assets/correzioni-2026-10/rumore-contrasto.png";Inseriti due apparati originali movimento/dettaglio e rumore/contrasto, con didascalie, alternative testuali, domande e soluzioni.;"C:/Users/info/OneDrive/Desktop/concorso-book-os/artifacts/correzioni-collana-2026-10-02/VOL-07-changes.json; wiki/reviews/correzioni-collana-2026-10-02/PDF-VOL-07.md; wiki/reviews/correzioni-collana-2026-10-02/VOL-07.md"
V07-40;VOL-07;applicato-verificato-testo;verificato-nella-copertura-dichiarata;False;wiki/books/moduli/m-sa04-tecnici-sanitari-prevenzione/chapters/04-tecnologie-dispositivi-apparecchiature-rischio.md;"Esplicitati esiti dell’incidente grave, classi MDR/IVDR, UDI e FSCA/FSN; preservati termini 10/30 giorni.";"C:/Users/info/OneDrive/Desktop/concorso-book-os/artifacts/correzioni-collana-2026-10-02/VOL-07-changes.json; wiki/reviews/correzioni-collana-2026-10-02/VOL-07.md"
V07-41;VOL-07;applicato-verificato-testo;verificato-nella-copertura-dichiarata;False;"wiki/books/moduli/m-sa04-tecnici-sanitari-prevenzione/chapters/04-tecnologie-dispositivi-apparecchiature-rischio.md; wiki/books/moduli/m-sa03-dirigenza-medica-sanitaria/chapters/06-dirigenza-medica-discipline-casi.md; wiki/books/moduli/m-sa03-dirigenza-medica-sanitaria/chapters/07-dirigenza-sanitaria-non-medica-discipline-casi.md";Eliminati residui Humanizer, gate e step dalla prosa pubblica SA03/06–07 e SA04/04, preservando limiti informativi per il candidato.;"C:/Users/info/OneDrive/Desktop/concorso-book-os/artifacts/correzioni-collana-2026-10-02/VOL-07-changes.json; wiki/reviews/correzioni-collana-2026-10-02/VOL-07.md"
V07-07;VOL-07;applicato-verificato-testo;verificato-nella-copertura-dichiarata;False;wiki/books/moduli/m-sa01-sanita-amministrativa/chapters/04-atti-procedimenti-flussi-informativi.md;"Titolo e apertura raccordati a SSN, LEA, organi, accreditamento, atti e flussi; conservate integrazioni INT.";"C:/Users/info/OneDrive/Desktop/concorso-book-os/artifacts/correzioni-collana-2026-10-02/VOL-07-changes.json; wiki/reviews/correzioni-collana-2026-10-02/VOL-07.md"
V07-09;VOL-07;applicato-verificato-testo;verificato-nella-copertura-dichiarata;False;wiki/books/moduli/m-sa01-sanita-amministrativa/chapters/06-front-office-comunicazione-utenza.md;Riscrittura completa con delega, sportello, portale e pratica esplicitamente fittizi.;"C:/Users/info/OneDrive/Desktop/concorso-book-os/artifacts/correzioni-collana-2026-10-02/VOL-07-changes.json; wiki/reviews/correzioni-collana-2026-10-02/VOL-07.md"
V07-10;VOL-07;applicato-verificato-testo;verificato-nella-copertura-dichiarata;False;wiki/books/moduli/m-sa01-sanita-amministrativa/chapters/09-contabilita-budget-controllo-gestione.md;Variazione del costo medio corretta a −4,44% senza arrotondamenti intermedi, in entrambe le occorrenze.;"C:/Users/info/OneDrive/Desktop/concorso-book-os/artifacts/correzioni-collana-2026-10-02/VOL-07-changes.json; wiki/reviews/correzioni-collana-2026-10-02/VOL-07.md"
V07-14;VOL-07;applicato-verificato-testo;verificato-nella-copertura-dichiarata;False;"wiki/books/moduli/m-sa01-sanita-amministrativa/chapters/10-procurement-farmaci-dispositivi-magazzino.md; wiki/books/moduli/m-sa02-professioni-sanitarie/chapters/05-valutazione-clinica-triage-urgenza-emergenza.md";Uniformati gli imperativi in SA01/10 e SA02/05.;"C:/Users/info/OneDrive/Desktop/concorso-book-os/artifacts/correzioni-collana-2026-10-02/VOL-07-changes.json; wiki/reviews/correzioni-collana-2026-10-02/VOL-07.md"
P08-03;VOL-08;applicato-verificato-pdf;verificato-nella-copertura-dichiarata;False;;Tre gruppi 4/4/2 con campi brevi e righe vuote leggibili.;wiki/reviews/correzioni-collana-2026-10-02/PDF-VOL-08.md
V08-02;VOL-08;applicato-verificato-testo;verificato-nella-copertura-dichiarata;False;;Bando, Aree, Nuclei, Diario, Output ripristinati nei capitoli 10–12.;"C:/Users/info/OneDrive/Desktop/concorso-book-os/artifacts/correzioni-collana-2026-10-02/VOL-08-ledger.json; wiki/reviews/correzioni-collana-2026-10-02/VOL-08.md"
V08-09;VOL-08;applicato-verificato-testo;verificato-nella-copertura-dichiarata;False;;Quattro livelli SQL, anomalie, specificità PostgreSQL 18 e sequenza concorrente risolta.;"C:/Users/info/OneDrive/Desktop/concorso-book-os/artifacts/correzioni-collana-2026-10-02/VOL-08-ledger.json; wiki/reviews/correzioni-collana-2026-10-02/VOL-08.md"
V08-14;VOL-08;applicato-verificato-testo;verificato-nella-copertura-dichiarata;False;;"Classificazione ordinario/critico/strategico e impatti; regolamento ACN 21007/24 e qualificazione distinta.";"C:/Users/info/OneDrive/Desktop/concorso-book-os/artifacts/correzioni-collana-2026-10-02/VOL-08-ledger.json; wiki/reviews/correzioni-collana-2026-10-02/VOL-08.md"
V08-17;VOL-08;applicato-verificato-testo;verificato-nella-copertura-dichiarata;False;;NIS2 artt. 6 e 23–25, governance, coorti ACN 2025/2026, timeline e raccordo legge 90/GDPR.;"C:/Users/info/OneDrive/Desktop/concorso-book-os/artifacts/correzioni-collana-2026-10-02/VOL-08-ledger.json; wiki/reviews/correzioni-collana-2026-10-02/VOL-08.md"
V08-18;VOL-08;applicato-verificato-testo;verificato-nella-copertura-dichiarata;False;;Simmetrica/asimmetrica, firme, hash, MAC, password, certificati, catena, revoca e TLS.;"C:/Users/info/OneDrive/Desktop/concorso-book-os/artifacts/correzioni-collana-2026-10-02/VOL-08-ledger.json; wiki/reviews/correzioni-collana-2026-10-02/VOL-08.md"
V08-21;VOL-08;applicato-verificato-testo;verificato-nella-copertura-dichiarata;False;;Tre requisiti cumulativi della definizione CAD di dati di tipo aperto.;"C:/Users/info/OneDrive/Desktop/concorso-book-os/artifacts/correzioni-collana-2026-10-02/VOL-08-ledger.json; wiki/reviews/correzioni-collana-2026-10-02/VOL-08.md"
V08-25;VOL-08;applicato-verificato-testo;verificato-nella-copertura-dichiarata;False;;"Ruoli e rischio AI, obblighi PA e legge 132 art. 14; calendario modificato dal regolamento 1744/2026 e transitori distinti.";"C:/Users/info/OneDrive/Desktop/concorso-book-os/artifacts/correzioni-collana-2026-10-02/VOL-08-ledger.json; wiki/reviews/correzioni-collana-2026-10-02/VOL-08.md"
V08-26;VOL-08;applicato-verificato-testo;verificato-nella-copertura-dichiarata;False;;Albero decisionale, k-means, matrice di confusione, precision/recall/F1 e baseline calcolati.;"C:/Users/info/OneDrive/Desktop/concorso-book-os/artifacts/correzioni-collana-2026-10-02/VOL-08-ledger.json; wiki/reviews/correzioni-collana-2026-10-02/VOL-08.md"
V08-27;VOL-08;applicato-verificato-testo;verificato-nella-copertura-dichiarata;False;;CAD 68–69, confronto TCO, riuso e legge 208/2015 commi 512 e seguenti.;"C:/Users/info/OneDrive/Desktop/concorso-book-os/artifacts/correzioni-collana-2026-10-02/VOL-08-ledger.json; wiki/reviews/correzioni-collana-2026-10-02/VOL-08.md"
V08-31;VOL-08;applicato-verificato-testo;verificato-nella-copertura-dichiarata;False;;Elaborato completo, diagnosi con tre ipotesi e prova SQL/algoritmo/metriche con risultati e rubrica.;"C:/Users/info/OneDrive/Desktop/concorso-book-os/artifacts/correzioni-collana-2026-10-02/VOL-08-ledger.json; wiki/reviews/correzioni-collana-2026-10-02/VOL-08.md"
P08-01;VOL-08;applicato-verificato-pdf;verificato-nella-copertura-dichiarata;False;;Corpo minimo 9,5 pt e 95 destinazioni reali verificate.;wiki/reviews/correzioni-collana-2026-10-02/PDF-VOL-08.md
P08-02;VOL-08;applicato-verificato-pdf;verificato-nella-copertura-dichiarata;False;;Gruppi di colonne collegati, sequenza delle fasi e responsabili leggibili.;wiki/reviews/correzioni-collana-2026-10-02/PDF-VOL-08.md
V08-01;VOL-08;applicato-verificato-testo;verificato-nella-copertura-dichiarata;False;;"Indice e matrice riconciliati: nessuna pubblicabilità anticipata; M-TR02 è un rinvio effettivo al VOL-09.";"C:/Users/info/OneDrive/Desktop/concorso-book-os/artifacts/correzioni-collana-2026-10-02/VOL-08-ledger.json; wiki/reviews/correzioni-collana-2026-10-02/VOL-08.md"
V08-03;VOL-08;applicato-verificato-testo;verificato-nella-copertura-dichiarata;False;;"Tutte le 13 tabelle staff spostate in planning/verifiche; audit conserva controllo atomico dei target reali.";"C:/Users/info/OneDrive/Desktop/concorso-book-os/artifacts/correzioni-collana-2026-10-02/VOL-08-ledger.json; wiki/reviews/correzioni-collana-2026-10-02/VOL-08.md"
V08-04;VOL-08;applicato-verificato-testo;verificato-nella-copertura-dichiarata;False;;Complemento a due su otto bit, intervalli, overflow e modello segno/esponente/significando con 1,5.;"C:/Users/info/OneDrive/Desktop/concorso-book-os/artifacts/correzioni-collana-2026-10-02/VOL-08-ledger.json; wiki/reviews/correzioni-collana-2026-10-02/VOL-08.md"
V08-05;VOL-08;applicato-verificato-testo;verificato-nella-copertura-dichiarata;False;;"Spazio totale e ausiliario distinti; scansione con contatore e modello dichiarato.";"C:/Users/info/OneDrive/Desktop/concorso-book-os/artifacts/correzioni-collana-2026-10-02/VOL-08-ledger.json; wiki/reviews/correzioni-collana-2026-10-02/VOL-08.md"
V08-06;VOL-08;applicato-verificato-testo;verificato-nella-copertura-dichiarata;False;;"Limite O distinto da Theta; quiz 5 usa funzioni dominanti esplicite e calcolo del raddoppio.";"C:/Users/info/OneDrive/Desktop/concorso-book-os/artifacts/correzioni-collana-2026-10-02/VOL-08-ledger.json; wiki/reviews/correzioni-collana-2026-10-02/VOL-08.md"
V08-07;VOL-08;applicato-verificato-testo;verificato-nella-copertura-dichiarata;False;;Fonte bibliografica identificata: Pat Morin, Open Data Structures, versione Python, § 1.3.;"C:/Users/info/OneDrive/Desktop/concorso-book-os/artifacts/correzioni-collana-2026-10-02/VOL-08-ledger.json; wiki/reviews/correzioni-collana-2026-10-02/VOL-08.md"
V08-08;VOL-08;applicato-verificato-testo;verificato-nella-copertura-dichiarata;False;;FK obbligatoria NOT NULL e id_ufficio esplicitato nello schema Assegnazione.;"C:/Users/info/OneDrive/Desktop/concorso-book-os/artifacts/correzioni-collana-2026-10-02/VOL-08-ledger.json; wiki/reviews/correzioni-collana-2026-10-02/VOL-08.md"
V08-10;VOL-08;applicato-verificato-testo;verificato-nella-copertura-dichiarata;False;;"Esempio circoscritto a HTTP/1.1; HTTP/2 TCP e HTTP/3 QUIC distinti.";"C:/Users/info/OneDrive/Desktop/concorso-book-os/artifacts/correzioni-collana-2026-10-02/VOL-08-ledger.json; wiki/reviews/correzioni-collana-2026-10-02/VOL-08.md"
V08-11;VOL-08;applicato-verificato-testo;verificato-nella-copertura-dichiarata;False;;Regressione descritta come finalità trasversale ai livelli di test.;"C:/Users/info/OneDrive/Desktop/concorso-book-os/artifacts/correzioni-collana-2026-10-02/VOL-08-ledger.json; wiki/reviews/correzioni-collana-2026-10-02/VOL-08.md"
V08-12;VOL-08;applicato-verificato-testo;verificato-nella-copertura-dichiarata;False;;Requisito risolto: utenti, dati, percentile, durata, latenza e tasso di errore.;"C:/Users/info/OneDrive/Desktop/concorso-book-os/artifacts/correzioni-collana-2026-10-02/VOL-08-ledger.json; wiki/reviews/correzioni-collana-2026-10-02/VOL-08.md"
V08-13;VOL-08;applicato-verificato-testo;verificato-nella-copertura-dichiarata;False;;Vincoli REST, richiesta/risposta API, autorizzazione per oggetto, stati ed errori.;"C:/Users/info/OneDrive/Desktop/concorso-book-os/artifacts/correzioni-collana-2026-10-02/VOL-08-ledger.json; wiki/reviews/correzioni-collana-2026-10-02/VOL-08.md"
V08-15;VOL-08;applicato-verificato-testo;verificato-nella-copertura-dichiarata;False;;Sei categorie STRIDE tradotte con minaccia, esempio e controllo.;"C:/Users/info/OneDrive/Desktop/concorso-book-os/artifacts/correzioni-collana-2026-10-02/VOL-08-ledger.json; wiki/reviews/correzioni-collana-2026-10-02/VOL-08.md"
V08-16;VOL-08;applicato-verificato-testo;verificato-nella-copertura-dichiarata;False;;Due aperte cybersecurity risolte sul caso dei fascicoli e sui controlli temporanei.;"C:/Users/info/OneDrive/Desktop/concorso-book-os/artifacts/correzioni-collana-2026-10-02/VOL-08-ledger.json; wiki/reviews/correzioni-collana-2026-10-02/VOL-08.md"
V08-19;VOL-08;applicato-verificato-testo;verificato-nella-copertura-dichiarata;False;;Dodici quiz riscritti nei capitoli 9–10, tre chiavi per lettera e commenti corrispondenti.;"C:/Users/info/OneDrive/Desktop/concorso-book-os/artifacts/correzioni-collana-2026-10-02/VOL-08-ledger.json; wiki/reviews/correzioni-collana-2026-10-02/VOL-08.md"
V08-22;VOL-08;applicato-verificato-testo;verificato-nella-copertura-dichiarata;False;;"HVD: API e formati obbligatori, bulk dove previsto; licenze, metadati e documentazione.";"C:/Users/info/OneDrive/Desktop/concorso-book-os/artifacts/correzioni-collana-2026-10-02/VOL-08-ledger.json; wiki/reviews/correzioni-collana-2026-10-02/VOL-08.md"
V08-23;VOL-08;applicato-verificato-testo;verificato-nella-copertura-dichiarata;False;;Rinvio PDND delimitato e destinazione cap. 06 integrata con flusso, ruoli, voucher e caso.;"C:/Users/info/OneDrive/Desktop/concorso-book-os/artifacts/correzioni-collana-2026-10-02/VOL-08-ledger.json; wiki/reviews/correzioni-collana-2026-10-02/VOL-08.md"
V08-28;VOL-08;applicato-verificato-testo;verificato-nella-copertura-dichiarata;False;;SLA su 43.200 minuti: 90 di fermo, 99,7917%, scostamento e limite di penali/esclusioni.;"C:/Users/info/OneDrive/Desktop/concorso-book-os/artifacts/correzioni-collana-2026-10-02/VOL-08-ledger.json; wiki/reviews/correzioni-collana-2026-10-02/VOL-08.md"
V08-29;VOL-08;applicato-verificato-testo;verificato-nella-copertura-dichiarata;False;;Funzione della direzione dell’esecuzione distinta dalla nomina di un DEC separato.;"C:/Users/info/OneDrive/Desktop/concorso-book-os/artifacts/correzioni-collana-2026-10-02/VOL-08-ledger.json; wiki/reviews/correzioni-collana-2026-10-02/VOL-08.md"
V08-30;VOL-08;applicato-verificato-testo;verificato-nella-copertura-dichiarata;False;;"Decisione al titolare; DPO consiglia e sorveglia, senza approvazione sostitutiva.";"C:/Users/info/OneDrive/Desktop/concorso-book-os/artifacts/correzioni-collana-2026-10-02/VOL-08-ledger.json; wiki/reviews/correzioni-collana-2026-10-02/VOL-08.md"
V08-32;VOL-08;applicato-verificato-testo;verificato-nella-copertura-dichiarata;False;;"Definizioni prima delle applicazioni nel cap. 10; riprese condensate in 7/12/13; spazio usato per esempi e soluzioni.";"C:/Users/info/OneDrive/Desktop/concorso-book-os/artifacts/correzioni-collana-2026-10-02/VOL-08-ledger.json; wiki/reviews/correzioni-collana-2026-10-02/VOL-08.md"
P08-04;VOL-08;applicato-verificato-pdf;verificato-nella-copertura-dichiarata;False;;Titolo capitolo distinto dalla prima sezione e riflusso verificato.;wiki/reviews/correzioni-collana-2026-10-02/PDF-VOL-08.md
P08-05;VOL-08;applicato-verificato-pdf;verificato-nella-copertura-dichiarata;False;;Avvertenza integrata con checklist e riferimenti.;wiki/reviews/correzioni-collana-2026-10-02/PDF-VOL-08.md
V08-20;VOL-08;applicato-verificato-testo;verificato-nella-copertura-dichiarata;False;;Refuso “nell’ignorare” corretto.;"C:/Users/info/OneDrive/Desktop/concorso-book-os/artifacts/correzioni-collana-2026-10-02/VOL-08-ledger.json; wiki/reviews/correzioni-collana-2026-10-02/VOL-08.md"
V08-24;VOL-08;applicato-verificato-testo;verificato-nella-copertura-dichiarata;False;;Refuso “uso interno” corretto.;"C:/Users/info/OneDrive/Desktop/concorso-book-os/artifacts/correzioni-collana-2026-10-02/VOL-08-ledger.json; wiki/reviews/correzioni-collana-2026-10-02/VOL-08.md"
P09-01;VOL-09;applicato-verificato-pdf;verificato-nella-copertura-dichiarata;False;;Tabella completa con nove righe, intestazioni e celle leggibili.;wiki/reviews/correzioni-collana-2026-10-02/PDF-VOL-09.md
P09-02;VOL-09;applicato-verificato-pdf;verificato-nella-copertura-dichiarata;False;;Unità domanda/alternative/soluzione distinte e continue.;wiki/reviews/correzioni-collana-2026-10-02/PDF-VOL-09.md
P09-04;VOL-09;applicato-verificato-pdf;verificato-nella-copertura-dichiarata;False;;"Rinvii puntuali ai capitoli e schede effettive; promessa riallineata.";wiki/reviews/correzioni-collana-2026-10-02/PDF-VOL-09.md
V09-01;VOL-09;applicato-verificato-testo;verificato-nella-copertura-dichiarata;False;"wiki/books/moduli/m-tr02-appalti-pnrr-fondi-ue/chapters/01-quattro-profili-ciclo-integrato.md; wiki/books/moduli/m-tr02-appalti-pnrr-fondi-ue/chapters/05-sotto-soglia-procurement-operativo.md; wiki/books/moduli/m-tr02-appalti-pnrr-fondi-ue/chapters/09-rimedi-precontenzioso-contenzioso.md; wiki\books\moduli\m-tr02-appalti-pnrr-fondi-ue\chapters\01-quattro-profili-ciclo-integrato.md; wiki\books\moduli\m-tr02-appalti-pnrr-fondi-ue\chapters\05-sotto-soglia-procurement-operativo.md; wiki\books\moduli\m-tr02-appalti-pnrr-fondi-ue\chapters\09-rimedi-precontenzioso-contenzioso.md";"Ricomposte le tabelle dei capitoli 1, 5 e 9; titoli fuori dalle righe.";wiki/reviews/correzioni-collana-2026-10-02/VOL-09.md
V09-02;VOL-09;applicato-verificato-testo;verificato-nella-copertura-dichiarata;False;"wiki/books/moduli/m-tr02-appalti-pnrr-fondi-ue/chapters/02-governance-rup-fasi-team-qualificazione.md; wiki/books/moduli/m-tr02-appalti-pnrr-fondi-ue/chapters/06-ecosistema-digitale-pad-pcp-bdncp-fvoe.md; wiki/books/moduli/m-tr02-appalti-pnrr-fondi-ue/chapters/09-rimedi-precontenzioso-contenzioso.md; wiki/books/moduli/m-tr02-appalti-pnrr-fondi-ue/chapters/12-dnsh-cam-procurement-sostenibile.md; wiki\books\moduli\m-tr02-appalti-pnrr-fondi-ue\chapters\02-governance-rup-fasi-team-qualificazione.md; wiki\books\moduli\m-tr02-appalti-pnrr-fondi-ue\chapters\06-ecosistema-digitale-pad-pcp-bdncp-fvoe.md; wiki\books\moduli\m-tr02-appalti-pnrr-fondi-ue\chapters\09-rimedi-precontenzioso-contenzioso.md; wiki\books\moduli\m-tr02-appalti-pnrr-fondi-ue\chapters\12-dnsh-cam-procurement-sostenibile.md";"Domande, opzioni e risposte ricomposte; titoli dei nuclei descrittivi e collocati all’inizio della sezione.";wiki/reviews/correzioni-collana-2026-10-02/VOL-09.md
V09-06;VOL-09;applicato-verificato-testo;verificato-nella-copertura-dichiarata;False;"wiki/books/moduli/m-tr02-appalti-pnrr-fondi-ue/chapters/02-governance-rup-fasi-team-qualificazione.md; wiki/sources/vol-09-governance-contratti-verifica-2026-10-03.md; wiki\books\moduli\m-tr02-appalti-pnrr-fondi-ue\chapters\02-governance-rup-fasi-team-qualificazione.md";Articoli 62–63 e allegato II.4: autonomia, qualificazione L/SF, livelli, requisiti e ricorso al soggetto qualificato.;wiki/reviews/correzioni-collana-2026-10-02/VOL-09.md
V09-07;VOL-09;applicato-verificato-testo;verificato-nella-copertura-dichiarata;False;"wiki/books/moduli/m-tr02-appalti-pnrr-fondi-ue/chapters/02-governance-rup-fasi-team-qualificazione.md; wiki/sources/vol-09-governance-contratti-verifica-2026-10-03.md; wiki\books\moduli\m-tr02-appalti-pnrr-fondi-ue\chapters\02-governance-rup-fasi-team-qualificazione.md";Nomina e requisiti RUP, responsabili delle fasi, distinzione funzione DEC/nomina separata.;wiki/reviews/correzioni-collana-2026-10-02/VOL-09.md
V09-09;VOL-09;applicato-verificato-testo;verificato-nella-copertura-dichiarata;False;"wiki/books/moduli/m-tr02-appalti-pnrr-fondi-ue/chapters/03-strategia-fabbisogni-programmazione.md; wiki/sources/vol-09-programmazione-sottosoglia-verifica-2026-10-03.md; wiki\books\moduli\m-tr02-appalti-pnrr-fondi-ue\chapters\03-strategia-fabbisogni-programmazione.md";Programmazione triennale, aggiornamenti, soglie e riga di programma con CUI didattico.;wiki/reviews/correzioni-collana-2026-10-02/VOL-09.md
V09-10;VOL-09;applicato-verificato-testo;verificato-nella-copertura-dichiarata;False;"wiki/books/moduli/m-tr02-appalti-pnrr-fondi-ue/chapters/03-strategia-fabbisogni-programmazione.md; wiki/sources/vol-09-programmazione-sottosoglia-verifica-2026-10-03.md; wiki\books\moduli\m-tr02-appalti-pnrr-fondi-ue\chapters\03-strategia-fabbisogni-programmazione.md";Valore 234.000 euro comprensivo di opzioni, lotti e deroga massima 46.800 euro.;wiki/reviews/correzioni-collana-2026-10-02/VOL-09.md
V09-11;VOL-09;applicato-verificato-testo;verificato-nella-copertura-dichiarata;False;"wiki/books/moduli/m-tr02-appalti-pnrr-fondi-ue/chapters/04-progettazione-gara-documenti.md; wiki/sources/vol-09-gara-requisiti-verifica-2026-10-03.md; wiki\books\moduli\m-tr02-appalti-pnrr-fondi-ue\chapters\04-progettazione-gara-documenti.md";"Cause di esclusione, self-cleaning, RTI, avvalimento, soccorso 5–10 giorni, OEPV; griglia risolta A 81,25/B 90,25.";wiki/reviews/correzioni-collana-2026-10-02/VOL-09.md
V09-12;VOL-09;applicato-verificato-testo;verificato-nella-copertura-dichiarata;False;"wiki/books/moduli/m-tr02-appalti-pnrr-fondi-ue/chapters/04-progettazione-gara-documenti.md; wiki/sources/vol-09-gara-requisiti-verifica-2026-10-03.md; wiki\books\moduli\m-tr02-appalti-pnrr-fondi-ue\chapters\04-progettazione-gara-documenti.md";"Elementi dell’articolo 17 e atto annotato; modello compilabile nel laboratorio.";wiki/reviews/correzioni-collana-2026-10-02/VOL-09.md
V09-14;VOL-09;applicato-verificato-testo;verificato-nella-copertura-dichiarata;False;"wiki/books/moduli/m-tr02-appalti-pnrr-fondi-ue/chapters/05-sotto-soglia-procurement-operativo.md; wiki/sources/vol-09-programmazione-sottosoglia-verifica-2026-10-03.md; wiki\books\moduli\m-tr02-appalti-pnrr-fondi-ue\chapters\05-sotto-soglia-procurement-operativo.md";"Soglie UE 2026, procedure nazionali e numero degli invitati; rotazione, interesse transfrontaliero e verifiche art.52.";wiki/reviews/correzioni-collana-2026-10-02/VOL-09.md
V09-16;VOL-09;applicato-verificato-testo;verificato-nella-copertura-dichiarata;False;"wiki/books/moduli/m-tr02-appalti-pnrr-fondi-ue/chapters/06-ecosistema-digitale-pad-pcp-bdncp-fvoe.md; wiki/sources/vol-09-ciclo-digitale-verifica-2026-10-03.md; wiki\books\moduli\m-tr02-appalti-pnrr-fondi-ue\chapters\06-ecosistema-digitale-pad-pcp-bdncp-fvoe.md";PAD, PCP, BDNCP, FVOE, pubblicità, trasparenza, guasti e CIG per lotto sviluppati.;wiki/reviews/correzioni-collana-2026-10-02/VOL-09.md
V09-17;VOL-09;applicato-verificato-testo;verificato-nella-copertura-dichiarata;False;"wiki/books/moduli/m-tr02-appalti-pnrr-fondi-ue/chapters/07-consip-mepa-aq-sdapa-asp.md; wiki/books/moduli/m-tr02-appalti-pnrr-fondi-ue/chapters/04-progettazione-gara-documenti.md; wiki/sources/vol-09-consip-strumenti-obblighi-2026-10-03.md; wiki\books\moduli\m-tr02-appalti-pnrr-fondi-ue\chapters\07-consip-mepa-aq-sdapa-asp.md; wiki\books\moduli\m-tr02-appalti-pnrr-fondi-ue\chapters\04-progettazione-gara-documenti.md";"Matrice obblighi ente/oggetto/importo; commi 449/450/510/512/516 e DPCM categorie 2026; eccezioni separate.";wiki/reviews/correzioni-collana-2026-10-02/VOL-09.md
V09-18;VOL-09;applicato-verificato-testo;verificato-nella-copertura-dichiarata;False;"wiki/books/moduli/m-tr02-appalti-pnrr-fondi-ue/chapters/07-consip-mepa-aq-sdapa-asp.md; wiki/sources/vol-09-consip-strumenti-obblighi-2026-10-03.md; wiki\books\moduli\m-tr02-appalti-pnrr-fondi-ue\chapters\07-consip-mepa-aq-sdapa-asp.md";"MePA Lavori include le nuove opere; distinto da SDA Lavori di manutenzione.";wiki/reviews/correzioni-collana-2026-10-02/VOL-09.md
V09-19;VOL-09;applicato-verificato-testo;verificato-nella-copertura-dichiarata;False;"wiki/books/moduli/m-tr02-appalti-pnrr-fondi-ue/chapters/07-consip-mepa-aq-sdapa-asp.md; wiki/sources/vol-09-consip-strumenti-obblighi-2026-10-03.md; wiki\books\moduli\m-tr02-appalti-pnrr-fondi-ue\chapters\07-consip-mepa-aq-sdapa-asp.md";AQ, SDA e ASP sciolti e confrontati: durata, apertura, inviti e tempi.;wiki/reviews/correzioni-collana-2026-10-02/VOL-09.md
V09-20;VOL-09;applicato-verificato-testo;verificato-nella-copertura-dichiarata;False;"wiki/books/moduli/m-tr02-appalti-pnrr-fondi-ue/chapters/08-governo-esecuzione.md; wiki/sources/vol-09-esecuzione-verifica-2026-10-03.md; wiki\books\moduli\m-tr02-appalti-pnrr-fondi-ue\chapters\08-governo-esecuzione.md";Subappalto, varianti, sospensioni, penali, collaudo/CRE e CCT con presupposti, atti e tempi.;wiki/reviews/correzioni-collana-2026-10-02/VOL-09.md
V09-21;VOL-09;applicato-verificato-testo;verificato-nella-copertura-dichiarata;False;"wiki/books/moduli/m-tr02-appalti-pnrr-fondi-ue/chapters/08-governo-esecuzione.md; wiki/sources/vol-09-esecuzione-verifica-2026-10-03.md; wiki\books\moduli\m-tr02-appalti-pnrr-fondi-ue\chapters\08-governo-esecuzione.md";"Revisione prezzi obbligatoria e regimi distinti; calcoli lavori 18.000 euro e servizi 2.400 euro.";wiki/reviews/correzioni-collana-2026-10-02/VOL-09.md
V09-23;VOL-09;applicato-verificato-testo;verificato-nella-copertura-dichiarata;False;"wiki/books/moduli/m-tr02-appalti-pnrr-fondi-ue/chapters/09-rimedi-precontenzioso-contenzioso.md; wiki/sources/vol-09-accesso-rimedi-verifica-2026-10-03.md; wiki\books\moduli\m-tr02-appalti-pnrr-fondi-ue\chapters\09-rimedi-precontenzioso-contenzioso.md";Accesso digitale, primi cinque, oscuramento e termine speciale 10 giorni distinti dal ricorso.;wiki/reviews/correzioni-collana-2026-10-02/VOL-09.md
V09-24;VOL-09;applicato-verificato-testo;verificato-nella-copertura-dichiarata;False;"wiki/books/moduli/m-tr02-appalti-pnrr-fondi-ue/chapters/09-rimedi-precontenzioso-contenzioso.md; wiki/sources/vol-09-accesso-rimedi-verifica-2026-10-03.md; wiki\books\moduli\m-tr02-appalti-pnrr-fondi-ue\chapters\09-rimedi-precontenzioso-contenzioso.md";"Standstill 32 giorni e relative eccezioni, blocco cautelare, ricorso 30 giorni; rimedi esecutivi e ANAC.";wiki/reviews/correzioni-collana-2026-10-02/VOL-09.md
V09-26;VOL-09;applicato-verificato-testo;verificato-nella-copertura-dichiarata;False;"wiki/books/moduli/m-tr02-appalti-pnrr-fondi-ue/chapters/10-pnrr-milestone-target-regis.md; wiki/sources/vol-09-pnrr-architettura-chiusura-regis-2026-10-03.md; wiki\books\moduli\m-tr02-appalti-pnrr-fondi-ue\chapters\10-pnrr-milestone-target-regis.md";"RRF/PNRR, sette missioni, CID/OA, performance e chiusura 2026; scadenze trascorse indicate come tali.";wiki/reviews/correzioni-collana-2026-10-02/VOL-09.md
V09-27;VOL-09;applicato-verificato-testo;verificato-nella-copertura-dichiarata;False;"wiki/books/moduli/m-tr02-appalti-pnrr-fondi-ue/chapters/10-pnrr-milestone-target-regis.md; wiki/sources/vol-09-pnrr-architettura-chiusura-regis-2026-10-03.md; wiki\books\moduli\m-tr02-appalti-pnrr-fondi-ue\chapters\10-pnrr-milestone-target-regis.md";"Ruoli ReGiS e ciclo prevalidazione/validazione; scadenze DPO qualificate come esempio della misura.";wiki/reviews/correzioni-collana-2026-10-02/VOL-09.md
V09-28;VOL-09;applicato-verificato-testo;verificato-nella-copertura-dichiarata;False;"wiki/books/moduli/m-tr02-appalti-pnrr-fondi-ue/chapters/11-gestione-finanziaria-rendicontazione-controlli.md; wiki/sources/vol-09-tracciabilita-antifrode-spesa-2026-10-03.md; wiki\books\moduli\m-tr02-appalti-pnrr-fondi-ue\chapters\11-gestione-finanziaria-rendicontazione-controlli.md";"Conti, comunicazioni, filiera, clausole, fatture e sanzioni; spesa 90.000 ammissibile e contributo 72.000.";wiki/reviews/correzioni-collana-2026-10-02/VOL-09.md
V09-29;VOL-09;applicato-verificato-testo;verificato-nella-copertura-dichiarata;False;"wiki/books/moduli/m-tr02-appalti-pnrr-fondi-ue/chapters/11-gestione-finanziaria-rendicontazione-controlli.md; wiki/sources/vol-09-tracciabilita-antifrode-spesa-2026-10-03.md; wiki\books\moduli\m-tr02-appalti-pnrr-fondi-ue\chapters\11-gestione-finanziaria-rendicontazione-controlli.md";"Frode/irregolarità, conflitti e titolare effettivo; caso quote e doppio finanziamento risolti.";wiki/reviews/correzioni-collana-2026-10-02/VOL-09.md
V09-30;VOL-09;applicato-verificato-testo;verificato-nella-copertura-dichiarata;False;"wiki/books/moduli/m-tr02-appalti-pnrr-fondi-ue/chapters/12-dnsh-cam-procurement-sostenibile.md; wiki/sources/vol-09-dnsh-cam-casi-verificati-2026-10-03.md; wiki\books\moduli\m-tr02-appalti-pnrr-fondi-ue\chapters\12-dnsh-cam-procurement-sostenibile.md";"Art.17 tassonomia, regimi DNSH e scheda 3; venti notebook, prove e non pertinenza motivata.";wiki/reviews/correzioni-collana-2026-10-02/VOL-09.md
V09-31;VOL-09;applicato-verificato-testo;verificato-nella-copertura-dichiarata;False;"wiki/books/moduli/m-tr02-appalti-pnrr-fondi-ue/chapters/12-dnsh-cam-procurement-sostenibile.md; wiki/sources/vol-09-dnsh-cam-casi-verificati-2026-10-03.md; wiki\books\moduli\m-tr02-appalti-pnrr-fondi-ue\chapters\12-dnsh-cam-procurement-sostenibile.md";Art.57 e CAM arredi DM254/2022: minimo cinque anni, ricambi, prove, imballaggi e premi 0/2/4/6/8.;wiki/reviews/correzioni-collana-2026-10-02/VOL-09.md
V09-34;VOL-09;applicato-verificato-testo;verificato-nella-copertura-dichiarata;False;"wiki/books/moduli/m-tr02-appalti-pnrr-fondi-ue/chapters/13-project-management-pubblico.md; wiki/sources/vol-09-project-management-esempi-2026-10-03.md; wiki\books\moduli\m-tr02-appalti-pnrr-fondi-ue\chapters\13-project-management-pubblico.md";WBS a tre livelli, Gantt datato, cammino critico A–B–D–F, margini e scenari 9/10/11 giorni.;wiki/reviews/correzioni-collana-2026-10-02/VOL-09.md
V09-35;VOL-09;applicato-verificato-testo;verificato-nella-copertura-dichiarata;False;"wiki/books/moduli/m-tr02-appalti-pnrr-fondi-ue/chapters/14-laboratorio-atti-casi-simulazioni.md; wiki/sources/vol-09-laboratorio-soluzioni-verificate-2026-10-03.md; wiki\books\moduli\m-tr02-appalti-pnrr-fondi-ue\chapters\14-laboratorio-atti-casi-simulazioni.md";"Dieci tracce con dati, norme, atti, soluzioni e rubriche; università nel caso arredi sotto soglia.";wiki/reviews/correzioni-collana-2026-10-02/VOL-09.md
V09-36;VOL-09;applicato-verificato-testo;verificato-nella-copertura-dichiarata;False;"wiki/books/moduli/m-tr02-appalti-pnrr-fondi-ue/chapters/14-laboratorio-atti-casi-simulazioni.md; wiki/sources/vol-09-laboratorio-soluzioni-verificate-2026-10-03.md; wiki\books\moduli\m-tr02-appalti-pnrr-fondi-ue\chapters\14-laboratorio-atti-casi-simulazioni.md";"Diario compilato, piani 30/60/90 e matrice reale di 73 nuclei; conteggi condivisi dichiarati.";wiki/reviews/correzioni-collana-2026-10-02/VOL-09.md
V09-37;VOL-09;applicato-verificato-testo;verificato-nella-copertura-dichiarata;False;"wiki/books/moduli/m-tr02-appalti-pnrr-fondi-ue/chapters/14-laboratorio-atti-casi-simulazioni.md; wiki/books/moduli/m-tr02-appalti-pnrr-fondi-ue/planning/01-indice-analitico-vol-09.md; wiki/sources/vol-09-laboratorio-soluzioni-verificate-2026-10-03.md; wiki\books\moduli\m-tr02-appalti-pnrr-fondi-ue\chapters\14-laboratorio-atti-casi-simulazioni.md";"Rimossa la promessa di appendici inesistenti; strumenti effettivi nei capitoli e kit finale.";wiki/reviews/correzioni-collana-2026-10-02/VOL-09.md
V09-38;VOL-09;applicato-verificato-testo;verificato-nella-copertura-dichiarata;False;"wiki/books/moduli/m-tr02-appalti-pnrr-fondi-ue/chapters/01-quattro-profili-ciclo-integrato.md; wiki/sources/vol-09-bandi-specialistici-verificati-2026-10-03.md; wiki/sources/vol-09-laboratorio-soluzioni-verificate-2026-10-03.md; wiki\books\moduli\m-tr02-appalti-pnrr-fondi-ue\chapters\01-quattro-profili-ciclo-integrato.md";"Tre nuovi bandi ufficiali acquisiti: Ca’ Foscari, Bologna e Terre del Sole; limiti del campione espliciti.";wiki/reviews/correzioni-collana-2026-10-02/VOL-09.md
P09-03;VOL-09;applicato-verificato-pdf;verificato-nella-copertura-dichiarata;False;;Titolo descrittivo e numerazione 13.1 nel PDF.;wiki/reviews/correzioni-collana-2026-10-02/PDF-VOL-09.md
P09-05;VOL-09;applicato-verificato-pdf;verificato-nella-copertura-dichiarata;False;;Corpo 9,5 pt e 87 destinazioni verificate.;wiki/reviews/correzioni-collana-2026-10-02/PDF-VOL-09.md
P09-06;VOL-09;applicato-verificato-pdf;verificato-nella-copertura-dichiarata;False;;Intestazioni regolari e gruppi semantici collegati senza perdita di righe.;wiki/reviews/correzioni-collana-2026-10-02/PDF-VOL-09.md
V09-03;VOL-09;applicato-verificato-testo;verificato-nella-copertura-dichiarata;False;"wiki/books/moduli/m-tr02-appalti-pnrr-fondi-ue/chapters/03-strategia-fabbisogni-programmazione.md; wiki/books/moduli/m-tr02-appalti-pnrr-fondi-ue/chapters/04-progettazione-gara-documenti.md; wiki/books/moduli/m-tr02-appalti-pnrr-fondi-ue/chapters/08-governo-esecuzione.md; wiki/books/moduli/m-tr02-appalti-pnrr-fondi-ue/chapters/13-project-management-pubblico.md; wiki/books/moduli/m-tr02-appalti-pnrr-fondi-ue/chapters/14-laboratorio-atti-casi-simulazioni.md; wiki\books\moduli\m-tr02-appalti-pnrr-fondi-ue\chapters\03-strategia-fabbisogni-programmazione.md; wiki\books\moduli\m-tr02-appalti-pnrr-fondi-ue\chapters\04-progettazione-gara-documenti.md; wiki\books\moduli\m-tr02-appalti-pnrr-fondi-ue\chapters\08-governo-esecuzione.md; wiki\books\moduli\m-tr02-appalti-pnrr-fondi-ue\chapters\13-project-management-pubblico.md; wiki\books\moduli\m-tr02-appalti-pnrr-fondi-ue\chapters\14-laboratorio-atti-casi-simulazioni.md";"Casi e fasi ricomposti; ridistribuzione dei capitoli 8, 13 e 14 in sei nuclei effettivi.";wiki/reviews/correzioni-collana-2026-10-02/VOL-09.md
V09-04;VOL-09;applicato-verificato-testo;verificato-nella-copertura-dichiarata;False;"wiki/books/moduli/m-tr02-appalti-pnrr-fondi-ue/chapters/13-project-management-pubblico.md; wiki\books\moduli\m-tr02-appalti-pnrr-fondi-ue\chapters\13-project-management-pubblico.md";"Eliminati i codici XX; 73 identificatori univoci nella matrice e nel testo.";wiki/reviews/correzioni-collana-2026-10-02/VOL-09.md
V09-05;VOL-09;applicato-verificato-testo;verificato-nella-copertura-dichiarata;False;"wiki/books/moduli/m-tr02-appalti-pnrr-fondi-ue/chapters/01-quattro-profili-ciclo-integrato.md; wiki/sources/vol-09-governance-contratti-verifica-2026-10-03.md; wiki\books\moduli\m-tr02-appalti-pnrr-fondi-ue\chapters\01-quattro-profili-ciclo-integrato.md";Liquidazione, ordinazione e pagamento distinti nel modello degli enti locali.;wiki/reviews/correzioni-collana-2026-10-02/VOL-09.md
V09-08;VOL-09;applicato-verificato-testo;verificato-nella-copertura-dichiarata;False;"wiki/books/moduli/m-tr02-appalti-pnrr-fondi-ue/chapters/02-governance-rup-fasi-team-qualificazione.md; wiki/sources/vol-09-governance-contratti-verifica-2026-10-03.md; wiki\books\moduli\m-tr02-appalti-pnrr-fondi-ue\chapters\02-governance-rup-fasi-team-qualificazione.md";RACI compilata con modello dichiarato, valutazione, decisione e liquidazione distinte.;wiki/reviews/correzioni-collana-2026-10-02/VOL-09.md
V09-13;VOL-09;applicato-verificato-testo;verificato-nella-copertura-dichiarata;False;"wiki/books/moduli/m-tr02-appalti-pnrr-fondi-ue/chapters/04-progettazione-gara-documenti.md; wiki/sources/vol-09-gara-requisiti-verifica-2026-10-03.md; wiki\books\moduli\m-tr02-appalti-pnrr-fondi-ue\chapters\04-progettazione-gara-documenti.md";Valore e incorporazione dei documenti contrattuali esplicitati.;wiki/reviews/correzioni-collana-2026-10-02/VOL-09.md
V09-15;VOL-09;applicato-verificato-testo;verificato-nella-copertura-dichiarata;False;"wiki/books/moduli/m-tr02-appalti-pnrr-fondi-ue/chapters/05-sotto-soglia-procurement-operativo.md; wiki/sources/vol-09-programmazione-sottosoglia-verifica-2026-10-03.md; wiki\books\moduli\m-tr02-appalti-pnrr-fondi-ue\chapters\05-sotto-soglia-procurement-operativo.md";"Sotto soglia definito rispetto alle soglie UE; limiti nazionali distinti.";wiki/reviews/correzioni-collana-2026-10-02/VOL-09.md
V09-22;VOL-09;applicato-verificato-testo;verificato-nella-copertura-dichiarata;False;"wiki/books/moduli/m-tr02-appalti-pnrr-fondi-ue/chapters/08-governo-esecuzione.md; wiki/sources/vol-09-esecuzione-verifica-2026-10-03.md; wiki\books\moduli\m-tr02-appalti-pnrr-fondi-ue\chapters\08-governo-esecuzione.md";"Anticipazione 20% elevabile al 30%, annualità servizi e garanzia; esempio 40.000 euro oltre interessi.";wiki/reviews/correzioni-collana-2026-10-02/VOL-09.md
V09-32;VOL-09;applicato-verificato-testo;verificato-nella-copertura-dichiarata;False;"wiki/books/moduli/m-tr02-appalti-pnrr-fondi-ue/chapters/13-project-management-pubblico.md; wiki/sources/vol-09-project-management-esempi-2026-10-03.md; wiki\books\moduli\m-tr02-appalti-pnrr-fondi-ue\chapters\13-project-management-pubblico.md";"Formazione parallela ai test ammessa nella rete dichiarata; dipendenze tecniche esplicitate.";wiki/reviews/correzioni-collana-2026-10-02/VOL-09.md
V09-33;VOL-09;applicato-verificato-testo;verificato-nella-copertura-dichiarata;False;"wiki/books/moduli/m-tr02-appalti-pnrr-fondi-ue/chapters/01-quattro-profili-ciclo-integrato.md; wiki/sources/vol-09-governance-contratti-verifica-2026-10-03.md; wiki/books/moduli/m-tr02-appalti-pnrr-fondi-ue/chapters/13-project-management-pubblico.md; wiki/sources/vol-09-project-management-esempi-2026-10-03.md; wiki\books\moduli\m-tr02-appalti-pnrr-fondi-ue\chapters\01-quattro-profili-ciclo-integrato.md; wiki\books\moduli\m-tr02-appalti-pnrr-fondi-ue\chapters\13-project-management-pubblico.md";"Output/outcome e WBS uniformati; attività C resta bonifica dei dati anche nella simulazione.";wiki/reviews/correzioni-collana-2026-10-02/VOL-09.md
V09-25;VOL-09;applicato-verificato-testo;verificato-nella-copertura-dichiarata;False;"wiki/books/moduli/m-tr02-appalti-pnrr-fondi-ue/chapters/09-rimedi-precontenzioso-contenzioso.md; wiki\books\moduli\m-tr02-appalti-pnrr-fondi-ue\chapters\09-rimedi-precontenzioso-contenzioso.md";Numero dichiarato degli elementi riallineato all’elenco.;wiki/reviews/correzioni-collana-2026-10-02/VOL-09.md
P10-01;VOL-10;applicato-verificato-pdf;verificato-nella-copertura-dichiarata;False;;"Quattro figure e dossier con dati, consegna, elaborato modello e griglia; corrispondenza figura/testo verificata.";wiki/reviews/correzioni-collana-2026-10-02/PDF-VOL-10.md
V10-02;VOL-10;applicato-verificato-testo;verificato-nella-copertura-dichiarata;False;;"Conferenze istruttoria, decisoria e preliminare distinte per funzione e presupposti, con esempi e verifica; regole tecniche sviluppate nei capitoli pertinenti.";"C:/Users/info/OneDrive/Desktop/concorso-book-os/artifacts/correzioni-collana-2026-10-02/VOL-10-ledger.json; wiki/reviews/correzioni-collana-2026-10-02/VOL-10.md"
V10-03;VOL-10;applicato-verificato-testo;verificato-nella-copertura-dichiarata;False;;Vincoli piani, tre gradi di libertà, reazioni e trave L=4 m, q=10 kN/m con equilibrio, taglio, momento, segni e due figure.;"C:/Users/info/OneDrive/Desktop/concorso-book-os/artifacts/correzioni-collana-2026-10-02/VOL-10-ledger.json; wiki/reviews/correzioni-collana-2026-10-02/VOL-10.md"
V10-04;VOL-10;applicato-verificato-testo;verificato-nella-copertura-dichiarata;False;;"Vita nominale, classi I–IV, coefficienti e V_R; stati sismici e combinazioni, esercizio da 135 kN.";"C:/Users/info/OneDrive/Desktop/concorso-book-os/artifacts/correzioni-collana-2026-10-02/VOL-10-ledger.json; wiki/reviews/correzioni-collana-2026-10-02/VOL-10.md"
V10-05;VOL-10;applicato-verificato-testo;verificato-nella-copertura-dichiarata;False;;Intervento locale, miglioramento e adeguamento: campo, condizioni, ζ_E, esempi e collaudo.;"C:/Users/info/OneDrive/Desktop/concorso-book-os/artifacts/correzioni-collana-2026-10-02/VOL-10-ledger.json; wiki/reviews/correzioni-collana-2026-10-02/VOL-10.md"
V10-07;VOL-10;applicato-verificato-testo;verificato-nella-copertura-dichiarata;False;;"Zone A–F, standard e articolazioni, esercizio da 7.200 m²; vincolo quinquennale, decadenza e reiterazione.";"C:/Users/info/OneDrive/Desktop/concorso-book-os/artifacts/correzioni-collana-2026-10-02/VOL-10-ledger.json; wiki/reviews/correzioni-collana-2026-10-02/VOL-10.md"
V10-08;VOL-10;applicato-verificato-testo;verificato-nella-copertura-dichiarata;False;;"Permesso come titolo, conclusione espressa o tacita; art. 20 aggiornato dalla legge 182/2025, assensi formali di tutela già acquisiti.";"C:/Users/info/OneDrive/Desktop/concorso-book-os/artifacts/correzioni-collana-2026-10-02/VOL-10-ledger.json; wiki/reviews/correzioni-collana-2026-10-02/VOL-10.md"
V10-09;VOL-10;applicato-verificato-testo;verificato-nella-copertura-dichiarata;False;;"Categorie definite; CILA, SCIA e alternativa con tempi; artt. 34-bis, 36 e 36-bis; tre casi con dati e qualificazione.";"C:/Users/info/OneDrive/Desktop/concorso-book-os/artifacts/correzioni-collana-2026-10-02/VOL-10-ledger.json; wiki/reviews/correzioni-collana-2026-10-02/VOL-10.md"
V10-11;VOL-10;applicato-verificato-testo;verificato-nella-copertura-dichiarata;False;;"Eliminato assoluto che rinviava le cautele; CSE sospende subito le lavorazioni nei presupposti dell’art. 92.";"C:/Users/info/OneDrive/Desktop/concorso-book-os/artifacts/correzioni-collana-2026-10-02/VOL-10-ledger.json; wiki/reviews/correzioni-collana-2026-10-02/VOL-10.md"
V10-12;VOL-10;applicato-verificato-testo;verificato-nella-copertura-dichiarata;False;;"Fattispecie dell’art. 120, soglie non sufficienti da sole, quinto; sospensione DL/RUP e ripresa; nomine CSP/CSE.";"C:/Users/info/OneDrive/Desktop/concorso-book-os/artifacts/correzioni-collana-2026-10-02/VOL-10-ledger.json; wiki/reviews/correzioni-collana-2026-10-02/VOL-10.md"
V10-13;VOL-10;applicato-verificato-testo;verificato-nella-copertura-dichiarata;False;;"Tempi e carattere del collaudo; soglie ed esclusioni CRE, DL/RUP; manuali e programma manutentivo con esempio.";"C:/Users/info/OneDrive/Desktop/concorso-book-os/artifacts/correzioni-collana-2026-10-02/VOL-10-ledger.json; wiki/reviews/correzioni-collana-2026-10-02/VOL-10.md"
V10-14;VOL-10;applicato-verificato-testo;verificato-nella-copertura-dichiarata;False;;Analisi 126,50 €/m², quadro economico 150.000 euro, sicurezza/manodopera, TOL, riserve e calendario SAL/certificato/pagamento.;"C:/Users/info/OneDrive/Desktop/concorso-book-os/artifacts/correzioni-collana-2026-10-02/VOL-10-ledger.json; wiki/reviews/correzioni-collana-2026-10-02/VOL-10.md"
V10-15;VOL-10;applicato-verificato-testo;verificato-nella-copertura-dichiarata;False;;"Classi stradali A–F-bis, livelli ponti 0–5 e cinque classi di attenzione; scheda P17 senza diagnosi inventate.";"C:/Users/info/OneDrive/Desktop/concorso-book-os/artifacts/correzioni-collana-2026-10-02/VOL-10-ledger.json; wiki/reviews/correzioni-collana-2026-10-02/VOL-10.md"
V10-16;VOL-10;applicato-verificato-testo;verificato-nella-copertura-dichiarata;False;;"BIM 2 milioni e soglia beni culturali, CI/OGI/PGI e ruoli; raster/vettori e 50 m; PREGEO/DOCFA/voltura; beni pubblici.";"C:/Users/info/OneDrive/Desktop/concorso-book-os/artifacts/correzioni-collana-2026-10-02/VOL-10-ledger.json; wiki/reviews/correzioni-collana-2026-10-02/VOL-10.md"
V10-18;VOL-10;applicato-verificato-testo;verificato-nella-copertura-dichiarata;False;;Dossier S1/D1/D2/R1/F01/E1, planimetria e illustrazione, traccia di 50 minuti, modello e computo 864 euro, rubrica di 30 punti didattici.;"C:/Users/info/OneDrive/Desktop/concorso-book-os/artifacts/correzioni-collana-2026-10-02/VOL-10-ledger.json; wiki/reviews/correzioni-collana-2026-10-02/VOL-10.md"
P10-02;VOL-10;applicato-verificato-pdf;verificato-nella-copertura-dichiarata;False;;Continuazioni regolari tra pagine con intestazione, contenuti integri e celle leggibili.;wiki/reviews/correzioni-collana-2026-10-02/PDF-VOL-10.md
V10-01;VOL-10;applicato-verificato-testo;verificato-nella-copertura-dichiarata;False;;"Stato editoriale eliminato; rinvio funzionale al volume 9, capitoli 3–6 e 10–12.";"C:/Users/info/OneDrive/Desktop/concorso-book-os/artifacts/correzioni-collana-2026-10-02/VOL-10-ledger.json; wiki/reviews/correzioni-collana-2026-10-02/VOL-10.md"
V10-06;VOL-10;applicato-verificato-testo;verificato-nella-copertura-dichiarata;False;;Risposta distinta per nuove costruzioni e valutazione delle esistenti, con eccezione SLE della classe IV.;"C:/Users/info/OneDrive/Desktop/concorso-book-os/artifacts/correzioni-collana-2026-10-02/VOL-10-ledger.json; wiki/reviews/correzioni-collana-2026-10-02/VOL-10.md"
V10-10;VOL-10;applicato-verificato-testo;verificato-nella-copertura-dichiarata;False;;Avvio ordinario distinto da anticipato e urgente ex artt. 17 e 50, con requisiti e responsabilità.;"C:/Users/info/OneDrive/Desktop/concorso-book-os/artifacts/correzioni-collana-2026-10-02/VOL-10-ledger.json; wiki/reviews/correzioni-collana-2026-10-02/VOL-10.md"
V10-17;VOL-10;applicato-verificato-testo;verificato-nella-copertura-dichiarata;False;;Rinvio cartaceo a due sezioni effettive del capitolo 15, R19 dichiarato digitale opzionale.;"C:/Users/info/OneDrive/Desktop/concorso-book-os/artifacts/correzioni-collana-2026-10-02/VOL-10-ledger.json; wiki/reviews/correzioni-collana-2026-10-02/VOL-10.md"
P11-01;VOL-11;applicato-verificato-pdf;verificato-nella-copertura-dichiarata;False;;"Gruppi collegati fino a quattro colonne; intestazione Responsabile / funzione ora va a capo tra parole.";wiki/reviews/correzioni-collana-2026-10-02/PDF-VOL-11.md
P11-03;VOL-11;applicato-verificato-pdf;verificato-nella-copertura-dichiarata;False;;"Inserite schede operative di protezione civile, energia, ambiente locale, registri e toolkit; esaminate tutte.";wiki/reviews/correzioni-collana-2026-10-02/PDF-VOL-11.md
V11-01;VOL-11;applicato-verificato-testo;verificato-nella-copertura-dichiarata;False;;Eliminate quattro ripetizioni integrali e sostituite con prove differenziate, lettura delle fonti e casi quantitativi.;"C:/Users/info/OneDrive/Desktop/concorso-book-os/artifacts/correzioni-collana-2026-10-02/VOL-11-ledger.json; wiki/reviews/correzioni-collana-2026-10-02/VOL-11.md"
V11-03;VOL-11;applicato-verificato-testo;verificato-nella-copertura-dichiarata;False;;"Tre calendari alternativi, carichi orari, pesi per AMB/PC/EN/LOC, prove e recupero; toolkit cartaceo.";"C:/Users/info/OneDrive/Desktop/concorso-book-os/artifacts/correzioni-collana-2026-10-02/VOL-11-ledger.json; wiki/reviews/correzioni-collana-2026-10-02/VOL-11.md"
V11-04;VOL-11;applicato-verificato-testo;verificato-nella-copertura-dichiarata;False;;Costituzione 117–118, parti del decreto e principi 3-bis–3-sexies, L. 132, LEPTA.;"C:/Users/info/OneDrive/Desktop/concorso-book-os/artifacts/correzioni-collana-2026-10-02/VOL-11-ledger.json; wiki/reviews/correzioni-collana-2026-10-02/VOL-11.md"
V11-06;VOL-11;applicato-verificato-testo;verificato-nella-copertura-dichiarata;False;;"Tre iter distinti: art. 6 comma 9, screening 19 e screening VAS, art. 12; presupposti e termini.";"C:/Users/info/OneDrive/Desktop/concorso-book-os/artifacts/correzioni-collana-2026-10-02/VOL-11-ledger.json; wiki/reviews/correzioni-collana-2026-10-02/VOL-11.md"
V11-07;VOL-11;applicato-verificato-testo;verificato-nella-copertura-dichiarata;False;;"Mini-esercizi precisano allegato e fatti; nessuna VIA ricavata dalla sola parola opera.";"C:/Users/info/OneDrive/Desktop/concorso-book-os/artifacts/correzioni-collana-2026-10-02/VOL-11-ledger.json; wiki/reviews/correzioni-collana-2026-10-02/VOL-11.md"
V11-09;VOL-11;applicato-verificato-testo;verificato-nella-copertura-dichiarata;False;;VIncA, Natura 2000, competenze, PUA/PAUR e sequenze temporali datate.;"C:/Users/info/OneDrive/Desktop/concorso-book-os/artifacts/correzioni-collana-2026-10-02/VOL-11-ledger.json; wiki/reviews/correzioni-collana-2026-10-02/VOL-11.md"
V11-12;VOL-11;applicato-verificato-testo;verificato-nella-copertura-dichiarata;False;;"AUA 15 anni/rinnovo 6 mesi; AIA 10/12/16 anni e BAT entro 4 anni; emissioni 269/272; IED schema AG 420 distinto dal diritto vigente.";"C:/Users/info/OneDrive/Desktop/concorso-book-os/artifacts/correzioni-collana-2026-10-02/VOL-11-ledger.json; wiki/reviews/correzioni-collana-2026-10-02/VOL-11.md"
V11-13;VOL-11;applicato-verificato-testo;verificato-nella-copertura-dichiarata;False;;"Rinnovo 124 un anno, AUA sei mesi; suolo/sottosuolo 103/104, piani 117/121 e sei anni.";"C:/Users/info/OneDrive/Desktop/concorso-book-os/artifacts/correzioni-collana-2026-10-02/VOL-11-ledger.json; wiki/reviews/correzioni-collana-2026-10-02/VOL-11.md"
V11-15;VOL-11;applicato-verificato-testo;verificato-nella-copertura-dichiarata;False;;"Caso SST 240 contro 200, metodo, titolo e campionamento dichiarati; 20% e limiti dell’incertezza.";"C:/Users/info/OneDrive/Desktop/concorso-book-os/artifacts/correzioni-collana-2026-10-02/VOL-11-ledger.json; wiki/reviews/correzioni-collana-2026-10-02/VOL-11.md"
V11-17;VOL-11;applicato-verificato-testo;verificato-nella-copertura-dichiarata;False;;Soggetti/esclusioni 188-bis, termini 190, FIR e registro compilati, digitale dal 16 settembre.;"C:/Users/info/OneDrive/Desktop/concorso-book-os/artifacts/correzioni-collana-2026-10-02/VOL-11-ledger.json; wiki/reviews/correzioni-collana-2026-10-02/VOL-11.md"
V11-18;VOL-11;applicato-verificato-testo;verificato-nella-copertura-dichiarata;False;;Codici 150101/150110*, specchio 170503*/170504, HP, end of waste e titoli 208/212/214/216.;"C:/Users/info/OneDrive/Desktop/concorso-book-os/artifacts/correzioni-collana-2026-10-02/VOL-11-ledger.json; wiki/reviews/correzioni-collana-2026-10-02/VOL-11.md"
V11-21;VOL-11;applicato-verificato-testo;verificato-nella-copertura-dichiarata;False;;Sequenza 242/250, termini, responsabilità 298-bis/303 e casi 50/80/150 con CSR 120.;"C:/Users/info/OneDrive/Desktop/concorso-book-os/artifacts/correzioni-collana-2026-10-02/VOL-11-ledger.json; wiki/reviews/correzioni-collana-2026-10-02/VOL-11.md"
V11-22;VOL-11;applicato-verificato-testo;verificato-nella-copertura-dichiarata;False;;"Categorie aria definite, PM10/NO2 con periodi e superamenti; direttiva 2024/2881 distinta da schema nazionale.";"C:/Users/info/OneDrive/Desktop/concorso-book-os/artifacts/correzioni-collana-2026-10-02/VOL-11-ledger.json; wiki/reviews/correzioni-collana-2026-10-02/VOL-11.md"
V11-23;VOL-11;applicato-verificato-testo;verificato-nella-copertura-dichiarata;False;;"Sei classi, periodi, differenziale 5/3 ed esclusioni; esempi 62−60 e 56−49; Leq/Lden/Lnight.";"C:/Users/info/OneDrive/Desktop/concorso-book-os/artifacts/correzioni-collana-2026-10-02/VOL-11-ledger.json; wiki/reviews/correzioni-collana-2026-10-02/VOL-11.md"
V11-26;VOL-11;applicato-verificato-testo;verificato-nella-copertura-dichiarata;False;;"Timeline 689 e 318-bis/seguenti; pagamenti 1000 e 4500, proroga 6 mesi, verifiche e comunicazioni.";"C:/Users/info/OneDrive/Desktop/concorso-book-os/artifacts/correzioni-collana-2026-10-02/VOL-11-ledger.json; wiki/reviews/correzioni-collana-2026-10-02/VOL-11.md"
V11-27;VOL-11;applicato-verificato-testo;verificato-nella-copertura-dichiarata;False;;"Casi concreti 256, 137/133 e 279: rifiuti/acque/emissioni; dati, pena e natura, limite del nesso causale.";"C:/Users/info/OneDrive/Desktop/concorso-book-os/artifacts/correzioni-collana-2026-10-02/VOL-11-ledger.json; wiki/reviews/correzioni-collana-2026-10-02/VOL-11.md"
V11-29;VOL-11;applicato-verificato-testo;verificato-nella-copertura-dichiarata;False;;Attesa/assistenza/ammassamento, COC/CCS/COM/DiComaC e ambiti, volontariato 39/40.;"C:/Users/info/OneDrive/Desktop/concorso-book-os/artifacts/correzioni-collana-2026-10-02/VOL-11-ledger.json; wiki/reviews/correzioni-collana-2026-10-02/VOL-11.md"
V11-30;VOL-11;applicato-verificato-testo;verificato-nella-copertura-dichiarata;False;;"Giallo/arancione almeno attenzione, rosso almeno preallarme; innalzamento motivato.";"C:/Users/info/OneDrive/Desktop/concorso-book-os/artifacts/correzioni-collana-2026-10-02/VOL-11-ledger.json; wiki/reviews/correzioni-collana-2026-10-02/VOL-11.md"
V11-31;VOL-11;applicato-verificato-testo;verificato-nella-copertura-dichiarata;False;;Cinque schede: sisma, vulcano, maremoto SiAM, incendio/interfaccia, Seveso PEI/PEE.;"C:/Users/info/OneDrive/Desktop/concorso-book-os/artifacts/correzioni-collana-2026-10-02/VOL-11-ledger.json; wiki/reviews/correzioni-collana-2026-10-02/VOL-11.md"
V11-33;VOL-11;applicato-verificato-testo;verificato-nella-copertura-dichiarata;False;;"FER 190 artt. 6–9 e allegati A/B/C; correttivo 178/2025 e REDIII 5/2026; casi 80 kW/6 MW/20 MW.";"C:/Users/info/OneDrive/Desktop/concorso-book-os/artifacts/correzioni-collana-2026-10-02/VOL-11-ledger.json; wiki/reviews/correzioni-collana-2026-10-02/VOL-11.md"
V11-34;VOL-11;applicato-verificato-testo;verificato-nella-copertura-dichiarata;False;;Partecipanti/controllo CER, zona/cabina primaria, diritti, TIAD e minimo orario 70 kWh.;"C:/Users/info/OneDrive/Desktop/concorso-book-os/artifacts/correzioni-collana-2026-10-02/VOL-11-ledger.json; wiki/reviews/correzioni-collana-2026-10-02/VOL-11.md"
V11-35;VOL-11;applicato-verificato-testo;verificato-nella-copertura-dichiarata;False;;"Diagnosi 102, PA centrale 3%, APE, D.Lgs. 192, EED incompleta riscontrata 1° ottobre; PNIEC/PNACC e calcolo risparmio/payback/CO₂e.";"C:/Users/info/OneDrive/Desktop/concorso-book-os/artifacts/correzioni-collana-2026-10-02/VOL-11-ledger.json; wiki/reviews/correzioni-collana-2026-10-02/VOL-11.md"
V11-37;VOL-11;applicato-verificato-testo;verificato-nella-copertura-dichiarata;False;;"CAM del 24 novembre 2025 e circolare 10 aprile 2026; criterio 2.5.2 con profilo pedologico, 75/90 m³ e prove per fase.";"C:/Users/info/OneDrive/Desktop/concorso-book-os/artifacts/correzioni-collana-2026-10-02/VOL-11-ledger.json; wiki/reviews/correzioni-collana-2026-10-02/VOL-11.md"
V11-39;VOL-11;applicato-verificato-testo;verificato-nella-copertura-dichiarata;False;;Sim 6 tabella+nota, sim 8 otto righe, sim 10 nota+sei azioni con tempi e rubrica.;"C:/Users/info/OneDrive/Desktop/concorso-book-os/artifacts/correzioni-collana-2026-10-02/VOL-11-ledger.json; wiki/reviews/correzioni-collana-2026-10-02/VOL-11.md"
V11-41;VOL-11;applicato-verificato-testo;verificato-nella-copertura-dichiarata;False;;"Regole note distinte da fatti mancanti; casi risolvibili con numeri e disposizioni; quiz 6 corretto.";"C:/Users/info/OneDrive/Desktop/concorso-book-os/artifacts/correzioni-collana-2026-10-02/VOL-11-ledger.json; wiki/reviews/correzioni-collana-2026-10-02/VOL-11.md"
V11-42;VOL-11;applicato-verificato-testo;verificato-nella-copertura-dichiarata;False;;"Appendici A–E effettive nel capitolo 14, modelli compilati e percorsi; indici riallineati.";"C:/Users/info/OneDrive/Desktop/concorso-book-os/artifacts/correzioni-collana-2026-10-02/VOL-11-ledger.json; wiki/reviews/correzioni-collana-2026-10-02/VOL-11.md"
V11-43;VOL-11;applicato-verificato-testo;verificato-nella-copertura-dichiarata;False;;Matrice 90 nuclei reali, archivio attestazioni precedenti, indice senza scaffold/escape, metadati correnti.;"C:/Users/info/OneDrive/Desktop/concorso-book-os/artifacts/correzioni-collana-2026-10-02/VOL-11-ledger.json; wiki/reviews/correzioni-collana-2026-10-02/VOL-11.md"
P11-02;VOL-11;applicato-verificato-pdf;verificato-nella-copertura-dichiarata;False;;"ID conservati nel frontmatter strutturato e rimossi dal corpo; fonti, date e limiti leggibili.";wiki/reviews/correzioni-collana-2026-10-02/PDF-VOL-11.md
P11-04;VOL-11;applicato-verificato-pdf;verificato-nella-copertura-dichiarata;False;;Corpo minimo 9,5 pt e 104 destinazioni verificate.;wiki/reviews/correzioni-collana-2026-10-02/PDF-VOL-11.md
P11-05;VOL-11;applicato-verificato-pdf;verificato-nella-copertura-dichiarata;False;;"Due proiezioni semantiche collegate dalla colonna Fatto; righe e intestazioni integre.";wiki/reviews/correzioni-collana-2026-10-02/PDF-VOL-11.md
V11-02;VOL-11;applicato-verificato-testo;verificato-nella-copertura-dichiarata;False;;"SNPA descritto come sistema; coordinamento tecnico attribuito a ISPRA.";"C:/Users/info/OneDrive/Desktop/concorso-book-os/artifacts/correzioni-collana-2026-10-02/VOL-11-ledger.json; wiki/reviews/correzioni-collana-2026-10-02/VOL-11.md"
V11-05;VOL-11;applicato-verificato-testo;verificato-nella-copertura-dichiarata;False;;Ripetizioni ridotte e due mini-esercizi risolti con competenza e motivazione.;"C:/Users/info/OneDrive/Desktop/concorso-book-os/artifacts/correzioni-collana-2026-10-02/VOL-11-ledger.json; wiki/reviews/correzioni-collana-2026-10-02/VOL-11.md"
V11-08;VOL-11;applicato-verificato-testo;verificato-nella-copertura-dichiarata;False;;Ripristinato esprime, conservando condizioni e richiesta del proponente.;"C:/Users/info/OneDrive/Desktop/concorso-book-os/artifacts/correzioni-collana-2026-10-02/VOL-11-ledger.json; wiki/reviews/correzioni-collana-2026-10-02/VOL-11.md"
V11-10;VOL-11;applicato-verificato-testo;verificato-nella-copertura-dichiarata;False;;"Art. 3 AUA corrente, voci aggiunte e facoltà regionale del comma 2; rettificata anche source precedente.";"C:/Users/info/OneDrive/Desktop/concorso-book-os/artifacts/correzioni-collana-2026-10-02/VOL-11-ledger.json; wiki/reviews/correzioni-collana-2026-10-02/VOL-11.md"
V11-11;VOL-11;applicato-verificato-testo;verificato-nella-copertura-dichiarata;False;;"Autorità adotta e SUAP rilascia; sequenza distinta.";"C:/Users/info/OneDrive/Desktop/concorso-book-os/artifacts/correzioni-collana-2026-10-02/VOL-11-ledger.json; wiki/reviews/correzioni-collana-2026-10-02/VOL-11.md"
V11-14;VOL-11;applicato-verificato-testo;verificato-nella-copertura-dichiarata;False;;M0, M0 a/b e distinzione macroindicatori/indicatori semplici RQTI.;"C:/Users/info/OneDrive/Desktop/concorso-book-os/artifacts/correzioni-collana-2026-10-02/VOL-11-ledger.json; wiki/reviews/correzioni-collana-2026-10-02/VOL-11.md"
V11-19;VOL-11;applicato-verificato-testo;verificato-nella-copertura-dichiarata;False;;"Diagnosi originaria precisata: inferiore è testo letterale art. 240; chiarita l’uguaglianza nei passaggi applicativi e casi CSC/CSR.";"C:/Users/info/OneDrive/Desktop/concorso-book-os/artifacts/correzioni-collana-2026-10-02/VOL-11-ledger.json; wiki/reviews/correzioni-collana-2026-10-02/VOL-11.md"
V11-20;VOL-11;applicato-verificato-testo;verificato-nella-copertura-dichiarata;False;;Complementare sul sito o, se opportuno, altrove, distinta dalla compensativa.;"C:/Users/info/OneDrive/Desktop/concorso-book-os/artifacts/correzioni-collana-2026-10-02/VOL-11-ledger.json; wiki/reviews/correzioni-collana-2026-10-02/VOL-11.md"
V11-24;VOL-11;applicato-verificato-testo;verificato-nella-copertura-dichiarata;False;;"Accesso ambientale 195: chiunque, 30/60 giorni, limiti e accesso parziale; caso risolto.";"C:/Users/info/OneDrive/Desktop/concorso-book-os/artifacts/correzioni-collana-2026-10-02/VOL-11-ledger.json; wiki/reviews/correzioni-collana-2026-10-02/VOL-11.md"
V11-25;VOL-11;applicato-verificato-testo;verificato-nella-copertura-dichiarata;False;;"Distinzione formale pene; art. 256 corrente contravvenzione/delitto secondo fattispecie.";"C:/Users/info/OneDrive/Desktop/concorso-book-os/artifacts/correzioni-collana-2026-10-02/VOL-11-ledger.json; wiki/reviews/correzioni-collana-2026-10-02/VOL-11.md"
V11-28;VOL-11;applicato-verificato-testo;verificato-nella-copertura-dichiarata;False;;Prefetto: eventi b/c, imminenza/preannuncio, raccordo e direzione tecnica distinti.;"C:/Users/info/OneDrive/Desktop/concorso-book-os/artifacts/correzioni-collana-2026-10-02/VOL-11-ledger.json; wiki/reviews/correzioni-collana-2026-10-02/VOL-11.md"
V11-32;VOL-11;applicato-verificato-testo;verificato-nella-copertura-dichiarata;False;;"Rami A/B espliciti; matrice 4 colonne; validità 18:00 distinta dalle osservazioni 15:20.";"C:/Users/info/OneDrive/Desktop/concorso-book-os/artifacts/correzioni-collana-2026-10-02/VOL-11-ledger.json; wiki/reviews/correzioni-collana-2026-10-02/VOL-11.md"
V11-36;VOL-11;applicato-verificato-testo;verificato-nella-copertura-dichiarata;False;;"Regimi DNSH definiti; attribuzione da misura; casi NZEB 50/40 e progetto 45.";"C:/Users/info/OneDrive/Desktop/concorso-book-os/artifacts/correzioni-collana-2026-10-02/VOL-11-ledger.json; wiki/reviews/correzioni-collana-2026-10-02/VOL-11.md"
V11-38;VOL-11;applicato-verificato-testo;verificato-nella-copertura-dichiarata;False;;"Quattro fasi LCA; LCC scontato 5 anni 3%, 24.601,73/23.590,72 e differenza 1011,01.";"C:/Users/info/OneDrive/Desktop/concorso-book-os/artifacts/correzioni-collana-2026-10-02/VOL-11-ledger.json; wiki/reviews/correzioni-collana-2026-10-02/VOL-11.md"
V11-40;VOL-11;applicato-verificato-testo;verificato-nella-copertura-dichiarata;False;;Paragrafi metodologici ricollocati prima di sintesi e simulazioni 1/3/5/8, conservando testo utile.;"C:/Users/info/OneDrive/Desktop/concorso-book-os/artifacts/correzioni-collana-2026-10-02/VOL-11-ledger.json; wiki/reviews/correzioni-collana-2026-10-02/VOL-11.md"
V11-44;VOL-11;applicato-verificato-testo;verificato-nella-copertura-dichiarata;False;;"Eliminata istruzione text freeze dal corpo; date e uso del dato leggibili; codici DO tecnici conservati per parser e filtrati dal renderer comune.";"C:/Users/info/OneDrive/Desktop/concorso-book-os/artifacts/correzioni-collana-2026-10-02/VOL-11-ledger.json; wiki/reviews/correzioni-collana-2026-10-02/VOL-11.md"
V11-16;VOL-11;applicato-verificato-testo;verificato-nella-copertura-dichiarata;False;;Rimosso carattere di sillabazione invisibile.;"C:/Users/info/OneDrive/Desktop/concorso-book-os/artifacts/correzioni-collana-2026-10-02/VOL-11-ledger.json; wiki/reviews/correzioni-collana-2026-10-02/VOL-11.md"
P12-02;VOL-12;applicato-verificato-pdf;verificato-nella-copertura-dichiarata;False;;Gestione dei ritorni di cella corretta.;wiki/reviews/correzioni-collana-2026-10-02/PDF-VOL-12.md
P12-03;VOL-12;applicato-verificato-pdf;verificato-nella-copertura-dichiarata;False;;Griglia precedente sostituita senza perdere i campi.;wiki/reviews/correzioni-collana-2026-10-02/PDF-VOL-12.md
V12-02;VOL-12;applicato-verificato-testo;verificato-nella-copertura-dichiarata;False;"wiki/books/moduli/m-sp01-forze-ordine/chapters/02-posizione-prima-domanda.md; wiki/sources/bandi-rappresentativi-m-sp01-forze-polizia-2026.md; wiki/reviews/pipeline/VOL-12/15-moduli-m-sp01-forze-ordine.md";"Corrette soglie PS e formule dei compleanni; elevazioni collegate alla categoria.";"C:/Users/info/OneDrive/Desktop/concorso-book-os/artifacts/correzioni-collana-2026-10-02/VOL-12-changes.json; wiki/reviews/correzioni-collana-2026-10-02/VOL-12.md"
V12-03;VOL-12;applicato-verificato-testo;verificato-nella-copertura-dichiarata;False;"wiki/books/moduli/m-sp01-forze-ordine/chapters/02-posizione-prima-domanda.md; wiki/sources/bandi-rappresentativi-m-sp01-forze-polizia-2026.md; wiki/reviews/pipeline/VOL-12/15-moduli-m-sp01-forze-ordine.md";Sentenza 40/2024 limitata alla clausola GdF sulla guida in stato di ebbrezza.;"C:/Users/info/OneDrive/Desktop/concorso-book-os/artifacts/correzioni-collana-2026-10-02/VOL-12-changes.json; wiki/reviews/correzioni-collana-2026-10-02/VOL-12.md"
V12-04;VOL-12;applicato-verificato-testo;verificato-nella-copertura-dichiarata;False;"wiki/books/moduli/m-sp01-forze-ordine/chapters/02-posizione-prima-domanda.md; wiki/sources/bandi-rappresentativi-m-sp01-forze-polizia-2026.md; wiki/reviews/pipeline/VOL-12/15-moduli-m-sp01-forze-ordine.md";"D.M. 198/2003 riferito alla Polizia di Stato; parametri e accertamenti distinti.";"C:/Users/info/OneDrive/Desktop/concorso-book-os/artifacts/correzioni-collana-2026-10-02/VOL-12-changes.json; wiki/reviews/correzioni-collana-2026-10-02/VOL-12.md"
V12-07;VOL-12;applicato-verificato-testo;verificato-nella-copertura-dichiarata;False;"wiki/books/moduli/m-sp01-forze-ordine/chapters/05-prova-orale-titoli-lingua.md; wiki/sources/bandi-rappresentativi-m-sp01-forze-polizia-2026.md; wiki/reviews/pipeline/VOL-12/15-moduli-m-sp01-forze-ordine.md";Corretta cronologia del caso Luca e separati dichiarazione e prova documentale.;"C:/Users/info/OneDrive/Desktop/concorso-book-os/artifacts/correzioni-collana-2026-10-02/VOL-12-changes.json; wiki/reviews/correzioni-collana-2026-10-02/VOL-12.md"
V12-10;VOL-12;applicato-verificato-testo;verificato-nella-copertura-dichiarata;False;"wiki/books/moduli/m-sp01-forze-ordine/chapters/07-bando-decoder.md; wiki/sources/bandi-rappresentativi-m-sp01-forze-polizia-2026.md; wiki/reviews/pipeline/VOL-12/15-moduli-m-sp01-forze-ordine.md";"Canale, termine, pagamento se previsto, invio, ricevuta e annullamento/reinvio; esempio CC.";"C:/Users/info/OneDrive/Desktop/concorso-book-os/artifacts/correzioni-collana-2026-10-02/VOL-12-changes.json; wiki/reviews/correzioni-collana-2026-10-02/VOL-12.md"
V12-16;VOL-12;applicato-verificato-testo;verificato-nella-copertura-dichiarata;False;"wiki/books/moduli/m-sp02-vigili-fuoco/chapters/01-mappa-della-famiglia.md; wiki/sources/bandi-e-ordinamento-corpo-nazionale-vigili-del-fuoco-m-sp02.md; wiki/reviews/pipeline/VOL-12/15-moduli-m-sp02-vigili-fuoco.md";Separati ispettore antincendi e tecnico-scientifico e ambito D.M. 49/2022.;"C:/Users/info/OneDrive/Desktop/concorso-book-os/artifacts/correzioni-collana-2026-10-02/VOL-12-changes.json; wiki/reviews/correzioni-collana-2026-10-02/VOL-12.md"
V12-17;VOL-12;applicato-verificato-testo;verificato-nella-copertura-dichiarata;False;"wiki/books/moduli/m-sp02-vigili-fuoco/chapters/02-la-tua-posizione-prima-della-domanda.md; wiki/sources/bandi-e-ordinamento-corpo-nazionale-vigili-del-fuoco-m-sp02.md; wiki/reviews/pipeline/VOL-12/15-moduli-m-sp02-vigili-fuoco.md";"Visus isolato non dimostra idoneità ad altri ruoli né prognosi permanente; quiz 5 risolto.";"C:/Users/info/OneDrive/Desktop/concorso-book-os/artifacts/correzioni-collana-2026-10-02/VOL-12-changes.json; wiki/reviews/correzioni-collana-2026-10-02/VOL-12.md"
V12-18;VOL-12;applicato-verificato-testo;verificato-nella-copertura-dichiarata;False;"wiki/books/moduli/m-sp02-vigili-fuoco/chapters/02-la-tua-posizione-prima-della-domanda.md; wiki/sources/bandi-e-ordinamento-corpo-nazionale-vigili-del-fuoco-m-sp02.md; wiki/reviews/pipeline/VOL-12/15-moduli-m-sp02-vigili-fuoco.md";Termini di maturazione distinti dalla pubblicazione e cronologie 22–23 anni corrette.;"C:/Users/info/OneDrive/Desktop/concorso-book-os/artifacts/correzioni-collana-2026-10-02/VOL-12-changes.json; wiki/reviews/correzioni-collana-2026-10-02/VOL-12.md"
V12-19;VOL-12;applicato-verificato-testo;verificato-nella-copertura-dichiarata;False;"wiki/books/moduli/m-sp02-vigili-fuoco/chapters/02-la-tua-posizione-prima-della-domanda.md; wiki/sources/bandi-e-ordinamento-corpo-nazionale-vigili-del-fuoco-m-sp02.md; wiki/reviews/pipeline/VOL-12/15-moduli-m-sp02-vigili-fuoco.md";Elevazione militare e limite volontari distinti da requisiti della riserva.;"C:/Users/info/OneDrive/Desktop/concorso-book-os/artifacts/correzioni-collana-2026-10-02/VOL-12-changes.json; wiki/reviews/correzioni-collana-2026-10-02/VOL-12.md"
V12-21;VOL-12;applicato-verificato-testo;verificato-nella-copertura-dichiarata;False;"wiki/books/moduli/m-sp02-vigili-fuoco/chapters/02-la-tua-posizione-prima-della-domanda.md; wiki/sources/bandi-e-ordinamento-corpo-nazionale-vigili-del-fuoco-m-sp02.md; wiki/reviews/pipeline/VOL-12/15-moduli-m-sp02-vigili-fuoco.md";Condotta generale distinta dalla singola causa di condanna irrevocabile.;"C:/Users/info/OneDrive/Desktop/concorso-book-os/artifacts/correzioni-collana-2026-10-02/VOL-12-changes.json; wiki/reviews/correzioni-collana-2026-10-02/VOL-12.md"
V12-23;VOL-12;applicato-verificato-testo;verificato-nella-copertura-dichiarata;False;"wiki/books/moduli/m-sp02-vigili-fuoco/chapters/03-la-preselezione.md; wiki/sources/bandi-e-ordinamento-corpo-nazionale-vigili-del-fuoco-m-sp02.md; wiki/reviews/pipeline/VOL-12/15-moduli-m-sp02-vigili-fuoco.md";Valore atteso e omissione con formula e controesempio numerico.;"C:/Users/info/OneDrive/Desktop/concorso-book-os/artifacts/correzioni-collana-2026-10-02/VOL-12-changes.json; wiki/reviews/correzioni-collana-2026-10-02/VOL-12.md"
V12-26;VOL-12;applicato-verificato-testo;verificato-nella-copertura-dichiarata;False;"wiki/books/moduli/m-sp02-vigili-fuoco/chapters/04-tre-prove-motorio-attitudinali.md; wiki/sources/bandi-e-ordinamento-corpo-nazionale-vigili-del-fuoco-m-sp02.md; wiki/reviews/pipeline/VOL-12/15-moduli-m-sp02-vigili-fuoco.md";Braccia in alto per regolare sbarra, lungo i fianchi soltanto alla partenza.;"C:/Users/info/OneDrive/Desktop/concorso-book-os/artifacts/correzioni-collana-2026-10-02/VOL-12-changes.json; wiki/reviews/correzioni-collana-2026-10-02/VOL-12.md"
V12-27;VOL-12;applicato-verificato-testo;verificato-nella-copertura-dichiarata;False;"wiki/books/moduli/m-sp02-vigili-fuoco/chapters/04-tre-prove-motorio-attitudinali.md; wiki/sources/bandi-e-ordinamento-corpo-nazionale-vigili-del-fuoco-m-sp02.md; wiki/reviews/pipeline/VOL-12/15-moduli-m-sp02-vigili-fuoco.md";Media aritmetica con tutti i moduli sufficienti e casi risolti.;"C:/Users/info/OneDrive/Desktop/concorso-book-os/artifacts/correzioni-collana-2026-10-02/VOL-12-changes.json; wiki/reviews/correzioni-collana-2026-10-02/VOL-12.md"
V12-28;VOL-12;applicato-verificato-testo;verificato-nella-copertura-dichiarata;False;"wiki/books/moduli/m-sp02-vigili-fuoco/chapters/04-tre-prove-motorio-attitudinali.md; wiki/sources/bandi-e-ordinamento-corpo-nazionale-vigili-del-fuoco-m-sp02.md; wiki/reviews/pipeline/VOL-12/15-moduli-m-sp02-vigili-fuoco.md";"Trave con esiti previsti; sesso specificato; punteggi intermedi non inventati.";"C:/Users/info/OneDrive/Desktop/concorso-book-os/artifacts/correzioni-collana-2026-10-02/VOL-12-changes.json; wiki/reviews/correzioni-collana-2026-10-02/VOL-12.md"
V12-36;VOL-12;applicato-verificato-testo;verificato-nella-copertura-dichiarata;False;"wiki/books/moduli/m-sp03-magistratura-avvocatura-notariato/chapters/01-mappa-scelta-binario.md; wiki/sources/bandi-magistratura-avvocatura-notariato-m-sp03.md; wiki/reviews/pipeline/VOL-12/15-moduli-m-sp03-magistratura-avvocatura-notariato.md";"Giurisdizione ordinaria civile e penale, funzioni giudicanti e requirenti; fonti dei requisiti distinte; precedenti esiti della procuratura.";"C:/Users/info/OneDrive/Desktop/concorso-book-os/artifacts/correzioni-collana-2026-10-02/VOL-12-changes.json; wiki/reviews/correzioni-collana-2026-10-02/VOL-12.md"
V12-41;VOL-12;applicato-verificato-testo;verificato-nella-copertura-dichiarata;False;"wiki/books/moduli/m-sp03-magistratura-avvocatura-notariato/chapters/04-notariato-prove-ordinamento.md; wiki/sources/bandi-magistratura-avvocatura-notariato-m-sp03.md; wiki/reviews/pipeline/VOL-12/15-moduli-m-sp03-magistratura-avvocatura-notariato.md";Separati prima candidatura di Marta e cinque esiti di Andrea, con cronologie possibili.;"C:/Users/info/OneDrive/Desktop/concorso-book-os/artifacts/correzioni-collana-2026-10-02/VOL-12-changes.json; wiki/reviews/correzioni-collana-2026-10-02/VOL-12.md"
V12-42;VOL-12;applicato-verificato-testo;verificato-nella-copertura-dichiarata;False;"wiki/books/moduli/m-sp03-magistratura-avvocatura-notariato/chapters/04-notariato-prove-ordinamento.md; wiki/sources/bandi-magistratura-avvocatura-notariato-m-sp03.md; wiki/reviews/pipeline/VOL-12/15-moduli-m-sp03-magistratura-avvocatura-notariato.md";Pratica alla scadenza, invio anticipato e certificato successivo distinti anche nella domanda-trappola.;"C:/Users/info/OneDrive/Desktop/concorso-book-os/artifacts/correzioni-collana-2026-10-02/VOL-12-changes.json; wiki/reviews/correzioni-collana-2026-10-02/VOL-12.md"
V12-48;VOL-12;applicato-verificato-testo;verificato-nella-copertura-dichiarata;False;"wiki/books/moduli/m-sp04-prefettizia-diplomatica/chapters/01-mappa-scelta-bando-decoder.md; wiki/sources/bandi-carriera-prefettizia-e-diplomatica-m-sp04.md; wiki/reviews/pipeline/VOL-12/15-moduli-m-sp04-prefettizia-diplomatica.md";"Ammissibilità preliminare; quattro serie di scritti non superate; caso tre insuccessi e un orale negativo; Decoder aggiornabile.";"C:/Users/info/OneDrive/Desktop/concorso-book-os/artifacts/correzioni-collana-2026-10-02/VOL-12-changes.json; wiki/reviews/correzioni-collana-2026-10-02/VOL-12.md"
V12-50;VOL-12;applicato-verificato-testo;verificato-nella-copertura-dichiarata;False;"wiki/books/moduli/m-sp04-prefettizia-diplomatica/chapters/02-carriera-prefettizia-prove-materie-ordinamento.md; wiki/sources/bandi-carriera-prefettizia-e-diplomatica-m-sp04.md; wiki/reviews/pipeline/VOL-12/15-moduli-m-sp04-prefettizia-diplomatica.md";"Paolo nato 1 luglio 1989, scadenza 10 luglio 2025: fuori limite con il solo figlio; variante 20 luglio.";"C:/Users/info/OneDrive/Desktop/concorso-book-os/artifacts/correzioni-collana-2026-10-02/VOL-12-changes.json; wiki/reviews/correzioni-collana-2026-10-02/VOL-12.md"
V12-53;VOL-12;applicato-verificato-testo;verificato-nella-copertura-dichiarata;False;"wiki/books/moduli/m-sp04-prefettizia-diplomatica/chapters/02-carriera-prefettizia-prove-materie-ordinamento.md; wiki/sources/bandi-carriera-prefettizia-e-diplomatica-m-sp04.md; wiki/reviews/pipeline/VOL-12/15-moduli-m-sp04-prefettizia-diplomatica.md";SSAI soppressa dal 2014, funzioni trasferite alla SNA.;"C:/Users/info/OneDrive/Desktop/concorso-book-os/artifacts/correzioni-collana-2026-10-02/VOL-12-changes.json; wiki/reviews/correzioni-collana-2026-10-02/VOL-12.md"
V12-55;VOL-12;applicato-verificato-testo;verificato-nella-copertura-dichiarata;False;"wiki/books/moduli/m-sp04-prefettizia-diplomatica/chapters/03-carriera-diplomatica-prove-materie-ordinamento.md; wiki/sources/bandi-carriera-prefettizia-e-diplomatica-m-sp04.md; wiki/reviews/pipeline/VOL-12/15-moduli-m-sp04-prefettizia-diplomatica.md";Laurea magistrale o equiparata, riconoscimento/equivalenza e termini distinti.;"C:/Users/info/OneDrive/Desktop/concorso-book-os/artifacts/correzioni-collana-2026-10-02/VOL-12-changes.json; wiki/reviews/correzioni-collana-2026-10-02/VOL-12.md"
V12-56;VOL-12;applicato-verificato-testo;verificato-nella-copertura-dichiarata;False;"wiki/books/moduli/m-sp04-prefettizia-diplomatica/chapters/03-carriera-diplomatica-prove-materie-ordinamento.md; wiki/sources/bandi-carriera-prefettizia-e-diplomatica-m-sp04.md; wiki/reviews/pipeline/VOL-12/15-moduli-m-sp04-prefettizia-diplomatica.md";Programma economico aggiornato e coordinato con i capitoli 1 e 5.;"C:/Users/info/OneDrive/Desktop/concorso-book-os/artifacts/correzioni-collana-2026-10-02/VOL-12-changes.json; wiki/reviews/correzioni-collana-2026-10-02/VOL-12.md"
V12-57;VOL-12;applicato-verificato-testo;verificato-nella-copertura-dichiarata;False;"wiki/books/moduli/m-sp04-prefettizia-diplomatica/chapters/03-carriera-diplomatica-prove-materie-ordinamento.md; wiki/sources/bandi-carriera-prefettizia-e-diplomatica-m-sp04.md; wiki/reviews/pipeline/VOL-12/15-moduli-m-sp04-prefettizia-diplomatica.md";Cinque opzioni per la materia facoltativa, scelta in domanda, 1,2/2, raccordo con Decoder e piano.;"C:/Users/info/OneDrive/Desktop/concorso-book-os/artifacts/correzioni-collana-2026-10-02/VOL-12-changes.json; wiki/reviews/correzioni-collana-2026-10-02/VOL-12.md"
V12-59;VOL-12;applicato-verificato-testo;verificato-nella-copertura-dichiarata;False;"wiki/books/moduli/m-sp04-prefettizia-diplomatica/chapters/04-le-lingue-straniere.md; wiki/sources/bandi-carriera-prefettizia-e-diplomatica-m-sp04.md; wiki/reviews/pipeline/VOL-12/15-moduli-m-sp04-prefettizia-diplomatica.md";"Diagnosi e scelta prima della scadenza; nessun cambio libero dopo il termine.";"C:/Users/info/OneDrive/Desktop/concorso-book-os/artifacts/correzioni-collana-2026-10-02/VOL-12-changes.json; wiki/reviews/correzioni-collana-2026-10-02/VOL-12.md"
P12-01;VOL-12;applicato-verificato-pdf;verificato-nella-copertura-dichiarata;False;;Aumentato spazio e corpo delle voci.;wiki/reviews/correzioni-collana-2026-10-02/PDF-VOL-12.md
P12-04;VOL-12;parzialmente-applicato;verificato-nella-copertura-dichiarata;False;;"Verifica PDF conclusa; prova fisica della compilazione a penna non eseguita.";wiki/reviews/correzioni-collana-2026-10-02/PDF-VOL-12.md
P12-05;VOL-12;applicato-verificato-pdf;verificato-nella-copertura-dichiarata;False;;Indice rigenerato e verificato.;wiki/reviews/correzioni-collana-2026-10-02/PDF-VOL-12.md
P12-08;VOL-12;applicato-verificato-pdf;verificato-nella-copertura-dichiarata;False;;Formato delle verifiche uniformato.;wiki/reviews/correzioni-collana-2026-10-02/PDF-VOL-12.md
V12-01;VOL-12;applicato-verificato-testo;verificato-nella-copertura-dichiarata;False;"wiki/books/moduli/m-sp01-forze-ordine/chapters/01-mappa-famiglia-struttura-selezione.md; wiki/sources/bandi-rappresentativi-m-sp01-forze-polizia-2026.md; wiki/reviews/pipeline/VOL-12/15-moduli-m-sp01-forze-ordine.md";"Mappa dei tre corpi e dei due livelli; cinque bandi con ruoli, titoli e prove; rinvio alla Polizia locale.";"C:/Users/info/OneDrive/Desktop/concorso-book-os/artifacts/correzioni-collana-2026-10-02/VOL-12-changes.json; wiki/reviews/correzioni-collana-2026-10-02/VOL-12.md"
V12-05;VOL-12;applicato-verificato-testo;verificato-nella-copertura-dichiarata;False;"wiki/books/moduli/m-sp01-forze-ordine/chapters/03-formati-prova-scritta.md; wiki/sources/bandi-rappresentativi-m-sp01-forze-polizia-2026.md; wiki/reviews/pipeline/VOL-12/15-moduli-m-sp01-forze-ordine.md";"Funzione, formato e banca separati; CC 898 italiano a 60 quesiti, GdF 983 composizione di sei ore; scenario banca con tempo ipotetico.";"C:/Users/info/OneDrive/Desktop/concorso-book-os/artifacts/correzioni-collana-2026-10-02/VOL-12-changes.json; wiki/reviews/correzioni-collana-2026-10-02/VOL-12.md"
V12-06;VOL-12;applicato-verificato-testo;verificato-nella-copertura-dichiarata;False;"wiki/books/moduli/m-sp01-forze-ordine/chapters/04-accertamenti-preparazione.md; wiki/sources/bandi-rappresentativi-m-sp01-forze-polizia-2026.md; wiki/reviews/pipeline/VOL-12/15-moduli-m-sp01-forze-ordine.md";"Protocollo GdF 983 nel perimetro, obbligatori/facoltativi e conversione punti; certificazioni distinte da prenotazioni.";"C:/Users/info/OneDrive/Desktop/concorso-book-os/artifacts/correzioni-collana-2026-10-02/VOL-12-changes.json; wiki/reviews/correzioni-collana-2026-10-02/VOL-12.md"
V12-08;VOL-12;applicato-verificato-testo;verificato-nella-copertura-dichiarata;False;"wiki/books/moduli/m-sp01-forze-ordine/chapters/05-prova-orale-titoli-lingua.md; wiki/sources/bandi-rappresentativi-m-sp01-forze-polizia-2026.md; wiki/reviews/pipeline/VOL-12/15-moduli-m-sp01-forze-ordine.md";"Eliminata competitività astratta delle lingue; scelta entro i vincoli della procedura.";"C:/Users/info/OneDrive/Desktop/concorso-book-os/artifacts/correzioni-collana-2026-10-02/VOL-12-changes.json; wiki/reviews/correzioni-collana-2026-10-02/VOL-12.md"
V12-09;VOL-12;applicato-verificato-testo;verificato-nella-copertura-dichiarata;False;"wiki/books/moduli/m-sp01-forze-ordine/chapters/06-materie-riuso-specialistiche.md; wiki/sources/bandi-rappresentativi-m-sp01-forze-polizia-2026.md; wiki/reviews/pipeline/VOL-12/15-moduli-m-sp01-forze-ordine.md";"Perimetro di orientamento e metodo dichiarato; tre piani di funzione distinti, rinvii circoscritti letti nelle destinazioni.";"C:/Users/info/OneDrive/Desktop/concorso-book-os/artifacts/correzioni-collana-2026-10-02/VOL-12-changes.json; wiki/reviews/correzioni-collana-2026-10-02/VOL-12.md"
V12-11;VOL-12;applicato-verificato-testo;verificato-nella-copertura-dichiarata;False;"wiki/books/moduli/m-sp01-forze-ordine/chapters/07-bando-decoder.md; wiki/sources/bandi-rappresentativi-m-sp01-forze-polizia-2026.md; wiki/reviews/pipeline/VOL-12/15-moduli-m-sp01-forze-ordine.md";Distinti non reperito, non ancora pubblicato, non previsto e da verificare.;"C:/Users/info/OneDrive/Desktop/concorso-book-os/artifacts/correzioni-collana-2026-10-02/VOL-12-changes.json; wiki/reviews/correzioni-collana-2026-10-02/VOL-12.md"
V12-12;VOL-12;applicato-verificato-testo;verificato-nella-copertura-dichiarata;False;"wiki/books/moduli/m-sp01-forze-ordine/chapters/08-piano-30-60-90-doppio-binario.md; wiki/sources/bandi-rappresentativi-m-sp01-forze-polizia-2026.md; wiki/reviews/pipeline/VOL-12/15-moduli-m-sp01-forze-ordine.md";"Piani alternativi 30/60/90 con ore e consegne; banca 5.000 e scenario 33 giorni; commenti dei quiz pertinenti.";"C:/Users/info/OneDrive/Desktop/concorso-book-os/artifacts/correzioni-collana-2026-10-02/VOL-12-changes.json; wiki/reviews/correzioni-collana-2026-10-02/VOL-12.md"
V12-13;VOL-12;applicato-verificato-testo;verificato-nella-copertura-dichiarata;False;"wiki/books/moduli/m-sp01-forze-ordine/chapters/08-piano-30-60-90-doppio-binario.md; wiki/sources/bandi-rappresentativi-m-sp01-forze-polizia-2026.md; wiki/reviews/pipeline/VOL-12/15-moduli-m-sp01-forze-ordine.md";Sei quiz con commenti specifici e chiavi redistribuite senza disallineamenti.;"C:/Users/info/OneDrive/Desktop/concorso-book-os/artifacts/correzioni-collana-2026-10-02/VOL-12-changes.json; wiki/reviews/correzioni-collana-2026-10-02/VOL-12.md"
V12-14;VOL-12;applicato-verificato-testo;verificato-nella-copertura-dichiarata;False;"wiki/books/moduli/m-sp01-forze-ordine/chapters/09-errori-casi-guidati.md; wiki/sources/bandi-rappresentativi-m-sp01-forze-polizia-2026.md; wiki/reviews/pipeline/VOL-12/15-moduli-m-sp01-forze-ordine.md";"Quattro casi chiusi su certificato, nuovo invio, avviso e penalità; otto quiz con calcoli e distrattori motivati.";"C:/Users/info/OneDrive/Desktop/concorso-book-os/artifacts/correzioni-collana-2026-10-02/VOL-12-changes.json; wiki/reviews/correzioni-collana-2026-10-02/VOL-12.md"
V12-15;VOL-12;applicato-verificato-testo;verificato-nella-copertura-dichiarata;False;"wiki/books/moduli/m-sp01-forze-ordine/chapters/10-checklist-finale.md; wiki/sources/bandi-rappresentativi-m-sp01-forze-polizia-2026.md; wiki/reviews/pipeline/VOL-12/15-moduli-m-sp01-forze-ordine.md";"Ammissibilità separata dalla preparazione; N/A e avviso futuro; ricevuta soltanto dopo invio e decisioni motivate.";"C:/Users/info/OneDrive/Desktop/concorso-book-os/artifacts/correzioni-collana-2026-10-02/VOL-12-changes.json; wiki/reviews/correzioni-collana-2026-10-02/VOL-12.md"
V12-20;VOL-12;applicato-verificato-testo;verificato-nella-copertura-dichiarata;False;"wiki/books/moduli/m-sp02-vigili-fuoco/chapters/02-la-tua-posizione-prima-della-domanda.md; wiki/sources/bandi-e-ordinamento-corpo-nazionale-vigili-del-fuoco-m-sp02.md; wiki/reviews/pipeline/VOL-12/15-moduli-m-sp02-vigili-fuoco.md";"Residuo nominale distinto da contingente garantito; graduatoria e devoluzione.";"C:/Users/info/OneDrive/Desktop/concorso-book-os/artifacts/correzioni-collana-2026-10-02/VOL-12-changes.json; wiki/reviews/correzioni-collana-2026-10-02/VOL-12.md"
V12-22;VOL-12;applicato-verificato-testo;verificato-nella-copertura-dichiarata;False;"wiki/books/moduli/m-sp02-vigili-fuoco/chapters/02-la-tua-posizione-prima-della-domanda.md; wiki/sources/bandi-e-ordinamento-corpo-nazionale-vigili-del-fuoco-m-sp02.md; wiki/reviews/pipeline/VOL-12/15-moduli-m-sp02-vigili-fuoco.md";"Unità, operatori, art. 3 comma 2 DPR 207 e valutazione competente; costo visita eliminato.";"C:/Users/info/OneDrive/Desktop/concorso-book-os/artifacts/correzioni-collana-2026-10-02/VOL-12-changes.json; wiki/reviews/correzioni-collana-2026-10-02/VOL-12.md"
V12-24;VOL-12;applicato-verificato-testo;verificato-nella-copertura-dichiarata;False;"wiki/books/moduli/m-sp02-vigili-fuoco/chapters/03-la-preselezione.md; wiki/sources/bandi-e-ordinamento-corpo-nazionale-vigili-del-fuoco-m-sp02.md; wiki/reviews/pipeline/VOL-12/15-moduli-m-sp02-vigili-fuoco.md";"Diario ufficiale tablet acquisito; eliminata lettura ottica presunta e ordine rigido.";"C:/Users/info/OneDrive/Desktop/concorso-book-os/artifacts/correzioni-collana-2026-10-02/VOL-12-changes.json; wiki/reviews/correzioni-collana-2026-10-02/VOL-12.md"
V12-25;VOL-12;applicato-verificato-testo;verificato-nella-copertura-dichiarata;False;"wiki/books/moduli/m-sp02-vigili-fuoco/chapters/03-la-preselezione.md; wiki/sources/bandi-e-ordinamento-corpo-nazionale-vigili-del-fuoco-m-sp02.md; wiki/reviews/pipeline/VOL-12/15-moduli-m-sp02-vigili-fuoco.md";"Comprensione e mantenimento; simulazioni provvisorie etichettate e nessuna esclusiva dei materiali.";"C:/Users/info/OneDrive/Desktop/concorso-book-os/artifacts/correzioni-collana-2026-10-02/VOL-12-changes.json; wiki/reviews/correzioni-collana-2026-10-02/VOL-12.md"
V12-29;VOL-12;applicato-verificato-testo;verificato-nella-copertura-dichiarata;False;"wiki/books/moduli/m-sp02-vigili-fuoco/chapters/04-tre-prove-motorio-attitudinali.md; wiki/sources/bandi-e-ordinamento-corpo-nazionale-vigili-del-fuoco-m-sp02.md; wiki/reviews/pipeline/VOL-12/15-moduli-m-sp02-vigili-fuoco.md";"Rapporti non usati come misura del rendimento atletico; quiz 6 senza sovrapposizioni.";"C:/Users/info/OneDrive/Desktop/concorso-book-os/artifacts/correzioni-collana-2026-10-02/VOL-12-changes.json; wiki/reviews/correzioni-collana-2026-10-02/VOL-12.md"
V12-30;VOL-12;applicato-verificato-testo;verificato-nella-copertura-dichiarata;False;"wiki/books/moduli/m-sp02-vigili-fuoco/chapters/04-tre-prove-motorio-attitudinali.md; wiki/sources/bandi-e-ordinamento-corpo-nazionale-vigili-del-fuoco-m-sp02.md; wiki/reviews/pipeline/VOL-12/15-moduli-m-sp02-vigili-fuoco.md";Cronometraggio, ordine e certificato senza automatismi non previsti.;"C:/Users/info/OneDrive/Desktop/concorso-book-os/artifacts/correzioni-collana-2026-10-02/VOL-12-changes.json; wiki/reviews/correzioni-collana-2026-10-02/VOL-12.md"
V12-31;VOL-12;applicato-verificato-testo;verificato-nella-copertura-dichiarata;False;"wiki/books/moduli/m-sp02-vigili-fuoco/chapters/04-tre-prove-motorio-attitudinali.md; wiki/sources/bandi-e-ordinamento-corpo-nazionale-vigili-del-fuoco-m-sp02.md; wiki/reviews/pipeline/VOL-12/15-moduli-m-sp02-vigili-fuoco.md";"Titoli acquisiti dopo scadenza non valutabili; patente senza promessa di esito.";"C:/Users/info/OneDrive/Desktop/concorso-book-os/artifacts/correzioni-collana-2026-10-02/VOL-12-changes.json; wiki/reviews/correzioni-collana-2026-10-02/VOL-12.md"
V12-32;VOL-12;applicato-verificato-testo;verificato-nella-copertura-dichiarata;False;"wiki/books/moduli/m-sp02-vigili-fuoco/chapters/05-prove-direttive-e-specializzazione.md; wiki/sources/bandi-e-ordinamento-corpo-nazionale-vigili-del-fuoco-m-sp02.md; wiki/reviews/pipeline/VOL-12/15-moduli-m-sp02-vigili-fuoco.md";Prevenzione incendi: funzione, fonti, progetto, SCIA, controlli e caso B.;"C:/Users/info/OneDrive/Desktop/concorso-book-os/artifacts/correzioni-collana-2026-10-02/VOL-12-changes.json; wiki/reviews/correzioni-collana-2026-10-02/VOL-12.md"
V12-33;VOL-12;applicato-verificato-testo;verificato-nella-copertura-dichiarata;False;"wiki/books/moduli/m-sp02-vigili-fuoco/chapters/06-riuso-e-bando-decoder.md; wiki/sources/bandi-e-ordinamento-corpo-nazionale-vigili-del-fuoco-m-sp02.md; wiki/reviews/pipeline/VOL-12/15-moduli-m-sp02-vigili-fuoco.md";Rinvii esistenti letti e preparazione in parallelo ai controlli formali.;"C:/Users/info/OneDrive/Desktop/concorso-book-os/artifacts/correzioni-collana-2026-10-02/VOL-12-changes.json; wiki/reviews/correzioni-collana-2026-10-02/VOL-12.md"
V12-34;VOL-12;applicato-verificato-testo;verificato-nella-copertura-dichiarata;False;"wiki/books/moduli/m-sp02-vigili-fuoco/chapters/07-piano-30-60-90.md; wiki/sources/bandi-e-ordinamento-corpo-nazionale-vigili-del-fuoco-m-sp02.md; wiki/reviews/pipeline/VOL-12/15-moduli-m-sp02-vigili-fuoco.md";Otto risposte per settimana e percorsi 30/60 con ore e consegne.;"C:/Users/info/OneDrive/Desktop/concorso-book-os/artifacts/correzioni-collana-2026-10-02/VOL-12-changes.json; wiki/reviews/correzioni-collana-2026-10-02/VOL-12.md"
V12-35;VOL-12;applicato-verificato-testo;verificato-nella-copertura-dichiarata;False;"wiki/books/moduli/m-sp02-vigili-fuoco/chapters/08-errori-casi-checklist.md; wiki/sources/bandi-e-ordinamento-corpo-nazionale-vigili-del-fuoco-m-sp02.md; wiki/reviews/pipeline/VOL-12/15-moduli-m-sp02-vigili-fuoco.md";Andrea con punteggi/margini e Francesca con consegna, soluzione e griglia.;"C:/Users/info/OneDrive/Desktop/concorso-book-os/artifacts/correzioni-collana-2026-10-02/VOL-12-changes.json; wiki/reviews/correzioni-collana-2026-10-02/VOL-12.md"
V12-37;VOL-12;applicato-verificato-testo;verificato-nella-copertura-dichiarata;False;"wiki/books/moduli/m-sp03-magistratura-avvocatura-notariato/chapters/03-avvocatura-stato-prove-ordinamento.md; wiki/sources/bandi-magistratura-avvocatura-notariato-m-sp03.md; wiki/reviews/pipeline/VOL-12/15-moduli-m-sp03-magistratura-avvocatura-notariato.md";"Eliminati riferimenti alla ricerca interna; base dell’età ricondotta al D.P.C.M. 141/2000 e bando applicativo.";"C:/Users/info/OneDrive/Desktop/concorso-book-os/artifacts/correzioni-collana-2026-10-02/VOL-12-changes.json; wiki/reviews/correzioni-collana-2026-10-02/VOL-12.md"
V12-38;VOL-12;applicato-verificato-testo;verificato-nella-copertura-dichiarata;False;"wiki/books/moduli/m-sp03-magistratura-avvocatura-notariato/chapters/02-magistratura-prove-ordinamento.md; wiki/sources/bandi-magistratura-avvocatura-notariato-m-sp03.md; wiki/reviews/pipeline/VOL-12/15-moduli-m-sp03-magistratura-avvocatura-notariato.md";Lingua qualitativa, minimi numerici e totale 108 con esempi chiusi.;"C:/Users/info/OneDrive/Desktop/concorso-book-os/artifacts/correzioni-collana-2026-10-02/VOL-12-changes.json; wiki/reviews/correzioni-collana-2026-10-02/VOL-12.md"
V12-39;VOL-12;applicato-verificato-testo;verificato-nella-copertura-dichiarata;False;"wiki/books/moduli/m-sp03-magistratura-avvocatura-notariato/chapters/06-piano-pluriennale.md; wiki/sources/bandi-magistratura-avvocatura-notariato-m-sp03.md; wiki/reviews/pipeline/VOL-12/15-moduli-m-sp03-magistratura-avvocatura-notariato.md";"Distinti domanda e diario in cap. 2; confronto retrospettivo e candidatura storica tempestiva nel cap. 6.";"C:/Users/info/OneDrive/Desktop/concorso-book-os/artifacts/correzioni-collana-2026-10-02/VOL-12-changes.json; wiki/reviews/correzioni-collana-2026-10-02/VOL-12.md"
V12-40;VOL-12;applicato-verificato-testo;verificato-nella-copertura-dichiarata;False;"wiki/books/moduli/m-sp03-magistratura-avvocatura-notariato/chapters/03-avvocatura-stato-prove-ordinamento.md; wiki/sources/bandi-magistratura-avvocatura-notariato-m-sp03.md; wiki/reviews/pipeline/VOL-12/15-moduli-m-sp03-magistratura-avvocatura-notariato.md";"Formula anagrafica del bando, D.P.C.M. 141/2000 e computo dei compleanni; due precedenti non idoneità; soglie autonome e correzione sequenziale.";"C:/Users/info/OneDrive/Desktop/concorso-book-os/artifacts/correzioni-collana-2026-10-02/VOL-12-changes.json; wiki/reviews/correzioni-collana-2026-10-02/VOL-12.md"
V12-43;VOL-12;applicato-verificato-testo;verificato-nella-copertura-dichiarata;False;"wiki/books/moduli/m-sp03-magistratura-avvocatura-notariato/chapters/05-metodo-prove-scritte.md; wiki/sources/bandi-magistratura-avvocatura-notariato-m-sp03.md; wiki/reviews/pipeline/VOL-12/15-moduli-m-sp03-magistratura-avvocatura-notariato.md";"Comando della traccia prima del formato; tema breve svolto, soluzione Alfa/Beta con danni e varianti, clausole testamentarie motivate e confronto prima/dopo.";"C:/Users/info/OneDrive/Desktop/concorso-book-os/artifacts/correzioni-collana-2026-10-02/VOL-12-changes.json; wiki/reviews/correzioni-collana-2026-10-02/VOL-12.md"
V12-44;VOL-12;applicato-verificato-testo;verificato-nella-copertura-dichiarata;False;"wiki/books/moduli/m-sp03-magistratura-avvocatura-notariato/chapters/05-metodo-prove-scritte.md; wiki/sources/bandi-magistratura-avvocatura-notariato-m-sp03.md; wiki/reviews/pipeline/VOL-12/15-moduli-m-sp03-magistratura-avvocatura-notariato.md";"Formato deciso dal comando espresso; tesi e obiezioni solo quando pertinenti.";"C:/Users/info/OneDrive/Desktop/concorso-book-os/artifacts/correzioni-collana-2026-10-02/VOL-12-changes.json; wiki/reviews/correzioni-collana-2026-10-02/VOL-12.md"
V12-45;VOL-12;applicato-verificato-testo;verificato-nella-copertura-dichiarata;False;"wiki/books/moduli/m-sp03-magistratura-avvocatura-notariato/chapters/06-piano-pluriennale.md; wiki/sources/bandi-magistratura-avvocatura-notariato-m-sp03.md; wiki/reviews/pipeline/VOL-12/15-moduli-m-sp03-magistratura-avvocatura-notariato.md";Corrette forme aggiungi, classificale e pagina scritta male e corretta bene.;"C:/Users/info/OneDrive/Desktop/concorso-book-os/artifacts/correzioni-collana-2026-10-02/VOL-12-changes.json; wiki/reviews/correzioni-collana-2026-10-02/VOL-12.md"
V12-46;VOL-12;applicato-verificato-testo;verificato-nella-copertura-dichiarata;False;"wiki/books/moduli/m-sp03-magistratura-avvocatura-notariato/chapters/06-piano-pluriennale.md; wiki/sources/bandi-magistratura-avvocatura-notariato-m-sp03.md; wiki/reviews/pipeline/VOL-12/15-moduli-m-sp03-magistratura-avvocatura-notariato.md";"Piano su due anni con ore, prodotti e revisioni condizionate; caso dichiarato composito, candidatura storica tempestiva e studio successivo.";"C:/Users/info/OneDrive/Desktop/concorso-book-os/artifacts/correzioni-collana-2026-10-02/VOL-12-changes.json; wiki/reviews/correzioni-collana-2026-10-02/VOL-12.md"
V12-47;VOL-12;applicato-verificato-testo;verificato-nella-copertura-dichiarata;False;"wiki/books/moduli/m-sp03-magistratura-avvocatura-notariato/chapters/07-errori-casi-checklist.md; wiki/sources/bandi-magistratura-avvocatura-notariato-m-sp03.md; wiki/reviews/pipeline/VOL-12/15-moduli-m-sp03-magistratura-avvocatura-notariato.md";"Difesa concreta su requisito temporale, prova documentale e tardività; mancanza documentale distinta da incertezza interpretativa; checklist degli esiti.";"C:/Users/info/OneDrive/Desktop/concorso-book-os/artifacts/correzioni-collana-2026-10-02/VOL-12-changes.json; wiki/reviews/correzioni-collana-2026-10-02/VOL-12.md"
V12-49;VOL-12;applicato-verificato-testo;verificato-nella-copertura-dichiarata;False;"wiki/books/moduli/m-sp04-prefettizia-diplomatica/chapters/01-mappa-scelta-bando-decoder.md; wiki/sources/bandi-carriera-prefettizia-e-diplomatica-m-sp04.md; wiki/reviews/pipeline/VOL-12/15-moduli-m-sp04-prefettizia-diplomatica.md";Requisiti come condizione necessaria, punteggi personali soltanto dopo l’ammissibilità.;"C:/Users/info/OneDrive/Desktop/concorso-book-os/artifacts/correzioni-collana-2026-10-02/VOL-12-changes.json; wiki/reviews/correzioni-collana-2026-10-02/VOL-12.md"
V12-51;VOL-12;applicato-verificato-testo;verificato-nella-copertura-dichiarata;False;"wiki/books/moduli/m-sp04-prefettizia-diplomatica/chapters/02-carriera-prefettizia-prove-materie-ordinamento.md; wiki/sources/bandi-carriera-prefettizia-e-diplomatica-m-sp04.md; wiki/reviews/pipeline/VOL-12/15-moduli-m-sp04-prefettizia-diplomatica.md";"Confronto risposta/omissione: 2/9, 1/5, 4/23; esempi con quattro/cinque opzioni e limiti della stima.";"C:/Users/info/OneDrive/Desktop/concorso-book-os/artifacts/correzioni-collana-2026-10-02/VOL-12-changes.json; wiki/reviews/correzioni-collana-2026-10-02/VOL-12.md"
V12-52;VOL-12;applicato-verificato-testo;verificato-nella-copertura-dichiarata;False;"wiki/books/moduli/m-sp04-prefettizia-diplomatica/chapters/02-carriera-prefettizia-prove-materie-ordinamento.md; wiki/sources/bandi-carriera-prefettizia-e-diplomatica-m-sp04.md; wiki/reviews/pipeline/VOL-12/15-moduli-m-sp04-prefettizia-diplomatica.md";Art. 10: scrittura digitale con esercizio e verifica delle istruzioni.;"C:/Users/info/OneDrive/Desktop/concorso-book-os/artifacts/correzioni-collana-2026-10-02/VOL-12-changes.json; wiki/reviews/correzioni-collana-2026-10-02/VOL-12.md"
V12-54;VOL-12;applicato-verificato-testo;verificato-nella-copertura-dichiarata;False;"wiki/books/moduli/m-sp04-prefettizia-diplomatica/chapters/02-carriera-prefettizia-prove-materie-ordinamento.md; wiki/sources/bandi-carriera-prefettizia-e-diplomatica-m-sp04.md; wiki/reviews/pipeline/VOL-12/15-moduli-m-sp04-prefettizia-diplomatica.md";"Formula con titoli e lingua, caso 150 e variante insufficiente; preferenze distinte.";"C:/Users/info/OneDrive/Desktop/concorso-book-os/artifacts/correzioni-collana-2026-10-02/VOL-12-changes.json; wiki/reviews/correzioni-collana-2026-10-02/VOL-12.md"
V12-58;VOL-12;applicato-verificato-testo;verificato-nella-copertura-dichiarata;False;"wiki/books/moduli/m-sp04-prefettizia-diplomatica/chapters/03-carriera-diplomatica-prove-materie-ordinamento.md; wiki/sources/bandi-carriera-prefettizia-e-diplomatica-m-sp04.md; wiki/reviews/pipeline/VOL-12/15-moduli-m-sp04-prefettizia-diplomatica.md";"Titoli e bonus con limiti; caso 149,2 e controlli inversi.";"C:/Users/info/OneDrive/Desktop/concorso-book-os/artifacts/correzioni-collana-2026-10-02/VOL-12-changes.json; wiki/reviews/correzioni-collana-2026-10-02/VOL-12.md"
V12-60;VOL-12;applicato-verificato-testo;verificato-nella-copertura-dichiarata;False;"wiki/books/moduli/m-sp04-prefettizia-diplomatica/chapters/04-le-lingue-straniere.md; wiki/sources/bandi-carriera-prefettizia-e-diplomatica-m-sp04.md; wiki/reviews/pipeline/VOL-12/15-moduli-m-sp04-prefettizia-diplomatica.md";"Scelta nella domanda prima della scadenza; testo inglese originale, traduzione, risposta, correzione e dialogo.";"C:/Users/info/OneDrive/Desktop/concorso-book-os/artifacts/correzioni-collana-2026-10-02/VOL-12-changes.json; wiki/reviews/correzioni-collana-2026-10-02/VOL-12.md"
V12-61;VOL-12;applicato-verificato-testo;verificato-nella-copertura-dichiarata;False;"wiki/books/moduli/m-sp04-prefettizia-diplomatica/chapters/05-prova-orale-postura-professionale.md; wiki/sources/bandi-carriera-prefettizia-e-diplomatica-m-sp04.md; wiki/reviews/pipeline/VOL-12/15-moduli-m-sp04-prefettizia-diplomatica.md";"Rilettura delle istruzioni informatiche; dossier con risposta, obiezione, transizioni e foglio elettronico risolto.";"C:/Users/info/OneDrive/Desktop/concorso-book-os/artifacts/correzioni-collana-2026-10-02/VOL-12-changes.json; wiki/reviews/correzioni-collana-2026-10-02/VOL-12.md"
V12-62;VOL-12;applicato-verificato-testo;verificato-nella-copertura-dichiarata;False;"wiki/books/moduli/m-sp04-prefettizia-diplomatica/chapters/06-piano-preparazione-tentativi.md; wiki/sources/bandi-carriera-prefettizia-e-diplomatica-m-sp04.md; wiki/reviews/pipeline/VOL-12/15-moduli-m-sp04-prefettizia-diplomatica.md";"Settimane da 12 e 20 ore, varianti minime e prove complete; piano 26/52 settimane con checkpoint; pianificazione a ritroso.";"C:/Users/info/OneDrive/Desktop/concorso-book-os/artifacts/correzioni-collana-2026-10-02/VOL-12-changes.json; wiki/reviews/correzioni-collana-2026-10-02/VOL-12.md"
V12-63;VOL-12;applicato-verificato-testo;verificato-nella-copertura-dichiarata;False;"wiki/books/moduli/m-sp04-prefettizia-diplomatica/chapters/07-errori-casi-checklist.md; wiki/sources/bandi-carriera-prefettizia-e-diplomatica-m-sp04.md; wiki/reviews/pipeline/VOL-12/15-moduli-m-sp04-prefettizia-diplomatica.md; wiki/reviews/pipeline/VOL-12/15-moduli-m-sp01-forze-ordine.md; wiki/reviews/pipeline/VOL-12/15-moduli-m-sp02-vigili-fuoco.md; wiki/reviews/pipeline/VOL-12/15-moduli-m-sp03-magistratura-avvocatura-notariato.md";"Residui staff rimossi nei quattro moduli; nota di accorpamento conservata nello snapshot, non nel libro.";"C:/Users/info/OneDrive/Desktop/concorso-book-os/artifacts/correzioni-collana-2026-10-02/VOL-12-changes.json; wiki/reviews/correzioni-collana-2026-10-02/VOL-12.md"
V12-64;VOL-12;applicato-verificato-testo;verificato-nella-copertura-dichiarata;False;"wiki/books/moduli/m-sp04-prefettizia-diplomatica/chapters/07-errori-casi-checklist.md; wiki/sources/bandi-carriera-prefettizia-e-diplomatica-m-sp04.md; wiki/reviews/pipeline/VOL-12/15-moduli-m-sp04-prefettizia-diplomatica.md; wiki/reviews/pipeline/VOL-12/15-moduli-m-sp01-forze-ordine.md; wiki/reviews/pipeline/VOL-12/15-moduli-m-sp02-vigili-fuoco.md; wiki/reviews/pipeline/VOL-12/15-moduli-m-sp03-magistratura-avvocatura-notariato.md";Commenti corretti e chiavi riequilibrate nei quattro moduli, con risposta semantica conservata.;"C:/Users/info/OneDrive/Desktop/concorso-book-os/artifacts/correzioni-collana-2026-10-02/VOL-12-changes.json; wiki/reviews/correzioni-collana-2026-10-02/VOL-12.md"
V12-66;VOL-12;applicato-verificato-testo;verificato-nella-copertura-dichiarata;False;"wiki/books/moduli/m-sp04-prefettizia-diplomatica/chapters/07-errori-casi-checklist.md; wiki/sources/bandi-carriera-prefettizia-e-diplomatica-m-sp04.md; wiki/reviews/pipeline/VOL-12/15-moduli-m-sp04-prefettizia-diplomatica.md; wiki/reviews/pipeline/VOL-12/15-moduli-m-sp01-forze-ordine.md; wiki/reviews/pipeline/VOL-12/15-moduli-m-sp02-vigili-fuoco.md; wiki/reviews/pipeline/VOL-12/15-moduli-m-sp03-magistratura-avvocatura-notariato.md";"Regole duplicate ricondotte alle sedi pertinenti; casi e laboratori con dati e soluzioni sostituiscono genericità nei quattro moduli.";"C:/Users/info/OneDrive/Desktop/concorso-book-os/artifacts/correzioni-collana-2026-10-02/VOL-12-changes.json; wiki/reviews/correzioni-collana-2026-10-02/VOL-12.md"
P12-06;VOL-12;applicato-verificato-pdf;verificato-nella-copertura-dichiarata;False;;Eliminata duplicazione nella proiezione.;wiki/reviews/correzioni-collana-2026-10-02/PDF-VOL-12.md
P12-07;VOL-12;da-applicare;verificato-nella-copertura-dichiarata;False;;"Bianco residuo a pagina 129; intervento facoltativo non eseguito, non bloccante.";wiki/reviews/correzioni-collana-2026-10-02/PDF-VOL-12.md
V12-65;VOL-12;applicato-verificato-testo;verificato-nella-copertura-dichiarata;False;"wiki/books/moduli/m-sp04-prefettizia-diplomatica/chapters/07-errori-casi-checklist.md; wiki/sources/bandi-carriera-prefettizia-e-diplomatica-m-sp04.md; wiki/reviews/pipeline/VOL-12/15-moduli-m-sp04-prefettizia-diplomatica.md; wiki/reviews/pipeline/VOL-12/15-moduli-m-sp01-forze-ordine.md; wiki/reviews/pipeline/VOL-12/15-moduli-m-sp02-vigili-fuoco.md; wiki/reviews/pipeline/VOL-12/15-moduli-m-sp03-magistratura-avvocatura-notariato.md";Refusi dell’audit corretti nei quattro moduli e nuova scansione mirata.;"C:/Users/info/OneDrive/Desktop/concorso-book-os/artifacts/correzioni-collana-2026-10-02/VOL-12-changes.json; wiki/reviews/correzioni-collana-2026-10-02/VOL-12.md"
