id;volume;position;category;severity;description;proposal;status;report
EXP-01;COLLANA;"VOL-06, M-IR02 cap. 09 biblioteche; `src/server/book/book-preview.ts`, `STAFF_ONLY_HEADINGS` e `selectPreviewMarkdown`";Perdita di contenuto;bloccante;Il capitolo non ha una sezione selezionabile «Testo editoriale» o «Bozza agente». Il fallback elimina «Spiegazione», intestazione considerata interna, e con essa tutti i cinque nuclei didattici. Il testo esiste nel sorgente ma scompare dall'export corrente.;Rendere esplicita la sezione pubblicabile e impedire che il filtro elimini contenuti didattici per una sola intestazione. Aggiungere un controllo di conservazione dei nuclei e confrontare il nuovo PDF con il sorgente.;Aperto;wiki/reviews/audit-integrale-2026-10-02/EXPORT-COLLANA.md
EXP-03;COLLANA;PDF candidati e sorgenti correnti, in particolare VOL-01;Identificazione della versione;grave;I candidati di agosto e il testo corrente non sono lo stesso oggetto: il PDF base non contiene le integrazioni successive già presenti nei capitoli. Due candidati VOL-02 coesistono, da 830 e 867 pagine.;"Dopo le correzioni fissare manifest con hash dei sorgenti, data di aggiornamento, export e PDF unico; collazionare e archiviare esplicitamente il candidato superato. Non pubblicare un vecchio PDF sulla base del giudizio sul nuovo testo.";Aperto;wiki/reviews/audit-integrale-2026-10-02/EXPORT-COLLANA.md
EXP-02;COLLANA;Preliminari generati VOL-02–12, servizi digitali e colophon;Residui staff;media;Nei testi destinati al lettore figurano «fonti da verificare prima della pubblicazione» e «pubblicazione definitiva». Il VOL-10 usa inoltre «Verticale profondo per profili tecnici che non possono stare nel modulo generalista».;"Chiudere le verifiche reali e riscrivere le pagine con promessa, destinatario, limiti, versione e modalità d'uso rivolti al candidato; eliminare linguaggio di produzione e formule provvisorie.";Aperto;wiki/reviews/audit-integrale-2026-10-02/EXPORT-COLLANA.md
P01-01;VOL-01;PDF pp. 7–14, indice;Leggibilità;grave;Il testo dell'indice scende a 6,75 pt: troppo piccolo per consultazione ordinaria e inferiore al criterio editoriale di 9,5 pt.;"Riprogettare numero di livelli, colonne e spazi; mantenere un corpo leggibile senza comprimere l'indice.";Aperto;wiki/reviews/audit-integrale-2026-10-02/PDF-VOL-01.md
P01-03;VOL-01;PDF pp. 135, 460, 578;Tabelle e workbook;grave;"Tabelle a molte colonne spezzano parole in frammenti; diario a nove colonne e matrice a sette colonne offrono spazio insufficiente alla compilazione.";"Dividere le schede in sezioni o su pagine affiancate; fissare larghezze minime e area di scrittura. Verificare alla dimensione di stampa.";Aperto;wiki/reviews/audit-integrale-2026-10-02/PDF-VOL-01.md
P01-04;VOL-01;Figure n. 20, chapter-04/04-organi-costituzionali-flussi.png;Errore nel diagramma;grave;La freccia «delega, conversione e controllo» va dal Governo al Parlamento, invertendo le funzioni indicate.;Orientarla dal Parlamento al Governo e separare, se necessario, i rapporti per evitare un'unica freccia ambigua.;Aperto;wiki/reviews/audit-integrale-2026-10-02/PDF-VOL-01.md
P01-05;VOL-01;Figura n. 38, chapter-08/02-ciclo-entrate-spese.png;Precisione contabile;grave;"«Accertamento: nasce il credito» confonde accertamento contabile e nascita del diritto; «Bilancio» appare come quarta fase dopo versamento.";"Spiegare che si verificano ragione, titolo, debitore, importo e scadenza; rappresentare accertamento, riscossione e versamento come tre fasi, con bilancio fuori dal flusso. Consolidare con art. 179 TUEL.";Aperto;wiki/reviews/audit-integrale-2026-10-02/PDF-VOL-01.md
P01-06;VOL-01;"Figure n. 44, 55, 139: chapter-09/02-ciclo-fabbisogno-esecuzione.png; chapter-10/07-istanza-online-conservazione.png; chapter-22/07-caso-luca-ciclo-controllo.png";Sequenze interrotte;grave;Le frecce tra righe saltano rispettivamente 7–10, 6–9 e giorni 41–52: collegano l'ultimo elemento superiore all'ultimo inferiore.;"Collegare 6→7, 5→6 e giorni 26–40→41–52; invertire l'ordine della seconda riga solo se tutte le frecce e le numerazioni vengono coordinate.";Aperto;wiki/reviews/audit-integrale-2026-10-02/PDF-VOL-01.md
P01-07;VOL-01;Figura n. 45, chapter-09/03-procedure-affidamento-concorrenza.png;Direzione e semplificazione;grave;La freccia «aumentano formalità, pubblicità, concorrenza, controlli» sale verso l'affidamento diretto, mentre la procedura aperta è in basso.;Correggere direzione/ordine e chiarire che non esiste una scala rigida universale fra tutti i procedimenti rappresentati.;Aperto;wiki/reviews/audit-integrale-2026-10-02/PDF-VOL-01.md
P01-08;VOL-01;Figura n. 65, chapter-12/03-parole-logiche-decisive.png;Errore logico;grave;La negazione di «esattamente uno» è «zero o più», formula che comprende anche uno.;"Scrivere «zero oppure almeno due»; verificare esempi e didascalia.";Aperto;wiki/reviews/audit-integrale-2026-10-02/PDF-VOL-01.md
P01-09;VOL-01;Figura n. 124, chapter-20/06-semaforo-pesatura-tempo.png;Grafico quantitativo;grave;Le lunghezze dei segmenti non corrispondono alle percentuali stampate: il segmento rosso resta sostanzialmente costante nei quattro esempi pur passando da 20 a 45%.;"Disegnare ogni segmento dalla percentuale effettiva, con scala comune e somma 100%; conservare la natura esemplificativa delle pesature.";Aperto;wiki/reviews/audit-integrale-2026-10-02/PDF-VOL-01.md
P01-12;VOL-01;Figure n. 9 e 146;Propagazione delle correzioni;grave;Le immagini ripetono i problemi già registrati nel testo: classificazione materie e 14 errori di Marta comprendenti due omissioni.;Applicare alle figure le decisioni di V01-01 e V01-42. Questo è un promemoria di propagazione, non due nuovi errori di contenuto.;Aperto;wiki/reviews/audit-integrale-2026-10-02/PDF-VOL-01.md
V01-01;VOL-01;"Cap. 2, tabella classificazione materie; appendice C, pp. interne 5 e 9; appendice F, legenda";Metodo e copertura;grave;«Obbligatoria» è collegata alla prova principale, mentre «solo orale» viene definita attraverso l'utilità. Le classi mescolano presenza nel programma, fase della prova e priorità personale. L'appendice C tratta come errore classificare tutte le materie obbligatorie, anche quando il programma le richiede tutte.;"Separare quattro campi: prevista dal bando, fase, peso/soglia, priorità di studio. Una priorità bassa non elimina una materia richiesta; «solo orale» richiede una previsione esplicita.";Aperto;wiki/reviews/audit-integrale-2026-10-02/VOL-01.md
V01-03;VOL-01;Cap. 4, libertà di riunione, r. 157;Precisione normativa;grave;Per la riunione in luogo pubblico il preavviso è descritto come eventuale.;"Distinguere luogo privato, aperto al pubblico e pubblico; per quest'ultimo indicare il preavviso previsto dall'art. 17, senza confonderlo con un'autorizzazione.";Aperto;wiki/reviews/audit-integrale-2026-10-02/VOL-01.md
V01-05;VOL-01;Cap. 4, Parlamento, Governo, Presidente, revisione costituzionale e checkpoint;Copertura;grave;Mancano dati e procedimenti fondamentali per rispondere ai quiz: composizione delle Camere, elettorato, principali quorum e termini costituzionali. Le commissioni referente/redigente/deliberante sono richieste dal checkpoint ma soltanto nominate.;Aggiungere tavole essenziali e spiegazione dei tre procedimenti, con quesiti commentati. Distinguere dati costituzionali e regole parlamentari, evitando dettagli estranei alla promessa base.;Aperto;wiki/reviews/audit-integrale-2026-10-02/VOL-01.md
V01-07;VOL-01;Cap. 4, Corte dei conti, r. 286;Precisione normativa;grave;La formula sul controllo preventivo e successivo della gestione confonde oggetto e tipo dei controlli dell'art. 100.;Distinguere controllo preventivo di legittimità sugli atti del Governo e successivo sulla gestione del bilancio statale, poi la partecipazione al controllo degli enti previsti dalla legge.;Aperto;wiki/reviews/audit-integrale-2026-10-02/VOL-01.md
V01-10;VOL-01;Cap. 5, elementi del provvedimento e nullità, rr. 521–530;Errore concettuale indotto;grave;La motivazione e il procedimento sono inclusi indistintamente negli elementi essenziali, poi la loro mancanza è collegata alla nullità. Può derivarne l'equazione difetto di motivazione = nullità.;"Separare elementi strutturali, requisiti di legittimità e vizi; coordinare artt. 3, 21-septies e 21-octies, comprese le eccezioni di motivazione.";Aperto;wiki/reviews/audit-integrale-2026-10-02/VOL-01.md
V01-11;VOL-01;Cap. 5, procedimento, SCIA, conferenze, revoca;Copertura del nucleo comune;grave;Istituti centrali sono descritti senza termini essenziali, tipi e presupposti: procedimento ordinario, controlli SCIA, conferenze, non annullabilità e indennizzo da revoca. Il nuovo blocco sui rimedi non colma queste sezioni.;"Inserire una tavola regola–termine–eccezione–caso; spiegare conferenza istruttoria/decisoria/preliminare, revoca e art. 21-octies. Eliminare ripetizioni delle definizioni per fare spazio.";Aperto;wiki/reviews/audit-integrale-2026-10-02/VOL-01.md
V01-13;VOL-01;"Cap. 6, riserve, r. 333; appendice A, preferenze, r. 70";Precisione concorsuale;grave;"Le riserve diventano «quote o preferenze»; il glossario lascia intendere che una preferenza possa aumentare il punteggio se lo prevede il bando.";Distinguere riserva di posti, preferenza a parità e titoli valutabili. Mostrare una graduatoria didattica con effetti diversi.;Aperto;wiki/reviews/audit-integrale-2026-10-02/VOL-01.md
V01-14;VOL-01;Cap. 6, concussione;Precisione penale;grave;La descrizione non include l'incaricato di pubblico servizio e usa una coercizione «irresistibile» come criterio assoluto.;"Allineare i soggetti attivi all'art. 317 c.p.; spiegare costrizione e distinzione dall'induzione senza trasformare un aggettivo non normativo in requisito tassativo.";Aperto;wiki/reviews/audit-integrale-2026-10-02/VOL-01.md
V01-16;VOL-01;Cap. 7, esclusioni FOIA, r. 186;Precisione normativa;grave;«Regolare svolgimento di procedimenti sensibili» è formulato come limite generale, senza corrispondenza puntuale con l'elenco dell'art. 5-bis.;"Sostituire con gli interessi tipizzati e il concreto pregiudizio; distinguere esclusioni assolute, limiti relativi, accesso parziale e differimento.";Aperto;wiki/reviews/audit-integrale-2026-10-02/VOL-01.md
V01-18;VOL-01;Cap. 7 e cap. 10, privacy/accesso;Copertura;grave;Non sono esposte con sufficiente concretezza scadenze FOIA, opposizione e riesame, esercizio dei diritti GDPR, violazione dati, DPIA e divieto di diffusione dei dati sulla salute. I casi non arrivano sempre a una decisione qualificata.;"Inserire termini e presupposti con campo, soggetti e un caso completo; distinguere accesso documentale, civico e generalizzato senza escludere automaticamente il FOIA perché esiste un interesse personale.";Aperto;wiki/reviews/audit-integrale-2026-10-02/VOL-01.md
V01-19;VOL-01;"Cap. 8, residui attivi; appendice B, r. 165";Definizione contabile;grave;"La definizione generale non distingue i residui statali riscossi ma non versati; il glossario delle 100 parole omette persino accertamento/impegno.";Precisare il contesto statale/armonizzato e i presupposti giuridici. Una previsione di entrata o spesa non eseguita non è, da sola, residuo.;Aperto;wiki/reviews/audit-integrale-2026-10-02/VOL-01.md
V01-20;VOL-01;Cap. 8, riaccertamento, economie e risultato;Precisione e copertura;grave;«Non più esigibili» può confondere cancellazione per insussistenza e reimputazione. Economie, FPV, FCDE e risultato sono nominati senza un calcolo che renda distinguibili le grandezze.;"Separare esistenza, esigibilità e imputazione; esempio completo di risultato e componenti, FPV e FCDE con ipotesi. Non duplicare tutta la contabilità specialistica.";Aperto;wiki/reviews/audit-integrale-2026-10-02/VOL-01.md
V01-22;VOL-01;Cap. 9, MePA, trattativa diretta;Errore terminologico;grave;La trattativa diretta viene descritta con uno o più operatori.;"Indicare un unico operatore; distinguere confronto di preventivi e altre RdO della piattaforma, che non coincidono con le procedure giuridiche del Codice.";Aperto;wiki/reviews/audit-integrale-2026-10-02/VOL-01.md
V01-23;VOL-01;Cap. 9, soglie, programmazione, livelli, soccorso istruttorio;Copertura;grave;"La scelta di non insegnare soglie e termini lascia il candidato senza dati decisivi. Programmazione e livelli progettuali sono generici; il soccorso non espone termini e rettifica dell'offerta nel relativo campo.";Tabella datata degli importi e regole essenziali, durata dei programmi e livelli, termine del soccorso e distinzione dalla rettifica. L'avvertenza sull'aggiornamento deve accompagnare il dato, non sostituirlo.;Aperto;wiki/reviews/audit-integrale-2026-10-02/VOL-01.md
V01-26;VOL-01;"Cap. 10, documento informatico; appendici A e B";Definizione CAD;grave;La semplice scansione è esclusa dalla nozione di documento informatico. Si confonde natura del documento con originalità, efficacia e conformità della copia.;Spiegare documento nativo e copia per immagine su supporto informatico, quindi il distinto problema della validità probatoria e attestazione di conformità.;Aperto;wiki/reviews/audit-integrale-2026-10-02/VOL-01.md
V01-27;VOL-01;"Cap. 10, domicilio digitale; appendice A, r. 179";Definizione CAD;grave;"La definizione del capitolo omette la PEC; il glossario lascia aperta la coincidenza con un indirizzo ordinario.";Usare entrambe le alternative dell'art. 1, lett. n-ter: PEC e servizio elettronico di recapito certificato qualificato. Un'email ordinaria non è domicilio digitale.;Aperto;wiki/reviews/audit-integrale-2026-10-02/VOL-01.md
V01-28;VOL-01;"Cap. 10, open data e soluzione; appendice A";Definizione CAD;grave;Leggibilità automatica e requisiti di apertura diventano preferenze («preferibilmente», «quando possibile»).;Esporre i requisiti congiunti dell'art. 1, lett. l-ter, compresi licenza/base normativa, formato, uso automatico, metadati e regime economico. Coordinare teoria, quiz e glossario.;Aperto;wiki/reviews/audit-integrale-2026-10-02/VOL-01.md
V01-30;VOL-01;Cap. 11, mini-palestra Q1 e Q10, rr. 974 e 983;Quiz ambiguo;grave;"«The office ___ every morning at 9 a.m.» ammette sia opens sia is open. «If you submit the form late, it ___ rejected» ammette is e will be, secondo lettura generale o conseguenza futura; il capitolo insegna entrambe le costruzioni.";"Rendere univoci contesto e distrattori. Per Q10 chiedere esplicitamente il primo periodo ipotetico oppure usare una situazione futura determinata; ricontrollare chiave e commento.";Aperto;wiki/reviews/audit-integrale-2026-10-02/VOL-01.md
V01-37;VOL-01;Cap. 17, casi e tre simulazioni;Autonomia applicativa;grave;Molte soluzioni restano sequenze «verificare la disciplina», prive dei dati e della qualificazione decisiva. L'integrazione documentale non guida prima alla verifica dell'acquisizione d'ufficio.;"Fornire almeno un dossier risolto per istanza incompleta, ritardo, accesso e affidamento urgente; integrare artt. 18 legge 241 e 43 DPR 445, effetti del silenzio, controinteressati e presupposti, con griglia di merito.";Aperto;wiki/reviews/audit-integrale-2026-10-02/VOL-01.md
V01-43;VOL-01;Cap. 2, cap. 24 e appendice C;Completezza candidatura;grave;Nelle checklist per domanda e prove non sono esplicitati controlli su ausili/misure DSA-disabilità, gravidanza/allattamento, dichiarazioni di riserva e preferenza. Sono passaggi che possono incidere sulla partecipazione.;"Campi dedicati per richiesta, documentazione, termine e canale del bando; separare disciplina ordinaria e ordinamenti esclusi dal DPR 487.";Aperto;wiki/reviews/audit-integrale-2026-10-02/VOL-01.md
V01-45;VOL-01;Appendice A, DPO, r. 164;Ruolo GDPR;grave;«Non decide sempre finalità e mezzi» suggerisce che la decisione possa essere una sua ordinaria competenza.;"Il DPO informa, consiglia e sorveglia; la determinazione di finalità e mezzi compete al titolare. Gli altri incarichi non devono creare conflitti di interessi.";Aperto;wiki/reviews/audit-integrale-2026-10-02/VOL-01.md
P01-02;VOL-01;PDF pp. 55, 300–301 e altre figure;Didascalie;media;"La stessa didascalia compare come testo dell'immagine/alt e come paragrafo; a p. 301 la seconda occorrenza è separata dalla figura di p. 300.";Generare una sola didascalia e tenerla con la figura. Verificare tutte le immagini al nuovo export.;Aperto;wiki/reviews/audit-integrale-2026-10-02/PDF-VOL-01.md
P01-10;VOL-01;Figure n. 80, 87, 93, 101, 107, 118, 147;Sovrapposizioni;media;Cerchi numerati e titoli delle caselle si sovrappongono, rendendo il testo difficile da leggere.;Aumentare la distanza verticale e verificare il componente grafico in tutte le figure che lo riusano.;Aperto;wiki/reviews/audit-integrale-2026-10-02/PDF-VOL-01.md
P01-11;VOL-01;Figura n. 51, chapter-10/03-file-office-dati.png;Chiarezza dei legami;media;"Il collegamento dell'estensione conduce alle cartelle anziché al file; le relazioni non sono etichettate.";Collegare nome/estensione al file e file alla cartella, indicando il significato dei legami.;Aperto;wiki/reviews/audit-integrale-2026-10-02/PDF-VOL-01.md
V01-02;VOL-01;Cap. 4, principi fondamentali, r. 120;Collocazione costituzionale;media;"Lo sport compare nella tabella presentata come principi degli artt. 1–12; la tutela è nell'art. 33, correttamente richiamato più avanti.";Spostare la voce nei rapporti etico-sociali e coordinare tabella e spiegazione.;Aperto;wiki/reviews/audit-integrale-2026-10-02/VOL-01.md
V01-04;VOL-01;Cap. 4, salute, r. 173;Precisione normativa;media;«I trattamenti sanitari richiedono una base normativa» omette il carattere obbligatorio del trattamento contemplato dall'art. 32.;Riferire la riserva di legge ai trattamenti obbligatori e distinguere il consenso al trattamento ordinario.;Aperto;wiki/reviews/audit-integrale-2026-10-02/VOL-01.md
V01-06;VOL-01;Cap. 4, responsabilità del Presidente, r. 232;Ambito della regola;media;La responsabilità limitata ad alto tradimento e attentato alla Costituzione è esposta senza circoscriverla agli atti compiuti nell'esercizio delle funzioni.;"Inserire il campo dell'art. 90; non estendere la regola indistintamente agli atti extrafunzionali.";Aperto;wiki/reviews/audit-integrale-2026-10-02/VOL-01.md
V01-08;VOL-01;"Cap. 4, autonomie, r. 308; cap. 5 checkpoint";Tassonomia e copertura;media;Nell'elenco degli organi locali compaiono anche enti e statuto. I checkpoint chiedono distinzioni non effettivamente sviluppate.;"Separare ente, organo e fonte; tabella essenziale Comune/Provincia/Città metropolitana con funzioni, oppure rinvio preciso allo specialistico per il livello ulteriore.";Aperto;wiki/reviews/audit-integrale-2026-10-02/VOL-01.md
V01-09;VOL-01;Cap. 4, UE, rr. 341–352;Copertura istituzionale;media;"La presentazione delle istituzioni omette la Corte dei conti europea; le decisioni sono illustrate soltanto come atti con destinatari.";Completare le sette istituzioni dell'art. 13 TUE e distinguere, ex art. 288 TFUE, decisioni che designano destinatari e decisioni che non li designano.;Aperto;wiki/reviews/audit-integrale-2026-10-02/VOL-01.md
V01-12;VOL-01;Cap. 5, concessione, r. 354 rispetto a r. 340;Coerenza;media;Una definizione distingue la concessione attraverso il servizio agli utenti, mentre l'altra indica correttamente il rischio operativo.;"Usare il rischio operativo come criterio distintivo; il rapporto con gli utenti è un elemento del caso, non una definizione sufficiente.";Aperto;wiki/reviews/audit-integrale-2026-10-02/VOL-01.md
V01-15;VOL-01;Cap. 6, pubblico impiego, disciplina e organizzazione;Copertura;media;Il quadro comune resta generico su categorie non contrattualizzate, procedimento disciplinare e funzioni del PIAO.;"Tavole sintetiche su ambito del d.lgs. 165/2001, soggetti/termini disciplinari e programmazione integrata; rinvii precisi ai contratti dei comparti per ciò che varia. Verificare separatamente il confine dimensionale PIAO, senza semplificazioni sulle amministrazioni con esattamente 50 dipendenti.";Aperto;wiki/reviews/audit-integrale-2026-10-02/VOL-01.md
V01-17;VOL-01;Cap. 7, whistleblowing;Regola ed eccezioni;media;"I canali interni sono presentati come eventuali; non sono insegnate le condizioni del canale esterno.";Per i soggetti pubblici compresi nel d.lgs. 24/2023 indicare l'obbligo del canale interno, i soggetti tutelati e i presupposti delle diverse forme di segnalazione.;Aperto;wiki/reviews/audit-integrale-2026-10-02/VOL-01.md
V01-21;VOL-01;Cap. 8, rinvii e tracciabilità;Rinvio/precisione;media;"Il rinvio ai contratti indica il cap. 5 anziché 9; «CIG o CUP» può suggerire alternatività generale.";Correggere il capitolo e spiegare funzioni diverse e presenza congiunta quando il CUP è richiesto.;Aperto;wiki/reviews/audit-integrale-2026-10-02/VOL-01.md
V01-24;VOL-01;Cap. 9, caso guidato, r. 447;Sequenza e caso;media;"La nomina del RUP appare successiva alla programmazione; il caso non fornisce importi sufficienti a scegliere il percorso.";"Nomina nel primo atto di avvio dell'intervento ai sensi dell'art. 15; dossier con oggetto, importo, contesto e soluzione motivata.";Aperto;wiki/reviews/audit-integrale-2026-10-02/VOL-01.md
V01-25;VOL-01;Cap. 10, rr. 200 e 383;Esempi tecnici;media;Percorso «C: \Utenti…» e URL «https: //…» contengono spazi che ne alterano la sintassi operativa.;"Mostrare sintassi valida in monospace e distinguere percorsi assoluti e relativi; provare gli esempi nella forma pubblicata.";Aperto;wiki/reviews/audit-integrale-2026-10-02/VOL-01.md
V01-29;VOL-01;Cap. 10, checkpoint SQL e laboratorio Office;Promessa/verifica;media;"ORDER BY e JOIN sono richiesti senza una spiegazione sufficiente; la chiave esterna emerge nella risposta. L'operatività Office è soprattutto descrittiva.";"Mini-database con relazioni, interrogazioni e risultati; esercizi su riferimenti assoluti/relativi, formule e stampa unione con file o dati riprodotti nel libro.";Aperto;wiki/reviews/audit-integrale-2026-10-02/VOL-01.md
V01-32;VOL-01;Cap. 11, obiettivi e percorso avanzato;Copertura linguistica;media;La promessa verso B1/B2 è più ampia dell'allenamento effettivo: tempi e strutture necessarie sono selettivi e quasi tutte le attività restano brevi.;"Esplicitare il livello di introduzione, aggiungere progressione con passato, interrogative/negative, modali e confronti, oppure rinvio preciso a percorso completo; nessuna equivalenza automatica tra lettura del capitolo e livello CEFR.";Aperto;wiki/reviews/audit-integrale-2026-10-02/VOL-01.md
V01-33;VOL-01;Cap. 12, condizione necessaria, r. 142;Precisione logica;media;«Da sola non basta» fa apparire esclusiva la necessità rispetto alla sufficienza. Una condizione può essere entrambe.;Scrivere «non è necessariamente sufficiente» e mostrare necessario, sufficiente, necessario e sufficiente. Esplicitare la convenzione inclusiva/esclusiva per “o”.;Aperto;wiki/reviews/audit-integrale-2026-10-02/VOL-01.md
V01-35;VOL-01;Cap. 14, penalità e scelta di rispondere;Copertura quantitativa;media;Il capitolo promette di decidere quando saltare, ma non offre un esempio numerico con premio, penalità, omissione e probabilità stimata.;"Caso didattico con valore atteso e condizioni; distinguere convenienza media e probabilità di superare una soglia, senza una strategia universale.";Aperto;wiki/reviews/audit-integrale-2026-10-02/VOL-01.md
V01-36;VOL-01;"Cap. 15, modello comunicazione, r. 258; motivazione, r. 292";Caso incompleto/precisione;media;Il modello rinvia a un termine «indicato nella comunicazione» che non è indicato. La motivazione è legata genericamente all'incidenza su interessi rilevanti.;"Inserire [termine e base] oppure un dato motivato nel dossier; richiamare la regola generale e le eccezioni dell'art. 3. Mostrare almeno un elaborato completo autocorreggibile.";Aperto;wiki/reviews/audit-integrale-2026-10-02/VOL-01.md
V01-38;VOL-01;Cap. 18, otto quesiti;Qualità dei distrattori;media;"Sei risposte corrette su otto sono C; sistematicamente la risposta più articolata è anche quella corretta e i distrattori sono spesso manifestamente inadeguati. Le chiavi sono coerenti, ma l'allenamento discrimina poco.";Bilanciare posizione e lunghezza, inserire alternative plausibili con differenze di proporzionalità/priorità e spiegare perché la migliore prevale.;Aperto;wiki/reviews/audit-integrale-2026-10-02/VOL-01.md
V01-39;VOL-01;Cap. 20 e appendice F, mappe;Perimetro;media;"Le 13 mappe non coincidono con le 15 famiglie del cap. 19; mancano raccordi espliciti per gli altri gruppi. Le etichette di frequenza non sono stime documentate.";"Dichiarare che si tratta di una selezione e dare destinazioni per i profili restanti; qualificare probabilità e resa come orientamento, non frequenza statistica.";Aperto;wiki/reviews/audit-integrale-2026-10-02/VOL-01.md
V01-40;VOL-01;Cap. 21 e conclusione;Promesse e tono;media;"«80%» del riuso è presentato senza base quantitativa; compaiono «cliente», «upsell», «MVP», «roadmap» e «mappa commerciale».";"Eliminare lessico staff dal testo studente; presentare il riuso come dipendente da bandi e livello iniziale. Se si conserva una percentuale, documentare campione e metodo.";Aperto;wiki/reviews/audit-integrale-2026-10-02/VOL-01.md
V01-41;VOL-01;"Cap. 22; appendice D, r. 139";Coerenza calendario;media;12 settimane sono associate a 90 giorni, 8 a 60, 4 a 30 e 2 a 15 senza allocare i giorni residui. I programmi settimanali non coprono integralmente la durata dichiarata.;"Aggiungere rispettivamente 6, 4, 2 e 1 giorni di coda, destinati a recupero/ripasso/prova; coordinare calendario, tabella e simulazioni.";Aperto;wiki/reviews/audit-integrale-2026-10-02/VOL-01.md
V01-42;VOL-01;Cap. 23, caso Marta e categorie errori;Precisione dei dati;media;I 14 «sbagliati» su 50 comprendono due omissioni. La tassonomia non separa chiaramente lacuna di conoscenza ed errore di recupero.;"Distinguere 36 corrette, 12 errate, 2 omesse e calcolare il punteggio con le regole assegnate; registrare lacuna/recupero e confrontare percentuali su prove comparabili.";Aperto;wiki/reviews/audit-integrale-2026-10-02/VOL-01.md
V01-44;VOL-01;Conclusione, r. 39;Promessa non dimostrabile;media;"Il Decoder è presentato come garanzia; l'eventuale insuccesso viene attribuito in modo troppo assoluto all'applicazione del metodo.";Descrivere cosa lo strumento consente di controllare e i fattori che restano variabili, senza garanzia di esito né colpevolizzazione.;Aperto;wiki/reviews/audit-integrale-2026-10-02/VOL-01.md
V01-46;VOL-01;Appendice A, area/famiglia, stazione appaltante, aggiudicazione;Precisione dei glossari;media;"Area e famiglia professionale sono sovrapposte; stazione appaltante è limitata al soggetto pubblico; aggiudicazione e stipula sono descritte come non coincidenti «sempre», anziché atti distinti.";"Separare classificazione e ambito funzionale; includere i soggetti ricompresi nella definizione del Codice; chiarire distinzione aggiudicazione/contratto.";Aperto;wiki/reviews/audit-integrale-2026-10-02/VOL-01.md
V01-49;VOL-01;Introduzione, cap. 3, cap. 7 r. 237, cap. 8 e 21;Residui editoriali;media;Riferimenti a punto commerciale, prodotto, audit P4/P9 e lavorazioni interne interrompono la voce destinata al candidato. La loro eventuale esclusione va confermata nell'export.;"Conservare soltanto contenuti didattici nel corpo; spostare le istruzioni di produzione nel report e verificare il PDF.";Aperto;wiki/reviews/audit-integrale-2026-10-02/VOL-01.md
V01-50;VOL-01;Pagine preliminari, servizi digitali/premessa;Promessa commerciale;media;"La pagina iniziale promette un mese di accesso incluso a materiali e aggiornamenti; la premessa dice che tali servizi «possono essere disponibili». Il flusso di attivazione resta generico.";Definire materiali inclusi, inizio/durata accesso e procedura effettiva, poi verificarla con un account di prova autorizzato. Conservare nel cartaceo tutti gli strumenti necessari. Non affermare che il servizio sia inesistente: non è stato collaudato.;Aperto;wiki/reviews/audit-integrale-2026-10-02/VOL-01.md
V01-51;VOL-01;Colophon e riferimenti;Informazioni editoriali;media;Non emerge un cut-off normativo unico dell'edizione. La clausola di riproduzione richiama già «A norma di legge»: esplicitare gli usi consentiti sarebbe un miglioramento di chiarezza, non un autonomo difetto giuridico accertato.;"Inserire data di aggiornamento e versione, recapito errata corrige; completare gli identificativi editoriali dell'edizione effettiva. Facoltativamente rendere più chiaro il richiamo agli usi consentiti dalla legge.";Aperto;wiki/reviews/audit-integrale-2026-10-02/VOL-01.md
V01-31;VOL-01;Cap. 11, tabella pronomi, r. 492;Precisione grammaticale;lieve;«Its» come pronome possessivo è elencato senza nota, favorendo un uso autonomo ordinario non naturale.;"Aggiungere la limitazione d'uso con own; distinguere determinante possessivo e pronome. Non dichiarare che its sia sempre impossibile come possessivo pronominale.";Aperto;wiki/reviews/audit-integrale-2026-10-02/VOL-01.md
V01-34;VOL-01;Cap. 13, distribuzione del tempo;Uso del modello;lieve;"Gli intervalli percentuali consentono totali da 90% a 110%; non viene mostrata una scelta normalizzata.";Aggiungere un esempio che sommi 100% e indicare che le percentuali vanno selezionate insieme, non tutte ai rispettivi estremi.;Aperto;wiki/reviews/audit-integrale-2026-10-02/VOL-01.md
V01-47;VOL-01;Appendice B, dati personali/performance e r. 153;Precisione/refuso;lieve;"Nella definizione di dato personale manca «persona fisica»; performance è confusa con la sua misurazione; «facilità controlli» usa l'accento sul verbo.";Coordinare le definizioni con il testo principale e correggere «facilita».;Aperto;wiki/reviews/audit-integrale-2026-10-02/VOL-01.md
V01-48;VOL-01;Appendice F, caso guidato, r. 357;Refuso;lieve;Il nome della candidata è diventato «sarà».;Ripristinare «Sara» e controllare le altre occorrenze di nomi propri normalizzati automaticamente.;Aperto;wiki/reviews/audit-integrale-2026-10-02/VOL-01.md
P02-01;VOL-02;p.292, Capitoli da attivare;Rinvii;grave;«Capitolo 3 su uffici e organizzazione», «4 su atti», «5 su procedimento», «6 su gestione documentale», «12 su procurement» usano i numeri locali del modulo, incompatibili con indice e intestazioni stampate.;"Convertire rispettivamente in capitoli 6, 7, 8, 9 e 15; controllare tutti i rinvii locali durante l’assemblaggio, mantenendo anche titolo del capitolo.";Aperto;wiki/reviews/audit-integrale-2026-10-02/PDF-VOL-02.md
P02-07;VOL-02;"p.320, figura 18.4; asset FL02/chapter-01/04-catena-avviso-regionale-comuni.png";Figura illeggibile;grave;I bollini numerati coprono l’inizio delle parole Programma, Domanda, Istruttoria, Concessione, Attuazione e Monitoraggio. Difetto presente nel PNG originale 1600×900.;"Separare il numero dal titolo della fase riservando due righe o un margine laterale adeguato; rigenerare e controllare sia PNG sia resa PDF.";Aperto;wiki/reviews/audit-integrale-2026-10-02/PDF-VOL-02.md
P02-10;VOL-02;"Candidato rebuild: 867 pagine, circa 6,69 × 9,61 pollici; precedente: 830 pagine";Specifiche di produzione KDP;grave;"Entrambi superano il massimo KDP di 828 pagine per questa gabbia in bianco e nero su carta bianca e a colori Premium; gli altri supporti previsti hanno massimi inferiori (crema 776, pastalegno 812, colore standard 600). Verifica ufficiale del 2 ottobre 2026: [KDP, tabella gabbie](https://kdp.amazon.com/it_IT/help/topic/GVBQ3CMEQW3W2VL6). Il rebuild supera il limite di 39 pagine già prima dell’eventuale arrotondamento a numero pari.";"Decidere una configurazione editoriale e produttiva supportata, valutando una suddivisione organica del volume; preservare copertura e leggibilità, poi rigenerare interni e copertina e verificare il conteggio finale nel Previewer. Nessuna compressione automatica del corpo o taglio dei contenuti per rientrare nel limite.";Aperto;wiki/reviews/audit-integrale-2026-10-02/PDF-VOL-02.md
V02-04;VOL-02;"[5](../../../wiki/books/moduli/m-fl01-comuni-unioni/chapters/02-statuto-regolamenti-autonomia-normativa-locale.md), [7](../../../wiki/books/moduli/m-fl01-comuni-unioni/chapters/04-deliberazioni-determinazioni-decreti-ordinanze-pareri.md) — Chi approva statuto e regolamenti; tabella atti";Contenuto e coerenza didattica;grave;«Approvare un regolamento comunale»: La competenza consiliare è generalizzata e contraddice FL01/01.;"Esplicitare eccezione regolamento uffici e servizi: Giunta, nel rispetto dei criteri generali del Consiglio (TUEL48c3). Fonti: [ufficiale1](https://www.normattiva.it/uri-res/N2Ls?urn:nir:stato:decreto:2000-08-18;267~art48!vig=)";Aperto;wiki/reviews/audit-integrale-2026-10-02/VOL-02.md
V02-05;VOL-02;[5](../../../wiki/books/moduli/m-fl01-comuni-unioni/chapters/02-statuto-regolamenti-autonomia-normativa-locale.md) — Statuto e caso guidato;Contenuto e coerenza didattica;grave;"«procedimento; Se il regolamento prevede»: Non sono insegnati quorum, deliberazioni e pubblicazione dello statuto; il soccorso istruttorio sembra dipendere esclusivamente dal regolamento.";"Aggiungere scheda TUEL6c4–5; distinguere domanda tardiva da irregolarità sanabile e richiamare L241/1990 art.6c1b. Fonti: [ufficiale1](https://prefettura.interno.gov.it/sites/default/files/3/2024-03/legge_241_del_90.pdf)";Aperto;wiki/reviews/audit-integrale-2026-10-02/VOL-02.md
V02-06;VOL-02;[7](../../../wiki/books/moduli/m-fl01-comuni-unioni/chapters/04-deliberazioni-determinazioni-decreti-ordinanze-pareri.md) — Pareri, visti, esecutività;Contenuto e coerenza didattica;grave;«quando richiesto»: Gli istituti restano generici proprio nel delta TUEL promesso.;Insegnare presupposti, organo ed effetto di artt.49,134,183c7, con confronto delibera/determina e caso completo.;Aperto;wiki/reviews/audit-integrale-2026-10-02/VOL-02.md
V02-09;VOL-02;"[10](../../../wiki/books/moduli/m-fl01-comuni-unioni/chapters/07-servizi-demografici-elettorali.md) — Quiz-trappola; caso stato di famiglia";Contenuto e coerenza didattica;grave;"«Non necessariamente; privilegia»: La decertificazione verso PA è presentata come preferenza.";"Rispondere: per stati, qualità e fatti certificabili, salve deroghe di legge, acquisizione d’ufficio o dichiarazione sostitutiva; non richiedere certificato da produrre alla PA (DPR44540/43). Fonti: [ufficiale1](https://www.funzionepubblica.gov.it/it/il-dipartimento/area-di-interesse/semplificazione/decertificazione-e-autocertificazione/la-decertificazione/)";Aperto;wiki/reviews/audit-integrale-2026-10-02/VOL-02.md
V02-10;VOL-02;[10](../../../wiki/books/moduli/m-fl01-comuni-unioni/chapters/07-servizi-demografici-elettorali.md) — Residenza, elettorale, stato civile;Contenuto e coerenza didattica;grave;"«verificare»: Mancano dimora abituale, termini e decorrenze della residenza; elettorale/AIRE restano prevalentemente nominate.";"Inserire schede residenza: dichiarazione, iscrizione entro2giorni, verifiche45giorni ed effetti; scheda revisioni liste e documento/estratto/copia con requisiti e caso. Fonti: [ufficiale1](https://dait.interno.gov.it/servizi-demografici/circolari/circolare-n9-del-27-aprile-2012)";Aperto;wiki/reviews/audit-integrale-2026-10-02/VOL-02.md
V02-11;VOL-02;"[11](../../../wiki/books/moduli/m-fl01-comuni-unioni/chapters/08-welfare-locale-servizi-sociali-isee-minori-servizi-educativi.md) — N03, tabella; N04";Contenuto e coerenza didattica;grave;«Revoca/decadenza»: Istituti distinti sono confusi e gli strumenti di rapporto con Terzo settore solo elencati.;"Separare revoca, annullamento e decadenza; sviluppare differenze e presupposti appalto, accreditamento, convenzioni art.56 e coprogettazione art.55 CTS.";Aperto;wiki/reviews/audit-integrale-2026-10-02/VOL-02.md
V02-13;VOL-02;[12](../../../wiki/books/moduli/m-fl01-comuni-unioni/chapters/09-programmazione-integrata-comunale-dup-bilancio-peg-piao-performance.md), [13](../../../wiki/books/moduli/m-fl01-comuni-unioni/chapters/10-gestione-finanziaria-rendiconto-tesoreria-controlli.md) — Programmazione e gestione finanziaria;Contenuto e coerenza didattica;grave;"«ulteriori elementi»: Mancano calendario ordinario DUP/bilancio/PEG/rendiconto/salvaguardia, formula completa risultato, competenze variazioni e revisione; il base non colma i vuoti.";"Aggiungere calendario con proroghe separate; bilancio almeno triennale; PEG facoltativo<5000; formula avanzo comprendente sottrazione FPV; casi variazioni/ratifica, revisori, debiti fuori bilancio/esercizio provvisorio/dissesto al livello del profilo.";Aperto;wiki/reviews/audit-integrale-2026-10-02/VOL-02.md
V02-14;VOL-02;"[14](../../../wiki/books/moduli/m-fl01-comuni-unioni/chapters/11-entrate-tributi-locali-patrimonio-economato-riscossione.md) — IMU, TARI, riscossione; caso TARI";Contenuto e coerenza didattica;grave;"«verificare i termini»: Tributi descritti senza presupposti, soggetti, base ed esenzioni essenziali; recupero senza regole dei termini.";Schede IMU/TARI e caso accertamento datato: separare regole nazionali, aliquote/regolamenti locali, decadenza e prescrizione.;Aperto;wiki/reviews/audit-integrale-2026-10-02/VOL-02.md
V02-16;VOL-02;[16](../../../wiki/books/moduli/m-fl01-comuni-unioni/chapters/13-territorio-patrimonio-edilizia-lavori-interfaccia-amministrativa.md) — Quiz1,2,3,4,6,7;Contenuto e coerenza didattica;grave;"«D è errata; A,C,D»: Sei spiegazioni su sette attribuiscono contenuti alle lettere sbagliate; alcune dichiarano errata la risposta corretta.";"Chiavi corrette C,A,D,C,D,A,A. Q1 commento C→B; Q2 A/B→B/C; Q3 D→C; Q4 errate A,B,D; Q6 A/B→B/C; Q7 errate B,C,D. Riscrivere motivazioni legandole al contenuto di ciascuna alternativa.";Aperto;wiki/reviews/audit-integrale-2026-10-02/VOL-02.md
V02-17;VOL-02;[16](../../../wiki/books/moduli/m-fl01-comuni-unioni/chapters/13-territorio-patrimonio-edilizia-lavori-interfaccia-amministrativa.md), [45](../../../wiki/books/moduli/m-fl04-polizia-locale/chapters/11-vigilanza-edilizia-procedimenti-repressivi.md) — Titoli edilizi;Contenuto e coerenza didattica;grave;"«provvedimento espresso»: Permesso sempre espresso; in FL01 SCIA22/23 accomunate senza attesa alternativa.";"Integrare silenzio-assenso art.20c8 con esclusioni; distinguere SCIA ordinaria e alternativa ex art.23 con presentazione almeno30giorni prima. Fonti: [ufficiale1](https://www.normattiva.it/uri-res/N2Ls?urn%3Anir%3Apresidente.repubblica%3Adecreto%3A2001%3B380~art20=), [ufficiale2](https://www.normattiva.it/uri-res/N2Ls?urn%3Anir%3Astato%3Adecreto.del.presidente.della.repubblica%3A2001-06-06%3B380~art23%21vig=)";Aperto;wiki/reviews/audit-integrale-2026-10-02/VOL-02.md
V02-20;VOL-02;[17](../../../wiki/books/moduli/m-fl01-comuni-unioni/chapters/14-laboratorio-teorico-pratico-profili-comunali.md), [29](../../../wiki/books/moduli/m-fl02-regioni-province-citta-metropolitane/chapters/12-laboratorio-profili-regionali-area-vasta.md), [49](../../../wiki/books/moduli/m-fl04-polizia-locale/chapters/15-laboratorio-atti-verbali-polizia-locale.md), [50](../../../wiki/books/vol-02-enti-locali-polizia-locale/chapters/50-simulazione-finale-vol-02.md) — Laboratori e simulazione finale;Contenuto e coerenza didattica;grave;"«laboratorio; simulazione»: Molte griglie e tracce, ma non atti completi corretti o simulazione integrata con soluzioni specifiche, a fronte della promessa formativa.";"Aggiungere almeno determina completa fittizia, elaborato regionale, verbale CdS/689 e annotazione PG; simulazione con dossier, quiz, risposta breve, caso, orale e rubriche ancorate a soluzioni.";Aperto;wiki/reviews/audit-integrale-2026-10-02/VOL-02.md
V02-21;VOL-02;[19](../../../wiki/books/moduli/m-fl02-regioni-province-citta-metropolitane/chapters/02-statuti-organi-organizzazione-regionale.md) — Statuto ordinario e organi;Contenuto e coerenza didattica;grave;"«procedimento rinforzato»: Art.123 è nominato senza procedimento; forma di governo senza regole essenziali122/126.";"Scheda maggioranza assoluta, due deliberazioni a distanza≥2mesi, ricorso30giorni, referendum3mesi; completare elezione e cessazione organi con rinvio puntuale. Fonti: [ufficiale1](https://www.senato.it/istituzione/la-costituzione/parte-ii/titolo-v/articolo-123)";Aperto;wiki/reviews/audit-integrale-2026-10-02/VOL-02.md
V02-22;VOL-02;[20](../../../wiki/books/moduli/m-fl02-regioni-province-citta-metropolitane/chapters/03-funzioni-regionali-rapporti-stato-enti-locali.md) — Competenze, sostituzione e conferenze;Contenuto e coerenza didattica;grave;"«poteri sostitutivi»: Principi privi di esempi di materie; mancano presupposti/soggetto art.120 e procedura L131art8; Stato-città non sviluppata.";Inserire classificazione esemplificata117, scheda sostituzione Governo e sistema conferenze distinguendo composizione/funzione.;Aperto;wiki/reviews/audit-integrale-2026-10-02/VOL-02.md
V02-24;VOL-02;"[22](../../../wiki/books/moduli/m-fl02-regioni-province-citta-metropolitane/chapters/05-programmazione-bilancio-controlli-regionali.md) — Mini-esercizio; calendario";Contenuto e coerenza didattica;grave;"«Pagamento dopo verifica»: Liquidazione confusa con pagamento; assenti termini ordinari regionali pur nel capitolo contabile.";"Definire liquidazione come determinazione della somma certa e liquida su documenti/verifiche, poi ordinazione e pagamento; aggiungere calendario DEFR/bilancio/assestamento/rendiconto/consolidato. Fonti: [ufficiale1](https://www.rgs.mef.gov.it/_Documenti/VERSIONE-I/e-GOVERNME1/ARCONET/Normativa/Dlgs_118-2011_coordinato_con_il_Dlgs_126-2014.pdf)";Aperto;wiki/reviews/audit-integrale-2026-10-02/VOL-02.md
V02-25;VOL-02;[23](../../../wiki/books/moduli/m-fl02-regioni-province-citta-metropolitane/chapters/06-tecnica-legislativa-air-vir-drafting.md) — Tabella metodo BANDO;Contenuto e coerenza didattica;grave;"«D Dimostrazione; O Organizzazione»: L’acronimo proprietario viene ridefinito in contrasto con il resto della collana.";"Ripristinare D=Diario e O=Output; correggere il paragrafo che attribuisce l’output alla faseD.";Aperto;wiki/reviews/audit-integrale-2026-10-02/VOL-02.md
V02-26;VOL-02;"[23](../../../wiki/books/moduli/m-fl02-regioni-province-citta-metropolitane/chapters/06-tecnica-legislativa-air-vir-drafting.md) — Clausola finanziaria; mini-esercizio; transitorio";Contenuto e coerenza didattica;grave;"«nei limiti delle risorse stanziate annualmente»: Clausola generica proposta senza qualificare spesa e copertura; termine90giorni senza decorrenza e transitorio prima/dopo che lascia il giorno iniziale scoperto.";"Inserire ipotesi esplicite e campi di quantificazione/copertura; non trattare limite annuo come copertura universale; aggiungere dies a quo e a decorrere dalla data.";Aperto;wiki/reviews/audit-integrale-2026-10-02/VOL-02.md
V02-27;VOL-02;[24](../../../wiki/books/moduli/m-fl02-regioni-province-citta-metropolitane/chapters/07-politiche-coesione-fondi-ue.md) — Rendicontazione e fonti;Contenuto e coerenza didattica;grave;«Regolamenti UE applicabili»: Fondi UE promessi senza riferimenti identificabili, costi semplificati o quadro minimo AdG/AdA/aiuti.;"Citare regolamenti2021/1060,1058,1057,1056,1059; spiegare costi reali vs opzioni semplificate e controlli; dare rinvio puntuale per aiuti e audit avanzati. Fonti: [ufficiale1](https://eur-lex.europa.eu/legal-content/IT/TXT/PDF/?uri=OJ%3AC_202407467)";Aperto;wiki/reviews/audit-integrale-2026-10-02/VOL-02.md
V02-28;VOL-02;[25](../../../wiki/books/moduli/m-fl02-regioni-province-citta-metropolitane/chapters/08-pnrr-territoriale-regis-dnsh-controlli.md) — Tabella ruoli e risposta modello;Contenuto e coerenza didattica;grave;«Regione può essere amministrazione titolare»: Titolarità centrale di misura PNRR confusa con attuazione regionale.;"Distinguere amministrazioni centrali titolari da soggetti attuatori/regionali e deleghe; qualificare eventuali casi particolari con atto specifico. Fonti: [ufficiale1](https://www.rgs.mef.gov.it/_Documenti/VERSIONE-I/CIRCOLARI/2022/09/Allegato-alla-Circolare-del-10-febbraio-2022-n-9-Istruzioni-Tecniche-Sigeco-PNRR.pdf), [ufficiale2](https://www.regione.piemonte.it/web/temi/piano-nazionale-ripresa-resilienza/cose-pnrr)";Aperto;wiki/reviews/audit-integrale-2026-10-02/VOL-02.md
V02-30;VOL-02;[26](../../../wiki/books/moduli/m-fl02-regioni-province-citta-metropolitane/chapters/09-province-citta-metropolitane-legge-56-2014.md) — N02 organi;Contenuto e coerenza didattica;grave;«elezione, durata e composizione devono essere verificate»: L’invito alla verifica sostituisce il regime ordinario della L56/2014.;"Insegnare elezione indiretta, presidente4anni/consiglio2anni, composizione e assemblea; distinguere discipline speciali e proposte di riforma dalla norma vigente.";Aperto;wiki/reviews/audit-integrale-2026-10-02/VOL-02.md
V02-31;VOL-02;[27](../../../wiki/books/moduli/m-fl02-regioni-province-citta-metropolitane/chapters/10-viabilita-edilizia-scolastica-territorio-espropri.md), [29](../../../wiki/books/moduli/m-fl02-regioni-province-citta-metropolitane/chapters/12-laboratorio-profili-regionali-area-vasta.md) — Sequenze, infografica, mini-esercizio e laboratorio3;Contenuto e coerenza didattica;grave;"«progetto; RUP»: RUP posto dopo il progetto in più sequenze, nonostante il testo ne preveda nomina al primo atto di avvio.";"Spostare nomina all’avvio dell’intervento secondo art.15 D.Lgs.36/2023, prima delle attività da presidiare; distinguere programmazione/progettazione/approvazione.";Aperto;wiki/reviews/audit-integrale-2026-10-02/VOL-02.md
V02-32;VOL-02;[27](../../../wiki/books/moduli/m-fl02-regioni-province-citta-metropolitane/chapters/10-viabilita-edilizia-scolastica-territorio-espropri.md) — Espropri ed edilizia scolastica;Contenuto e coerenza didattica;grave;"«preparazione specialistica»: Nuclei promessi senza riparto L23/1996art3 e senza elementi procedurali espropri; rinvio non localizzato.";"Aggiungere riparto Comuni/Province e scheda vincolo/dichiarazionePU/decreto/esecuzione; rinvio preciso verificato all’approfondimento tecnico per ulteriori dettagli.";Aperto;wiki/reviews/audit-integrale-2026-10-02/VOL-02.md
V02-33;VOL-02;[28](../../../wiki/books/moduli/m-fl02-regioni-province-citta-metropolitane/chapters/11-contratti-servizi-pubblici-locali-societa-partecipate.md) — Concessione, in house e SPL;Contenuto e coerenza didattica;grave;"«controllo analogo»: Mancano rischio operativo e presupposti in house; SPL di rilevanza economica confusi con categoria generale.";"Definire rischio operativo, influenza determinante e altri requisiti in house; delimitare campo D201/2022; inserire ricognizione/relazioni e revisione partecipate con termine ordinario.";Aperto;wiki/reviews/audit-integrale-2026-10-02/VOL-02.md
V02-35;VOL-02;[31](../../../wiki/books/moduli/m-fl03-camere-commercio/chapters/02-registro-imprese-rea-pubblicita-legale.md) — Registro, REA, pubblicità;Contenuto e coerenza didattica;grave;«pubblicità legale»: Mancano sezioni, effetti distinti, soggetti obbligati, art.2193, Conservatore/giudice e rimedi. ComUnica solo nominata.;"Tabella sezioni/soggetti/effetti con eccezioni, caso opponibilità, flusso ComUnica e distinzione certificati verso privati/PA; rinvio verificato per contenzioso. Fonti: [ufficiale1](https://www.registroimprese.it/l-anagrafe-nazionale-delle-imprese), [ufficiale2](https://www.rm.camcom.it/canali-menu/servizi/registro-imprese-visure-certificazioni/registro-imprese/pagina3518.html)";Aperto;wiki/reviews/audit-integrale-2026-10-02/VOL-02.md
V02-36;VOL-02;"[32](../../../wiki/books/moduli/m-fl03-camere-commercio/chapters/03-servizi-imprese-regolazione-mercato-tutela.md) — N03; metrologia; mediazione";Contenuto e coerenza didattica;grave;"«lo step specialistico dovrà verificare»: Resta frase di lavorazione; servizi specialistici sono nominati senza regole e protesti promessi non sviluppati.";"Eliminare frase interna; sviluppare DM93/2017 ruoli verificazione/vigilanza/titolare, accordo di mediazione vs lodo, scheda protesti e rimedi essenziali.";Aperto;wiki/reviews/audit-integrale-2026-10-02/VOL-02.md
V02-37;VOL-02;[33](../../../wiki/books/moduli/m-fl03-camere-commercio/chapters/04-organizzazione-personale-procedimenti-trasparenza-camerale.md) — Organi e personale;Contenuto e coerenza didattica;grave;"«Consiglio; Giunta; Presidente»: Elenco senza poteri, nomina e durata; personale senza aree/EQ/progressioni al livello promesso.";"Distinguere quattro organi L580art9 dal segretario generale; tabella poteri/designazione/durata e rinvio contrattuale aggiornato e puntuale.";Aperto;wiki/reviews/audit-integrale-2026-10-02/VOL-02.md
V02-39;VOL-02;[37](../../../wiki/books/moduli/m-fl04-polizia-locale/chapters/03-qualifiche-poteri-dipendenze-organizzazione-servizio.md) — QualificaPG, PS e missioni;Contenuto e coerenza didattica;grave;«qualifiche»: Condizioni nazionali essenziali restano implicite o affidate a verifica esterna.;"Completare art.57CPP condizione di servizio, requisitiPS L65art5c2 e missioni art4; rinviare a cap07 per dipendenza funzionaleAG.";Aperto;wiki/reviews/audit-integrale-2026-10-02/VOL-02.md
V02-40;VOL-02;[38](../../../wiki/books/moduli/m-fl04-polizia-locale/chapters/04-servizi-polizia-stradale.md) — Intero nucleo Codice strada;Contenuto e coerenza didattica;grave;«L.177/2024»: Capitolo organizzativo senza insegnamento di comportamento stradale, documenti, revisione/assicurazione, artt186/187 o riforma2024.;"Aggiungere nuclei regole/comportamenti e conseguenze, gerarchia segnaletica, patente/documenti, guida alcol/stupefacenti con versione vigente; non sostituire la teoria con avviso aggiornamento.";Aperto;wiki/reviews/audit-integrale-2026-10-02/VOL-02.md
V02-41;VOL-02;[39](../../../wiki/books/moduli/m-fl04-polizia-locale/chapters/05-accertamento-contestazione-notificazione-ricorsi-codice-strada.md) — Notifica, pagamento, ricorsi;Contenuto e coerenza didattica;grave;«non serve recitare ogni termine»: Nel capitolo dedicato ai termini non compaiono le cifre essenziali.;"Tabella datata: notifica ordinaria90, solidale dopo immediata100, estero360; pagamento60/sconto30%entro5 con esclusioni; ricorsoPrefetto60 e giudice secondo disciplina richiamata; esempi di decorrenza e scelta rimedio. Fonti: [ufficiale1](https://aci.gov.it/codice-della-strada/art-201/), [ufficiale2](https://aci.gov.it/codice-della-strada/art-202/), [ufficiale3](https://aci.gov.it/codice-della-strada/art-203/), [ufficiale4](https://aci.gov.it/codice-della-strada/art-204-bis/)";Aperto;wiki/reviews/audit-integrale-2026-10-02/VOL-02.md
V02-42;VOL-02;[39](../../../wiki/books/moduli/m-fl04-polizia-locale/chapters/05-accertamento-contestazione-notificazione-ricorsi-codice-strada.md) — Cronologia punto5;Contenuto e coerenza didattica;grave;«se la contestazione non è avvenuta»: Fa apparire notifica alternativa assoluta alla contestazione e trascura l’obbligato solidale.;"Integrare notifica anche dopo contestazione al conducente nei casi art201; distinguere motivazione della mancata contestazione e ipotesi tipizzate c1bis/1ter. Fonti: [ufficiale1](https://aci.gov.it/codice-della-strada/art-201/)";Aperto;wiki/reviews/audit-integrale-2026-10-02/VOL-02.md
V02-43;VOL-02;[40](../../../wiki/books/moduli/m-fl04-polizia-locale/chapters/06-procedimento-sanzionatorio-amministrativo-applicato.md) — L689 e opposizione;Contenuto e coerenza didattica;grave;"«è sufficiente mostrare la catena logica»: Mancano termini, formula pagamento e principi soggettivi/solidarietà; rinvio base non li sviluppa.";"Insegnare artt2/3/6/14/16/18/28: condizioni,90/360giorni,60giorni e minore tra un terzo massimo/doppio minimo,30giorni memorie,5anni prescrizione; opposizione D150art6 e ordinanza esemplificata.";Aperto;wiki/reviews/audit-integrale-2026-10-02/VOL-02.md
V02-44;VOL-02;[41](../../../wiki/books/moduli/m-fl04-polizia-locale/chapters/07-polizia-giudiziaria-atti-essenziali.md) — Atti essenzialiPG;Contenuto e coerenza didattica;grave;«non elenca formule operative»: Presupposti e garanzie di identificazione, sommarie informazioni, sequestri e CNR non sono insegnati.;"Tabella per349/350/351/354/355CPP: soggetto, presupposto, difesa, termine/convalida; distinguere urgenze della CNR347; aggiungere annotazione didattica completa.";Aperto;wiki/reviews/audit-integrale-2026-10-02/VOL-02.md
V02-45;VOL-02;[42](../../../wiki/books/moduli/m-fl04-polizia-locale/chapters/08-tulps-pubblica-sicurezza-immigrazione.md) — TULPS e immigrazione;Contenuto e coerenza didattica;grave;"«pubblica sicurezza»: Nessun nucleo TULPS sviluppato per articolo/presupposti; immigrazione solo cautela documentale.";"Schede autorizzazioni/requisiti/prescrizioni/revoca, spettacoli e poteriQuestore; autorità localePS nei casi previsti; minimi D286 su soggiorno/obblighi/raccordo e garanzie senza estendere indebitamente i poteriPL.";Aperto;wiki/reviews/audit-integrale-2026-10-02/VOL-02.md
V02-46;VOL-02;[43](../../../wiki/books/moduli/m-fl04-polizia-locale/chapters/09-sicurezza-urbana-ordinanze-coordinamento.md) — Sicurezza urbana e aggiornamenti;Contenuto e coerenza didattica;grave;"«aggiornamento»: Allontanamento e divieto di accesso urbano DL14art9/10 non insegnati; novità2025 solo richiamate.";"Aggiungere presupposti, competenza, durata e tutela nella versione verificata; distinguere ordinanze ordinarie e contingibili/urgenti nel box sul pericolo.";Aperto;wiki/reviews/audit-integrale-2026-10-02/VOL-02.md
V02-47;VOL-02;"[44](../../../wiki/books/moduli/m-fl04-polizia-locale/chapters/10-commercio-pubblici-esercizi-suap.md) — Commercio; tabella titoli";Contenuto e coerenza didattica;grave;"«provvedimento espresso»: Requisiti e categorie commerciali non sviluppati; autorizzazione definita sempre espressa.";"Tabella categorie/requisiti D59art71 e disciplina territoriale; SCIA unica/condizionata art19bis e D222; qualificare il silenzio-assenso dove ammesso, senza generalizzarlo.";Aperto;wiki/reviews/audit-integrale-2026-10-02/VOL-02.md
V02-48;VOL-02;[45](../../../wiki/books/moduli/m-fl04-polizia-locale/chapters/11-vigilanza-edilizia-procedimenti-repressivi.md) — Repressione edilizia;Contenuto e coerenza didattica;grave;«procedimenti repressivi»: Mancano conseguenze, termini e condizioni essenziali artt27/31/44 e raccordo alle sanatorie vigenti.;"Scheda sospensione45giorni, demolizione/acquisizione e relativo procedimento, comunicazioni27c4, fattispecie44; inquadrare34bis/36bis senza promettere consulenza tecnica; rinvio nominativoVOL10.";Aperto;wiki/reviews/audit-integrale-2026-10-02/VOL-02.md
V02-49;VOL-02;[46](../../../wiki/books/moduli/m-fl04-polizia-locale/chapters/12-ambiente-rifiuti-rumore-tutela-locale.md) — Abbandono rifiuti e caso;Contenuto e coerenza didattica;grave;"«se emergono elementi penali»: Il caso non insegna a distinguere illeciti dopo le riforme2023/2025; procedura192 assente.";"Integrare mappa aggiornata255/255bis/255ter e fattispecie amministrative residue; responsabilità proprietario con dolo/colpa ex192, autorità e ordine di rimozione. Verificare ogni ramo sul testo vigente. Fonti: [ufficiale1](https://www.gazzettaufficiale.it/eli/gu/2025/10/07/233/sg/pdf), [ufficiale2](https://www.conferenzastatocitta.gov.it/home/approfondimenti/tematiche-di-interesse/la-riforma-del-sistema-rifiuti-e-la-governance-locale/le-novita-di-diretto-interesse-per-gli-enti-locali/)";Aperto;wiki/reviews/audit-integrale-2026-10-02/VOL-02.md
V02-FM2;VOL-02;[04-sommario.md](../../../wiki/books/vol-02-enti-locali-polizia-locale/front-matter/04-sommario.md) — Simulazione finale;Coerenza apparati;grave;«quiz, risposta sintetica»: Promessa di prova integrata più ampia delle sole quattro tracce metodologiche di cap50.;Allineare promessa e contenuto completando la simulazione come V02-20.;Aperto;wiki/reviews/audit-integrale-2026-10-02/VOL-02.md
P02-02;VOL-02;p.184, tavola obiettivo-risorsa-responsabile-indicatore;Impaginazione;media;Le celle spezzano parole senza sillabazione: «Document/i interessat/i», «Responsa/bile», «investimento» e «manutenzione» con una lettera su nuova riga.;"Ribilanciare colonne, abbreviare le intestazioni e usare interruzioni linguistiche; se necessario dividere la tavola in due tabelle coordinate.";Aperto;wiki/reviews/audit-integrale-2026-10-02/PDF-VOL-02.md
P02-04;VOL-02;p.730, ultima pagina capitolo 39;Paginazione;media;Una pagina intera contiene soltanto «procedure e modulistica dell’ente, verificate rispetto alla disciplina vigente».;"Ricondurre l’ultimo punto elenco alla pagina precedente intervenendo su spaziature o blocchi indivisibili; controllare analoghi finali brevi nelle altre sezioni.";Aperto;wiki/reviews/audit-integrale-2026-10-02/PDF-VOL-02.md
P02-05;VOL-02;"pp.315 e 580, figure 18.1 e 30.1; tutti i 10 asset";Leggibilità delle figure;media;"Le etichette secondarie risultano molto più piccole del testo del manuale; titoli gialli su fondi chiari hanno contrasto debole. Il largo spazio vuoto non si traduce in caratteri più leggibili.";Ridisegnare le tavole per la misura effettiva nel libro: aumentare corpo e contrasto, ridurre spazi vuoti, verificare una prova in scala reale e in grigio.;Aperto;wiki/reviews/audit-integrale-2026-10-02/PDF-VOL-02.md
P02-06;VOL-02;p.27, Riferimenti consolidati e Note di review;Apparati;media;Restano etichette interne come «Template Bando Decoder Metodo Bando», «Logica Volumi Copertura Concorsobook V4» e il titolo «NOTE DI REVIEW». Non sono riferimenti bibliografici recuperabili dal lettore.;"Trasformare i riferimenti utili in citazioni o rinvii leggibili e rinominare l’avvertenza per il lettore; escludere i riferimenti di lavorazione. Riscontro grafico dei rilievi testuali sugli apparati.";Aperto;wiki/reviews/audit-integrale-2026-10-02/PDF-VOL-02.md
P02-09;VOL-02;"p.584, figura 30.3; asset 03-sistema-camerale-unioncamere.png";Coerenza grafica;media;La nota dice che la rete non è un comando gerarchico semplice, ma Unioncamere è in alto con frecce discendenti verso tutti gli enti, senza legenda sui rapporti.;Rappresentare una rete con collegamenti etichettati (rappresentanza, raccordo, servizi condivisi), evitando che la sola freccia verticale suggerisca subordinazione.;Aperto;wiki/reviews/audit-integrale-2026-10-02/PDF-VOL-02.md
V02-01;VOL-02;[1](../../../wiki/books/vol-02-enti-locali-polizia-locale/chapters/01-come-usare-vol-02-insieme-a-vol-01.md) — M-FL03;Contenuto e coerenza didattica;media;«resta da validare prima della scrittura definitiva»: Stato redazionale superato rispetto ai cinque capitoli camerali presenti.;Sostituire con descrizione attuale del percorso camerale e dei suoi destinatari.;Aperto;wiki/reviews/audit-integrale-2026-10-02/VOL-02.md
V02-02;VOL-02;"[3](../../../wiki/books/vol-02-enti-locali-polizia-locale/chapters/03-piano-30-60-90-giorni-vol-02.md), [50](../../../wiki/books/vol-02-enti-locali-polizia-locale/chapters/50-simulazione-finale-vol-02.md) — Diario; correzione simulazione";Contenuto e coerenza didattica;media;«Tornare alla source note»: Il lettore viene rinviato a un documento interno invece che a una fonte accessibile.;Indicare norma o fonte ufficiale puntuale, oppure capitolo e paragrafo consultabili.;Aperto;wiki/reviews/audit-integrale-2026-10-02/VOL-02.md
V02-03;VOL-02;"[4](../../../wiki/books/moduli/m-fl01-comuni-unioni/chapters/01-tuel-operativo-autonomia-organi-funzioni-comune.md) — Sindaco; tabella fonti";Contenuto e coerenza didattica;media;"«presiede la Giunta, salvo»: L’eccezione sul presidente del Consiglio è collocata nella frase sulla Giunta; le funzioni statali sono ricondotte al solo art.50.";"Separare presidenza della Giunta e del Consiglio; citare art.54 per il sindaco ufficiale del Governo.";Aperto;wiki/reviews/audit-integrale-2026-10-02/VOL-02.md
V02-07;VOL-02;"[8](../../../wiki/books/moduli/m-fl01-comuni-unioni/chapters/05-procedimento-locale-protocollo-albo-urp-accesso.md), [11](../../../wiki/books/moduli/m-fl01-comuni-unioni/chapters/08-welfare-locale-servizi-sociali-isee-minori-servizi-educativi.md) — Caso contributi; pubblicazione";Contenuto e coerenza didattica;media;«dati personali»: Minimizzazione generica insufficiente per contributi che rivelano disagio economico-sociale.;"Esplicitare divieto di pubblicare identificativi nei casi art.26c4 D.Lgs.33/2013; distinguere comunicazione al beneficiario e pubblicazione.";Aperto;wiki/reviews/audit-integrale-2026-10-02/VOL-02.md
V02-08;VOL-02;[9](../../../wiki/books/moduli/m-fl01-comuni-unioni/chapters/06-servizi-digitali-comunali-cad-anpr-gestione-documentale.md) — Apertura;Contenuto e coerenza didattica;media;«producono effetti amministrativi soltanto se»: Si fa dipendere ogni effetto del file/email da tutti gli adempimenti di conservazione e sicurezza.;"Distinguere efficacia e valore probatorio ex CAD20/22/23 da obblighi organizzativi di gestione e conservazione; definire documento informatico.";Aperto;wiki/reviews/audit-integrale-2026-10-02/VOL-02.md
V02-12;VOL-02;[12](../../../wiki/books/moduli/m-fl01-comuni-unioni/chapters/09-programmazione-integrata-comunale-dup-bilancio-peg-piao-performance.md) — N05 PIAO;Contenuto e coerenza didattica;media;"«disciplina introdotta nel 2022»: Istituzione2021 e attuazione2022 confuse; oltre/meno50 lascia fuori50.";"Indicare DL80/2021 art.6 e attuazione2022; confrontare le locuzioni meno di50 del DM132 e non più di50 del DPR81, esplicitando il caso di50 con fonte interpretativa invece di lasciarlo irrisolto. Fonti: [ufficiale1](https://funzionepubblica.gov.it/it/il-dipartimento/documentazione/autorizzazioni-a-bandire-e-ad-assumere/2023/versione-testuale/dpcm-11-maggio-2023/)";Aperto;wiki/reviews/audit-integrale-2026-10-02/VOL-02.md
V02-15;VOL-02;[15](../../../wiki/books/moduli/m-fl01-comuni-unioni/chapters/12-procurement-operativo-ufficio-comunale.md) — MePA;Contenuto e coerenza didattica;media;«lavori di manutenzione»: Descrizione non aggiornata all’apertura a costruzione e manutenzione dal2022.;"Aggiornare oggetto dei bandi lavori, evitando soglie desunte dalla notizia2023; inserire raccordo concreto con art.192 TUEL e capitolo base. Fonti: [ufficiale1](https://www.consip.it/notizie-e-comunicati/lofferta-per-i-lavori-pubblici-sui-mercati-telematici-consip)";Aperto;wiki/reviews/audit-integrale-2026-10-02/VOL-02.md
V02-18;VOL-02;[16](../../../wiki/books/moduli/m-fl01-comuni-unioni/chapters/13-territorio-patrimonio-edilizia-lavori-interfaccia-amministrativa.md) — Caso tetto pericolante;Contenuto e coerenza didattica;media;«lavori»: Il caso urgente non sviluppa il ramo della somma urgenza, decisivo se i presupposti sono presenti.;Aggiungere biforcazione intervento ordinario/somma urgenza art.140 D.Lgs.36 e art.191c3 TUEL con condizioni, competenze e copertura.;Aperto;wiki/reviews/audit-integrale-2026-10-02/VOL-02.md
V02-19;VOL-02;"[17](../../../wiki/books/moduli/m-fl01-comuni-unioni/chapters/14-laboratorio-teorico-pratico-profili-comunali.md) — Autovalutazione; N07";Contenuto e coerenza didattica;media;"«oltre16; capitolo10»: Otto criteri0–2 danno massimo16; fascia oltre16 impossibile. Rinvio al bilancio punta alla gestione.";"Portare tutte le fasce nel dominio0–16; rinviare alla programmazione cap09; bando normativo→quadro normativo; RUP o responsabile progetto→RUP.";Aperto;wiki/reviews/audit-integrale-2026-10-02/VOL-02.md
V02-23;VOL-02;[21](../../../wiki/books/moduli/m-fl02-regioni-province-citta-metropolitane/chapters/04-procedimenti-atti-organizzazione-amministrativa-regionale.md) — Mini-esercizio di ordinamento;Contenuto e coerenza didattica;media;«liquidazione del saldo»: Soluzione classifica invece di ordinare e può collocare saldo prima della verifica della rendicontazione.;"Fornire sequenza esplicita subordinando liquidazione ai presupposti verificati; uniformare imperativi indica/distingui/individua.";Aperto;wiki/reviews/audit-integrale-2026-10-02/VOL-02.md
V02-29;VOL-02;"[25](../../../wiki/books/moduli/m-fl02-regioni-province-citta-metropolitane/chapters/08-pnrr-territoriale-regis-dnsh-controlli.md) — Q6; quadro2026; fonti";Contenuto e coerenza didattica;media;"«fonti incompatibili»: Doppio finanziamento legato alla compatibilità delle fonti anziché alla medesima quota/costo; aggiornamento2026 non tradotto in scadenze e fonti puntuali.";"Riformulare Q6 sulla stessa spesa; inserire Reg2021/241, tassonomia2020/852, circolare/guida DNSH vigente e calendario RRF con data di verifica.";Aperto;wiki/reviews/audit-integrale-2026-10-02/VOL-02.md
V02-34;VOL-02;[29](../../../wiki/books/moduli/m-fl02-regioni-province-citta-metropolitane/chapters/12-laboratorio-profili-regionali-area-vasta.md) — Laboratorio4;Contenuto e coerenza didattica;media;"«ReGiS; DNSH»: Il finanziamento è genericamente europeo ma la soluzione impone strumenti PNRR.";Dichiarare espressamente ipotesi PNRR oppure offrire rami coesione/PNRR con strumenti appropriati.;Aperto;wiki/reviews/audit-integrale-2026-10-02/VOL-02.md
V02-38;VOL-02;[30](../../../wiki/books/moduli/m-fl03-camere-commercio/chapters/01-camere-commercio-sistema-camerale-unioncamere.md), [34](../../../wiki/books/moduli/m-fl03-camere-commercio/chapters/05-laboratorio-bando-camerale.md), [35](../../../wiki/books/moduli/m-fl04-polizia-locale/chapters/01-diventare-agente-ufficiale-polizia-locale.md) — Campione e caso accesso;Contenuto e coerenza didattica;media;"«campione reale»: Bandi dichiarati reali ma non rintracciabili dal corpo; caso dati concorrente non distingue consultazione Registro pubblico e accesso al fascicolo.";"Citare ente/data/profilo/ID o qualificare caso composito; esplicitare i due regimi nel caso camerale.";Aperto;wiki/reviews/audit-integrale-2026-10-02/VOL-02.md
V02-50;VOL-02;[47](../../../wiki/books/moduli/m-fl04-polizia-locale/chapters/13-sinistri-rilievi-gestione-prova.md) — Sinistri e gestione della prova;Contenuto e coerenza didattica;media;«rilievi»: Metodo utile ma senza esempio misurato/diagramma e ramo penale concretamente risolto.;"Aggiungere scenario con croquis, quote e fonti dichiarate, distinguendo dichiarato/accertato; raccordare lesioni/omicidio stradale e guida alterata ai presupposti vigenti.";Aperto;wiki/reviews/audit-integrale-2026-10-02/VOL-02.md
V02-51;VOL-02;[48](../../../wiki/books/moduli/m-fl04-polizia-locale/chapters/14-ufficiale-pl-comando-contenzioso-emergenze.md) — Comando, turni e quiz;Contenuto e coerenza didattica;media;"«Solo di notte»: Turni senza regole contrattuali concrete; distrattori talvolta palesemente assurdi riducono la verifica.";"Integrare orario/riposi e rapporto comandante-sindaco L65art9; sostituire distrattori con errori plausibili. Date CCNL23feb2026 confermate, non correggerle. Fonti: [ufficiale1](https://www.aranagenzia.it/novita/ccnl-comparto-funzioni-locali-triennio-2022-2024/), [ufficiale2](https://www.aranagenzia.it/novita/sottoscritto-il-ccnl-dellarea-funzioni-locali-triennio-2022-2024/)";Aperto;wiki/reviews/audit-integrale-2026-10-02/VOL-02.md
V02-52;VOL-02;[51](../../../wiki/books/vol-02-enti-locali-polizia-locale/chapters/51-conclusione-vol-02.md) — Conclusione;Contenuto e coerenza didattica;media;"«quarantasei capitoli isolati»: Il volume contiene51capitoli;46sono i soli specialistici.";Scrivere51capitoli oppure46capitoli specialistici più percorso introduttivo, simulazione e conclusione.;Aperto;wiki/reviews/audit-integrale-2026-10-02/VOL-02.md
V02-FM1;VOL-02;[05-premessa.md](../../../wiki/books/vol-02-enti-locali-polizia-locale/front-matter/05-premessa.md) — Destinatari;Coerenza apparati;media;«se confermato nel perimetro commerciale»: Persistente dubbio redazionale sulla presenza delle Camere di commercio, già incluse.;Presentare direttamente i destinatari camerali e il modulo attuale.;Aperto;wiki/reviews/audit-integrale-2026-10-02/VOL-02.md
V02-FM3;VOL-02;[06-indice.md](../../../wiki/books/vol-02-enti-locali-polizia-locale/front-matter/06-indice.md) — Numerazione pianificata;Coerenza apparati;media;"«1–50»: Indice sorgente non include51 e sequenzeFL03/FL04 obsolete; file dichiara generazione automatica, quindi non è ancora errore PDF accertato.";"Riconciliare pianificazione51capitoli conFL03=30–34,FL04=35–49; verificare effettivo indice esportato.";Aperto;wiki/reviews/audit-integrale-2026-10-02/VOL-02.md
V02-FM4;VOL-02;[04-m-fl03-frontespizio-sommario-da-validare.md](../../../wiki/books/vol-02-enti-locali-polizia-locale/modules/04-m-fl03-frontespizio-sommario-da-validare.md) — Stato e sommario;Coerenza apparati;media;"«prima della pubblicazione»: Frontespizio interno conserva validazione e numerazione45–49 superate; corrispondenteFL04usa30–44.";"Aggiornare entrambi i sommari sorgente; eliminare stato di lavorazione dall’eventuale corpo esportato dopo il controllo renderer.";Aperto;wiki/reviews/audit-integrale-2026-10-02/VOL-02.md
P02-03;VOL-02;p.148, apertura capitolo 11;Gerarchia dei titoli;lieve;Il titolo Welfare locale… compare due volte consecutive, nero grande e bordeaux, prima di Obiettivo del capitolo. Il modello ricorre in altre aperture.;Eliminare il duplicato sorgente/renderizzato e conservare un solo titolo di capitolo.;Aperto;wiki/reviews/audit-integrale-2026-10-02/PDF-VOL-02.md
P02-08;VOL-02;"Figure 18.2, 18.3, 18.5, 30.2, 30.4; PNG originali";Ortografia nelle figure;lieve;Gli asset perdono accenti: «Sussidiarieta», «Citta», «prossimita», «legalita», «pubblicita», «unita», «e» al posto di «è» in frasi complete.;"Correggere le stringhe delle figure e preservare UTF-8 e caratteri accentati in generazione; rileggere gli asset, non solo le didascalie.";Aperto;wiki/reviews/audit-integrale-2026-10-02/PDF-VOL-02.md
V02-53;VOL-02;[18](../../../wiki/books/moduli/m-fl02-regioni-province-citta-metropolitane/chapters/01-il-sistema-territoriale-multilivello.md), [22](../../../wiki/books/moduli/m-fl02-regioni-province-citta-metropolitane/chapters/05-programmazione-bilancio-controlli-regionali.md), [23](../../../wiki/books/moduli/m-fl02-regioni-province-citta-metropolitane/chapters/06-tecnica-legislativa-air-vir-drafting.md), [25](../../../wiki/books/moduli/m-fl02-regioni-province-citta-metropolitane/chapters/08-pnrr-territoriale-regis-dnsh-controlli.md), [28](../../../wiki/books/moduli/m-fl02-regioni-province-citta-metropolitane/chapters/11-contratti-servizi-pubblici-locali-societa-partecipate.md), [34](../../../wiki/books/moduli/m-fl03-camere-commercio/chapters/05-laboratorio-bando-camerale.md), [35](../../../wiki/books/moduli/m-fl04-polizia-locale/chapters/01-diventare-agente-ufficiale-polizia-locale.md), [46](../../../wiki/books/moduli/m-fl04-polizia-locale/chapters/12-ambiente-rifiuti-rumore-tutela-locale.md) — Refusi puntuali e ripetuti;Forma;lieve;"«usera’; E responsabile; l’utente necessità»: Accenti mancanti e parole errate.";"userà; quali documenti provano; a che cosa serve; Ambiguità; è/È in FL02/08; eseguirà/in sé/è coerente inFL02/11; utente necessita e segnalalo inFL03/05; lavorerà; rifiuti rimossi o area bonificata, non area rimossa.";Aperto;wiki/reviews/audit-integrale-2026-10-02/VOL-02.md
V02-54;VOL-02;[38](../../../wiki/books/moduli/m-fl04-polizia-locale/chapters/04-servizi-polizia-stradale.md), [41](../../../wiki/books/moduli/m-fl04-polizia-locale/chapters/07-polizia-giudiziaria-atti-essenziali.md), [42](../../../wiki/books/moduli/m-fl04-polizia-locale/chapters/08-tulps-pubblica-sicurezza-immigrazione.md), [43](../../../wiki/books/moduli/m-fl04-polizia-locale/chapters/09-sicurezza-urbana-ordinanze-coordinamento.md), [44](../../../wiki/books/moduli/m-fl04-polizia-locale/chapters/10-commercio-pubblici-esercizi-suap.md), [45](../../../wiki/books/moduli/m-fl04-polizia-locale/chapters/11-vigilanza-edilizia-procedimenti-repressivi.md), [47](../../../wiki/books/moduli/m-fl04-polizia-locale/chapters/13-sinistri-rilievi-gestione-prova.md), [48](../../../wiki/books/moduli/m-fl04-polizia-locale/chapters/14-ufficiale-pl-comando-contenzioso-emergenze.md), [49](../../../wiki/books/moduli/m-fl04-polizia-locale/chapters/15-laboratorio-atti-verbali-polizia-locale.md) — Titoli e alternativequiz;Forma;lieve;"«###6.; tre alternative»: Numerazione isolata; quiz a3o4 alternative e disposizioni variabili, punteggiatura finale incoerente.";"Uniformare stile scelto o dichiarare consapevolmente formati diversi; correggere numerazione isolata e punteggiatura C/D nei quiz edilizia/sinistri.";Aperto;wiki/reviews/audit-integrale-2026-10-02/VOL-02.md
V03-001;VOL-03;"fc02/05b, Apertura; mappa articoli; caso Omega; quiz 1";Normativa;bloccante;«applicabile dal 1 gennaio 2026»: Il TU giustizia tributaria è presentato come disciplina applicabile nel 2026. La decorrenza è stata rinviata al 1 gennaio 2027. Errore propagato dalla source note e dalle matrici.;"Rifondare il capitolo sulla disciplina 2026 dei d.lgs. 545/546 del 1992, coordinata alle modifiche vigenti; ricontrollare tutti i riferimenti, caso e quiz; separare prospetto 2027. Fonti: TU.";Proposta, non applicata;wiki/reviews/audit-integrale-2026-10-02/VOL-03.md
V03-015;VOL-03;fc 03/*, Verifica e caso ragionato di chiusura di tutti 19 file;Verifiche;bloccante;"«individuare fonte, ambito e funzione»: 114 domande finali: sei scheletri con risposte identiche in 19 capitoli; identico caso conclusivo. Non verificano i nuclei dichiarati. Esempio F: obbligazioni e sicurezza sul lavoro sinonimi?";"Sostituire con domande effettive per materia, soluzioni applicate e casi autosufficienti; associare ogni verifica a un nucleo reale, senza moltiplicare il conteggio in matrice.";Proposta, non applicata;wiki/reviews/audit-integrale-2026-10-02/VOL-03.md
V03-016;VOL-03;"fc03/03, Intero capitolo; raccordo glossario B";Copertura;bloccante;«previdenza, servizi e prestazioni»: Manca la teoria specialistica promessa per pensioni, ammortizzatori, invalidità, ISEE, contribuzione. Privacy e sportello occupano il posto di requisiti, istituti e distinzioni.;"Sviluppare nuclei autonomi: art 38, previdenza/assistenza, rapporto contributivo, automaticità, pensioni, sostegni, invalidità, ISEE/DSU; casi e quiz specifici. Dati quantitativi con data/fonte, non omissione generalizzata.";Proposta, non applicata;wiki/reviews/audit-integrale-2026-10-02/VOL-03.md
V03-017;VOL-03;"fc03/04, Infortunio, malattia e prestazioni; anche appendice B";Copertura;bloccante;"«Evento dannoso collegato»: Non sono spiegati causa violenta/occasione di lavoro, differenza causale della malattia professionale, prestazioni, premi e automaticità; il glossario non colma il vuoto.";Integrare presupposti e soggetti assicurati, in itinere, malattie tabellate/non, prestazioni economiche/sanitarie, danno biologico e automaticità con limiti. Fonti: INAIL.;Proposta, non applicata;wiki/reviews/audit-integrale-2026-10-02/VOL-03.md
V03-018;VOL-03;"fc03/appendice-a, Poteri, verbale, contraddittorio; confronto appendice E";Copertura;bloccante;«non deve memorizzare un catalogo indistinto di poteri»: Appendice prevalentemente metodologica: poteri, atti, diffide, rimedi e competenze non insegnati. Appendice E afferma che basta per il profilo vigilanza.;"Sviluppare sequenza e basi d.lgs. 124/2004 e 149/2015 aggiornate, verbali, diffida, conciliazione, recuperi, sanzioni e tutele; oppure ridimensionare esplicitamente promessa ispettiva e fornire destinazione completa.";Proposta, non applicata;wiki/reviews/audit-integrale-2026-10-02/VOL-03.md
P03-01;VOL-03;"Indice PDF pp. 6–9; dettaglio p. 6";Leggibilità;grave;Le voci minute dell'indice sono a circa 6,75 pt, inferiori alla gerarchia di collana. L'ingrandimento sullo schermo non risolve la lettura alla dimensione stampata.;Ridistribuire l'indice su più pagine e usare corpo coerente con la soglia editoriale per gli apparati. Verificare alla dimensione finale.;Aperto;wiki/reviews/audit-integrale-2026-10-02/PDF-VOL-03.md
P03-02;VOL-03;PDF pp. 161, 177 e 459;Tabelle e workbook;grave;Le tabelle a otto/dieci colonne producono spezzature «organizz/azione», «amminist/rativo», «Nuov/o outpu/t». Il diario a p. 177 offre solo una striscia vuota, insufficiente per una compilazione reale.;"Trasformare le matrici larghe in schede verticali o due blocchi collegati; assegnare larghezze e spazio di scrittura effettivi. Non ridurre ulteriormente il font.";Aperto;wiki/reviews/audit-integrale-2026-10-02/PDF-VOL-03.md
P03-04;VOL-03;M-FC02: appendici p. 435, sanzioni p. 462, tutela p. 476;Ordine didattico;grave;I capitoli sorgente 05a e 05b sono collocati dopo le appendici 14, anziché vicino ad accertamento e tutela. Il medesimo ordine compare nell'export corrente.;"Usare una chiave di ordinamento che riconosca i suffissi alfabetici, collocare 05a/05b dopo 05 e prima di 06; riallineare numerazione globale, indice, figure e rinvii.";Aperto;wiki/reviews/audit-integrale-2026-10-02/PDF-VOL-03.md
P03-05;VOL-03;"Figure 61 e 66 del manifest; chapter-13/01 e chapter-14/01";Coerenza BANDO e appendici;grave;La figura 61 sostituisce Bando/Aree/Diario con Prova/Materie/Errori. La figura 66 associa A a reati, B a UE e C a privacy, mentre nel testo le appendici A/B/C sono glossario/tavole di confronto/scadenziario.;"Ripristinare i nomi canonici BANDO; ricostruire le associazioni delle appendici sulla struttura realmente pubblicata. Propagare l'intervento anche alle figure 67 e 70 quando richiamano le stesse classificazioni.";Aperto;wiki/reviews/audit-integrale-2026-10-02/PDF-VOL-03.md
V03-002;VOL-03;"fc03/08, CCNL; riga 105";Aggiornamento;grave;«il contratto definitivo di riferimento»: Il testo presenta il 2025–2027 soltanto come ipotesi 9 giugno. Firma definitiva 6 agosto 2026, prima del cut-off dichiarato 22 agosto. Stesso errore nella source note ARAN.;Aggiornare cronologia e istituti interessati al testo definitivo, conservando distinte decorrenze e contratti precedenti. Fonti: ARAN.;Proposta, non applicata;wiki/reviews/audit-integrale-2026-10-02/VOL-03.md
V03-003;VOL-03;"fc01/09, Nucleo gestione; definizione residui";Contabilità;grave;«residui attivi»: La definizione accertati non riscossi omette, nel bilancio dello Stato, le somme riscosse non versate.;Integrare entrambe le componenti e un esempio: 100 accertati, 80 riscossi, 60 versati producono 40 residui (20+20). Fonti: RGS.;Proposta, non applicata;wiki/reviews/audit-integrale-2026-10-02/VOL-03.md
V03-004;VOL-03;fc02/05, Tabella tutela cautelare riga 167;Normativa;grave;«grave o irreparabile»: La congiunzione alternativa altera il requisito cumulativo della sospensione.;"Scrivere grave e irreparabile, collegando fumus e periculum alla fase e alla norma applicabile; ricercare la stessa locuzione nel volume. Fonti: CAUTELA.";Proposta, non applicata;wiki/reviews/audit-integrale-2026-10-02/VOL-03.md
V03-005;VOL-03;"fc02/08, Territorio/status; riga 81";Dogane;grave;«vengono vincolate a un altro regime»: Il vincolo a un altro regime non determina in generale la cessazione della vigilanza sulle merci non unionali.;"Allineare al CDU 134: mutamento posizione doganale, uscita o distruzione; esplicitare persistenza nei regimi speciali. Fonti: CDU.";Proposta, non applicata;wiki/reviews/audit-integrale-2026-10-02/VOL-03.md
V03-006;VOL-03;"fc02/08, Fonti; riga 70";Dogane;grave;«per le disposizioni non superate»: Formula che lascia indeterminata una sopravvivenza del DPR 43/1973 dopo abrogazione.;Indicare abrogazione disposta dal d.lgs. 141/2024, distinguendo eventuali vicende pregresse/transitorie puntuali dalla disciplina corrente. Fonti: DOGANE.;Proposta, non applicata;wiki/reviews/audit-integrale-2026-10-02/VOL-03.md
V03-007;VOL-03;fc02/08, Rettifica della dichiarazione;Dogane;grave;«rettifica»: La spiegazione arresta la rettifica alla fase anteriore allo svincolo, omettendo la possibilità successiva.;"Aggiungere CDU 173 (3), richiesta entro tre anni e relativi presupposti; distinguere rettifica/invalidamento. Fonti: RETTIFICA.";Proposta, non applicata;wiki/reviews/audit-integrale-2026-10-02/VOL-03.md
V03-008;VOL-03;fc02/08, Caso componenti elettronici Cina/Turchia;Dogane;grave;«Turchia»: Il caso orienta alla preferenza di origine senza distinguere la libera pratica nell’unione doganale UE-Turchia per merci industriali.;"Riformulare fatti e soluzione distinguendo origine, provenienza, libera pratica e A.TR; verificare eventuali misure legate all’origine. Fonti: TURCHIA.";Proposta, non applicata;wiki/reviews/audit-integrale-2026-10-02/VOL-03.md
V03-009;VOL-03;fc02/14, Glossario riga 144;Terminologia;grave;«in proprio nome o per conto altrui»: La definizione di dichiarante include indistintamente il rappresentante diretto, in contrasto con la distinzione del cap 08.;"Definire chi presenta in nome proprio oppure la persona in nome della quale avviene la presentazione; esempio diretto/indiretto. Fonti: CDU.";Proposta, non applicata;wiki/reviews/audit-integrale-2026-10-02/VOL-03.md
V03-010;VOL-03;"fc02/09, Soggetti accise; riga 88";Accise;grave;«detenerli indefinitamente in sospensione»: L’avverbio suggerisce una facoltà di detenzione temporanea in sospensione del destinatario registrato.;Precisare divieto di detenzione in sospensione e momento di esigibilità al ricevimento, distinguendo depositario autorizzato. Fonti: DEST.;Proposta, non applicata;wiki/reviews/audit-integrale-2026-10-02/VOL-03.md
V03-012;VOL-03;"fc02/11, Immobilizzazioni; riga 177";Contabilità;grave;«Le immobilizzazioni sono iscritte al costo e ammortizzate»: Generalizzazione a tutte le immobilizzazioni, incluse quelle finanziarie e terreni.;"Limitare l’ammortamento alle immobilizzazioni materiali/immateriali con utilizzazione limitata nel tempo; distinguere costo, ammortamento e svalutazione.";Proposta, non applicata;wiki/reviews/audit-integrale-2026-10-02/VOL-03.md
V03-014;VOL-03;fc03/appendice-f, Reati contro PA;Normativa;grave;«Corruzione, concussione, peculato e abuso»: Abuso figura accanto ai reati senza qualificazione storica o chiarimento: induce a studiare l’abrogato art 323 come vigente.;Esplicitare abrogazione legge 114/2024 e distinguere le fattispecie vigenti pertinenti, incluso 314-bis se nel programma. Fonti: ABUSO.;Proposta, non applicata;wiki/reviews/audit-integrale-2026-10-02/VOL-03.md
V03-019;VOL-03;fc03/02, Organi, indirizzo e gestione;Copertura;grave;"«organi»: L’ordinamento INPS/INAIL è ridotto a categorie; non insegna denominazione/competenze degli organi e vigilanza ministeriale.";Inserire comparazione Presidente, CdA, CIV, DG, revisori, atti/competenze e vigilanza. Separare assetto stabile e nominativi mobili.;Proposta, non applicata;wiki/reviews/audit-integrale-2026-10-02/VOL-03.md
V03-020;VOL-03;fc03/06, Bilancio, patrimonio e controlli;Copertura;grave;«Bilancio dell’ente»: Nessuno sviluppo sufficiente degli strumenti contabili propri degli EPNE, delle fonti dedicate e delle competenze di adozione/approvazione.;"Integrare DPR 97/2003, raccordi armonizzazione e regolamenti INPS/INAIL; documenti preventivi/consuntivi e competenze, con esempio leggibile.";Proposta, non applicata;wiki/reviews/audit-integrale-2026-10-02/VOL-03.md
V03-021;VOL-03;fc03/appendice-f, Civile, processo civile, finanze, sicurezza;Copertura;grave;"«Elencarli non basta»: Il testo stesso afferma che elencare soggetti non basta, ma non attribuisce obblighi. Distinzioni civilistiche e tributarie spesso solo nominate; processo previdenziale assente.";"Spiegare distinzioni richieste e soggetti/obblighi essenziali 81/2008; fornire rinvii esatti al core dove completi; sviluppare il delta INAIL e il rito lavoro/previdenza.";Proposta, non applicata;wiki/reviews/audit-integrale-2026-10-02/VOL-03.md
V03-022;VOL-03;fc03/appendice-b, Voci premio e danno biologico;Glossario;grave;"«Concetto richiamato nel sistema INAIL»: Danno biologico non definito; premio descritto come termine legato al finanziamento. Il lettore non può imparare le due nozioni.";"Fornire definizioni sostanziali, presupposto/effetto ed esempio; distinguere automaticità delle prestazioni dall’assenza di istruttoria. Fonti: INAIL.";Proposta, non applicata;wiki/reviews/audit-integrale-2026-10-02/VOL-03.md
V03-024;VOL-03;"fc03/appendice-c, Schede CRI, ISTAT, ENEA, ASI; ricorrenze 01/10/12";Perimetro;grave;«natura giuridica»: La prudenza su CRI non comunica il dato giuridico essenziale. Gli enti di ricerca possono essere editorialmente affini, ma il personale amministrativo non diventa per questo Funzioni Centrali.;"Dichiarare CRI associazione di diritto privato dal 2016; distinguere natura, comparto e percorso editoriale. Inserire CCNQ per enti di ricerca e correggere aperture che includono tutti come EPNE FC. Fonti: CRI, CCNQ.";Proposta, non applicata;wiki/reviews/audit-integrale-2026-10-02/VOL-03.md
V03-025;VOL-03;fc 03/*, Titoli N-FC03-xx e sottotitoli;Struttura;grave;«Applicazione al profilo»: Segmentazione meccanica interrompe sottotitolo e paragrafo, domanda e soluzione: es.12 quiz 7, 10 Da sapere 5 righe, 11 caso 7. Le sezioni non corrispondono ai concetti della matrice.;"Riorganizzare confini in unità semantiche complete; poi riallineare ID, indice e matrice.";Proposta, non applicata;wiki/reviews/audit-integrale-2026-10-02/VOL-03.md
V03-026;VOL-03;"fc03/appendice-e, Quando un rinvio è sufficiente; tabella moduli";Rinvii;grave;«volume, capitolo e paragrafo»: Il testo prescrive rinvii precisi ma offre prevalentemente codici di modulo, senza destinazione per materia. Le promesse di sufficienza non sono comprovate.;"Mappare volumi disponibili e paragrafi verificati; indicare fuori perimetro per destinazioni non disponibili. Ridimensionare basta per vigilanza e contratti.";Proposta, non applicata;wiki/reviews/audit-integrale-2026-10-02/VOL-03.md
V03-027;VOL-03;fc02/05b, Ricorso, assistenza, competenza;Copertura;grave;«termini numerici»: Omissione deliberata di termini essenziali, soglia difesa personale e competenza territoriale rende incompleta la preparazione al processo.;"Inserire schema datato di termini/presupposti essenziali con verifiche di applicazione; dati mobili vanno qualificati e aggiornati, non rimossi.";Proposta, non applicata;wiki/reviews/audit-integrale-2026-10-02/VOL-03.md
V03-028;VOL-03;"fc02/05a, Reati tributari; responsabilità autore";Copertura;grave;"«struttura tipica»: Fattispecie nominate senza soglie/elementi sufficienti a distinguerle; mancano raccordi chiari sulla responsabilità delle persone giuridiche.";"Integrare tabella condotta, dolo, soglia, eventuali cause, tempo applicabile; responsabilità sanzionatoria enti; raccordo riforma 2024 e transizione TU 173/2027.";Proposta, non applicata;wiki/reviews/audit-integrale-2026-10-02/VOL-03.md
V03-029;VOL-03;fc02/05, Accertamento, contraddittorio e autotutela;Copertura;grave;"«presupposti»: Metodi analitico/induttivo/sintetico/d’ufficio non sviluppati; contraddittorio e autotutela restano generici, rinvio 05↔05B circolare.";"Sviluppare condizioni/limiti, garanzie, termini essenziali art 6-bis, autotutela 10-quater/quinquies con casi ed effetti; definire TCF e accesso collaborativo con quadro datato.";Proposta, non applicata;wiki/reviews/audit-integrale-2026-10-02/VOL-03.md
V03-030;VOL-03;fc02/06, Categorie reddituali e dichiarazioni;Copertura;grave;"«regole vigenti»: I criteri temporali e le modalità di determinazione sono spesso rinviati anziché insegnati; pensioni e cassa allargata non chiarite; dichiarazione tardiva priva del limite essenziale.";"Integrare tabella categoria/soggetti/base/criterio temporale; pensioni art 49, assimilati 50; criteri IRES fondamentali e soglie dichiarative con fonte/data.";Proposta, non applicata;wiki/reviews/audit-integrale-2026-10-02/VOL-03.md
V03-031;VOL-03;fc02/12, Obbligazioni, patologie contrattuali, società;Copertura;grave;«nullità»: Delegazione, espromissione, accollo e molte patologie/tipi societari nominati senza disciplina distintiva.;"Integrare presupposti/effetti ed esempi, responsabilità/onere/prescrizione, solidarietà e responsabilità tipi societari; oppure rinvio esatto a trattazione completa.";Proposta, non applicata;wiki/reviews/audit-integrale-2026-10-02/VOL-03.md
V03-038;VOL-03;fc01/09, Ciclo statale e controlli;Copertura;grave;«rendiconto»: Delta contabilità Stato incompleto: struttura legge bilancio, documenti programmazione, unità voto, composizione rendiconto e controlli/parificazione.;"Integrare scheda specialistica datata e casi; non limitarsi al ciclo generico del core.";Proposta, non applicata;wiki/reviews/audit-integrale-2026-10-02/VOL-03.md
V03-053;VOL-03;fc 03/*, Corpo e appendici E/F;Pulizia editoriale;grave;«prima della pubblicazione»: Source note, wiki, audit, decisioni aperte e istruzioni di redazione sono consegnate al lettore. AppendiceF dice che la scrittura pubblicabile deve ancora decidere il perimetro sociale.;"Trasferire backstage nei documenti staff; risolvere perimetro assistente sociale e rendere rinvii leggibili per il candidato.";Proposta, non applicata;wiki/reviews/audit-integrale-2026-10-02/VOL-03.md
V03-054;VOL-03;fc 02/*, Corpo cap 04/05B/14;Pulizia editoriale;grave;«source note»: Commenti su consolidamento fonti, review e apertura gap editoriali interrompono il libro.;"Sostituire con riferimenti bibliografici utili al lettore; conservare le istruzioni di produzione nei soli file interni.";Proposta, non applicata;wiki/reviews/audit-integrale-2026-10-02/VOL-03.md
V03-055;VOL-03;fc03/appendice-f, Simulazione mista dieci minuti;Esercizi;grave;«La seconda propone un inadempimento»: La simulazione descrive che cosa dovrebbe chiedere, senza fornire i fatti né vere domande e soluzioni.;Scrivere cinque tracce autosufficienti e correzioni per materia, con rubriche e tempi.;Proposta, non applicata;wiki/reviews/audit-integrale-2026-10-02/VOL-03.md
P03-03;VOL-03;"PDF p. 435; analoghi rinvii nelle appendici";Tabelle, figure e rimandi;media;"La riga Output della mappa appare separata dalle altre; la figura ripete una mappa molto simile con caratteri assai più piccoli. A p. 459 il rinvio è uno slug con frammento «#Struttura Della Risposta Orale», non una coordinata editoriale.";Tenere unita la mappa, conservare solo la rappresentazione didatticamente utile e convertire i rinvii in titolo, numero e pagina della versione finale.;Aperto;wiki/reviews/audit-integrale-2026-10-02/PDF-VOL-03.md
P03-06;VOL-03;Figure 22, 28, 33, 39, 58 e 63 del manifest;Significato delle frecce;media;"Le frecce trasformano categorie o alternative in apparenti sequenze obbligatorie: archiviazione → atto motivato; dichiarare → liquidare → versare; controllo fisico → AEO; pagamento → contabilità; AE → ADM → AdER. In particolare la figura 22 contraddice il proprio avviso «non ogni controllo produce un atto».";"Distinguere connettori di confronto e frecce temporali; usare ramificazioni per esiti alternativi. Dove si illustra un caso, dichiararne i presupposti; non presentare una sequenza universale.";Aperto;wiki/reviews/audit-integrale-2026-10-02/PDF-VOL-03.md
P03-07;VOL-03;Figure 12 e 70 del manifest;Classificazioni visuali;media;"«Profili» è allo stesso livello di AE/ADM/AdER sotto MEF; «AEO/EORI» è un unico riquadro descritto come affidabilità, pur essendo concetti distinti. Il disegno confonde categorie che la teoria deve separare.";"Separare organigramma e classificazione dei profili; dedicare riquadri distinti a identificazione EORI e status AEO, con funzione e collegamento corretti.";Aperto;wiki/reviews/audit-integrale-2026-10-02/PDF-VOL-03.md
V03-011;VOL-03;fc02/14, Glossario EMCS riga 105;Accise;media;«Sistema di controllo della circolazione in sospensione»: Definizione incompleta: dal 2023 comprende anche movimenti commerciali tra Stati UE di prodotti già immessi in consumo.;Ampliare definizione e raccordare cap 09 a e-DAS/e-SAD, destinatario/speditore certificato. Fonti: EMCS.;Proposta, non applicata;wiki/reviews/audit-integrale-2026-10-02/VOL-03.md
V03-013;VOL-03;"fc02/11, Rimanenze riga 175; margini riga 209";Contabilità;media;"«secondo costo e valore di realizzo»: Manca il criterio del minore; margine di struttura non distingue configurazione primaria e secondaria.";"Esplicitare minore tra costo e realizzo desumibile dal mercato; indicare formule delle due configurazioni e quella adottata.";Proposta, non applicata;wiki/reviews/audit-integrale-2026-10-02/VOL-03.md
V03-023;VOL-03;"fc03/appendice-b, Coppie da non confondere; domanda commissario";Concetti;media;"«Chiamare tutto genericamente ""previdenza""»: Contrapposizione INPS-previdenza/INAIL-assicurazione rischia di escludere INAIL dalla previdenza sociale. Prestazione non diritto automatico è ambiguo.";"Presentare l’assicurazione INAIL nel sistema di previdenza/protezione sociale; spiegare automaticità in senso tecnico e accertamento dei presupposti. Fonti: INAIL.";Proposta, non applicata;wiki/reviews/audit-integrale-2026-10-02/VOL-03.md
V03-032;VOL-03;fc02/03, Organi AE/ADM;Copertura;media;«direttore»: Quadro degli organi omette collegio dei revisori e funzioni, mentre per Ad ER elenco più completo.;"Completare confronto con fonti statutarie; separare organi necessari da uffici e nominativi.";Proposta, non applicata;wiki/reviews/audit-integrale-2026-10-02/VOL-03.md
V03-033;VOL-03;fc01/03, Aree e profili;Copertura;media;«aree»: Le quattro aree contrattuali non vengono nominate e spiegate nelle declaratorie essenziali.;"Aggiungere Operatori, Assistenti, Funzionari, Elevate professionalità con competenze/accesso; raccordare con CCNL vigente. Fonti: ARAN.";Proposta, non applicata;wiki/reviews/audit-integrale-2026-10-02/VOL-03.md
V03-034;VOL-03;fc01/05, Segretario generale e strutture missione;Copertura;media;"«Segretario generale»: Funzione generale troppo generica; non esplicitata durata strutture missione in rapporto al Governo.";"Sviluppare d.lgs. 303/1999 art 7–8, compiti e limiti; nominativi/assetti concreti separati dalla disciplina.";Proposta, non applicata;wiki/reviews/audit-integrale-2026-10-02/VOL-03.md
V03-035;VOL-03;fc01/06, Modelli organizzativi;Copertura;media;«direzioni generali»: Modelli presentati senza ruolo Segretario generale e limite di coesistenza col dipartimentale.;Integrare d.lgs. 300/1999 art 3/6 e confronto con compiti dei dipartimenti, verificando testo vigente.;Proposta, non applicata;wiki/reviews/audit-integrale-2026-10-02/VOL-03.md
V03-036;VOL-03;"fc01/07, Patrocinio; generale/distrettuali";Copertura;media;«secondo il perimetro stabilito»: Criterio di competenza e patrocinio obbligatorio/autorizzato insufficienti rispetto alla matrice completo.;"Precisare soggetti, competenza processuale/territoriale e fonti; conservare proporzione al profilo amministrativo.";Proposta, non applicata;wiki/reviews/audit-integrale-2026-10-02/VOL-03.md
V03-037;VOL-03;fc01/08, Struttura PIAO;Copertura;media;«struttura»: Schema concettuale non insegna le quattro sezioni formali e gli adempimenti fondamentali.;"Distinguere mappa didattica da DM 132/2022; aggiungere sezioni, durata/aggiornamento, competenze e rimando esatto al core.";Proposta, non applicata;wiki/reviews/audit-integrale-2026-10-02/VOL-03.md
V03-039;VOL-03;fc01/10, Acquisti ministeriali;Copertura;media;«Consip»: Obblighi specifici di acquisto centralizzato non sviluppati, soglie/procedure rinviate genericamente.;Esporre delta Ministeri e un rinvio preciso alla teoria del core, con controlli di soglia, strumenti e obblighi applicabili.;Proposta, non applicata;wiki/reviews/audit-integrale-2026-10-02/VOL-03.md
V03-040;VOL-03;"fc01/12, Ordine illegittimo; conflitto";Applicazione;media;"«coinvolge»: Soluzioni comportamentali non esplicitano rimostranza/conferma scritta e limite penale; conflitto richiede astensione oltre segnalazione.";"Integrare presupposti delle condotte e rinvii normativi; usare forma verbale coerente nelle istruzioni.";Proposta, non applicata;wiki/reviews/audit-integrale-2026-10-02/VOL-03.md
V03-041;VOL-03;fc03/11, Casi 1/3 e mini-atto;Applicazione;media;"«documento mancante»: Richiesta integrazione all’utente senza previo controllo acquisizione d’ufficio; mini-atto non specifica documento/termine perché traccia non li fornisce.";"Aggiungere verifica art 18 L 241/DPR 445 art 43; rendere caso autosufficiente e lasciare condizionati solo i dati davvero ignoti.";Proposta, non applicata;wiki/reviews/audit-integrale-2026-10-02/VOL-03.md
V03-042;VOL-03;"fc03/12, Riservatezza; conflitto interessi";Coerenza;media;"«non possono essere comunicati per telefono»: Divieto assoluto sul mezzo contraddice corretta verifica identità/titolo/canale negli scenari successivi; astensione enunciata ma non resa operativa.";"Riferire divieto al canale non autorizzato/non verificato; aggiungere astensione nei casi dovuti.";Proposta, non applicata;wiki/reviews/audit-integrale-2026-10-02/VOL-03.md
V03-043;VOL-03;fc02/07, Fermo;Precisione;media;"«libera disponibilità»: Descrizione del fermo patrimoniale imprecisa rispetto al divieto di circolazione; tutele/limiti restano poco determinati.";"Chiarire effetto proprio e presupposti, distinguendolo da ipoteca/espropriazione; aggiungere schema delle tutele con condizioni.";Proposta, non applicata;wiki/reviews/audit-integrale-2026-10-02/VOL-03.md
V03-044;VOL-03;fc02/10, Pubblicità e estimo;Precisione;media;"«nei casi previsti»: Efficacia costitutiva dell’iscrizione ipotecaria resta attenuata; procedimenti estimativi alternativi solo nominati.";"Esplicitare art 2808; per profili Territorio integrare almeno percorso/formula e caso dei metodi promessi o restringere promessa.";Proposta, non applicata;wiki/reviews/audit-integrale-2026-10-02/VOL-03.md
V03-045;VOL-03;fc02/13, Svolgimenti guidati righe 291/313/335;Markdown;media;"«**Svolgimento guidato»: Grassetto aperto in una riga e chiuso sulla successiva; intestazioni incoerenti e numerazione rinvii da ricontrollare.";"Chiudere il grassetto nella stessa riga e verificare rendering; mantenere titolo e soluzione uniti.";Proposta, non applicata;wiki/reviews/audit-integrale-2026-10-02/VOL-03.md
V03-046;VOL-03;fc 01/*, Mappe BANDO cap 09/11/12;Coerenza metodo;media;"«Decisione»: BANDO rimappato in alcuni capitoli: B Base normativa, A Attori, N Nessi, D Decisioni; cap 13 FC 02 usa D Domande.";"Mantenere espansione canonica Bando/Aree/Nuclei/Diario/Output; chiamare diversamente eventuale griglia analitica alternativa.";Proposta, non applicata;wiki/reviews/audit-integrale-2026-10-02/VOL-03.md
V03-047;VOL-03;fc02/13, Mappa BANDO;Coerenza metodo;media;«Domande»: La D viene usata come Domande anziché Diario.;Riallineare acronimo e distinguere il protocollo di soluzione.;Proposta, non applicata;wiki/reviews/audit-integrale-2026-10-02/VOL-03.md
V03-048;VOL-03;fc 01/*, Quiz/simulazioni soprattutto 10–14;Verifiche;media;"«Risposta corretta»: Molti distrattori caricaturali e risposta corretta più lunga; concentrazione lettereB/C. Soluzioni inline riducono simulazione autonoma.";"Rendere plausibili distrattori e uniformare lunghezze, bilanciare chiavi senza alterare commenti; separare fascicolo prova e correzione.";Proposta, non applicata;wiki/reviews/audit-integrale-2026-10-02/VOL-03.md
V03-049;VOL-03;fc03/12, Otto scenari situazionali;Verifiche;media;«Dire che non puoi fare nulla»: Chiavi C, B, B, C, B, C, C, C e commenti coerenti, ma alternative troppo evidentemente scorrette.;"Inserire condotte plausibili ma incomplete e motivare il confronto; eventuale ranking coerente con bando.";Proposta, non applicata;wiki/reviews/audit-integrale-2026-10-02/VOL-03.md
V03-052;VOL-03;fc 02/*, Correzione di bozze diffusa;Lingua;media;«stabilità»: Accenti/apostrofi incoerenti e sostituzioni errate: Sara per Sarà (cap 03), disciplina/funzione/priorità stabilità, operatore necessità, infiltra offerta (cap 09).;"Correggere in contesto: stabilita, necessita, sottopone a controlli; uniformare è/può/né/perché/qualità. Nessuna sostituzione globale cieca.";Proposta, non applicata;wiki/reviews/audit-integrale-2026-10-02/VOL-03.md
V03-050;VOL-03;fc01/15, Glossario e apparati;Apparati;lieve;"«quattro tabelle»: Conteggio non allineato alle cinque tabelle; rinvio a glossario per competenza/cassa non fornisce le voci; definizione organo da precisare.";"Aggiornare conteggi/rinvii e distinguere organo dall’ente cui si imputano gli effetti; fornire soluzione o destinazione per 100 domande aperte.";Proposta, non applicata;wiki/reviews/audit-integrale-2026-10-02/VOL-03.md
V03-051;VOL-03;fc03/13, Caso Luca riga 254;Refuso;lieve;"«l'l'INAIL»: Articolo duplicato; venerdi senza accento. Simulazione 10 scenari non individua banca di provenienza.";"Correggere articolo/accento; indicare gli scenari necessari e la destinazione degli ulteriori quesiti.";Proposta, non applicata;wiki/reviews/audit-integrale-2026-10-02/VOL-03.md
V03-056;VOL-03;fc03/appendice-c, Tavola confronto operativo;Coerenza;lieve;«ACI richiama mobilità»: CONI incluso in titolo e prime schede ma omesso nel confronto finale.;Completare riga/periodo CONI mantenendo omogenea la griglia.;Proposta, non applicata;wiki/reviews/audit-integrale-2026-10-02/VOL-03.md
V03-057;VOL-03;fc03/appendice-d, Diario errori documentali;Metodo;lieve;«si eliminano dal diario»: Eliminazione settimanale degli errori non ripetuti perde lo storico e contrasta con verifica in contesto nuovo del cap 13.;"Archiviare con stato/data/evidenza di recupero; eliminare solo duplicati, non la traccia.";Proposta, non applicata;wiki/reviews/audit-integrale-2026-10-02/VOL-03.md
P04-01;VOL-04;p.65, quiz 4–6 e continuazione quiz 3;Didattica dei quiz;grave;La risposta corretta e il commento sono stampati prima delle alternative: per il quiz 4 si legge già «B» prima dell’elenco A/B/C.;"Disporre domanda e alternative prima della soluzione; raccogliere le soluzioni commentate alla fine della verifica o in sezione separata.";Aperto;wiki/reviews/audit-integrale-2026-10-02/PDF-VOL-04.md
V04-02;VOL-04;"Cap.2, 12 — DIT e DGSIA; tabella strutture: «inclusa DGSIA»";Contenuto e apparati;grave;Il testo mantiene DGSIA come articolazione attuale del DIT senza spiegare la riorganizzazione. La pagina corrente elenca DGSAP, DGINFRA, DGSTAT e DGCOE.;"Aggiornare organigramma e competenze, qualificando DGSIA nelle fonti storiche; allineare indice e source notes. Fonti: [1](https://www.giustizia.it/giustizia/page/it/dipartimento_innovazione_tecnologica_della_giustizia)";Proposta, non applicata;wiki/reviews/audit-integrale-2026-10-02/VOL-04.md
V04-03;VOL-04;Cap.2, 3 — Competenze e uffici: «mappa»;Contenuto e apparati;grave;"Le strutture sono nominate ma manca una mappa studiabile di competenze, composizione e territorio; anche la doppia dirigenza resta generica.";"Integrare DAG/DOG e direzioni essenziali, uffici di merito e legittimità, GIP/GUP, assise e minorile; precisare funzioni del magistrato dirigente e dirigente amministrativo secondo D.Lgs.240/2006.";Proposta, non applicata;wiki/reviews/audit-integrale-2026-10-02/VOL-04.md
V04-04;VOL-04;"Cap.4, 17 — Quadro normativo, tabella, Da sapere, quiz4, diario; fonti: «non convertito»";Contenuto e apparati;grave;Il DL100/2026 è dichiarato decaduto. Risulta convertito dalla L.7 agosto2026 n.145, GU183 dell’8 agosto, già prima del cut-off dichiarato18 agosto. Il quiz4 insegna la risposta normativa errata.;"Correggere tutte le occorrenze, inclusi indice, pianificazione e fonti; verificare disposizioni coordinate e transitorie. Nel quiz4 la risposta alla conversione diventa A oppure riscrivere quesito e spiegazione con data esplicita. Fonti: [1](https://www.parlamento.it/841?shadow_atto_normativo_anno=2026), [2](https://www.normattiva.it/eli/id/2026/06/12/26G00119/ORIGINAL)";Proposta, non applicata;wiki/reviews/audit-integrale-2026-10-02/VOL-04.md
V04-06;VOL-04;Cap.5, 15 — Laboratori e toolkit: «scheda fascicolo»;Contenuto e apparati;grave;I modelli sono campi da compilare e istruzioni, senza dossier con dati o prodotto interamente compilato che mostri il livello atteso.;Fornire fascicolo fittizio, cronologia datata, distinzione fatti documentati/allegazioni, scheda causa, nota udienza e ricerca realmente compilate, seguite da esercizio e soluzione.;Proposta, non applicata;wiki/reviews/audit-integrale-2026-10-02/VOL-04.md
V04-07;VOL-04;Cap.6 — Termini, riti, impugnazioni: «Il capitolo non inserisce un elenco numerico di termini»;Contenuto e apparati;grave;Il delta processuale promesso non insegna termini e presupposti essenziali: citazione/ricorso, costituzione, verifiche preliminari, memorie, provvedimenti, riti e impugnazioni restano perlopiù etichette.;"Integrare flusso ordinario vigente con artt.166,171-bis,171-ter CPC, confronto rito ordinario/semplificato/lavoro e sentenza/ordinanza/decreto; calendario datato e caso risolto. Verificare ogni regola prima della scrittura, senza rinviare genericamente al base che non contiene questa materia.";Proposta, non applicata;wiki/reviews/audit-integrale-2026-10-02/VOL-04.md
V04-08;VOL-04;Cap.7 — Tabella uffici requirenti e caso notizia di reato: «UPP»;Contenuto e apparati;grave;"Si presuppone un UPP ordinario presso la Procura; art.1 D.Lgs.151 distingue strutture giudicanti e quelle presso Procura generale della Cassazione.";"Riformulare attività della Procura come segreteria del PM e collocare supporto UPP presso ufficio giudicante pertinente; se si intende un progetto particolare, identificarne la base normativa e organizzativa. Fonti: [1](https://def.finanze.it/DocTribFrontend/executePrintArticolo.do?articolo=Articolo+1&codiceOrdinamento=200000100000000&id=%7B234BC0D2-3D60-4CB6-B932-2819A9DD1184%7D)";Proposta, non applicata;wiki/reviews/audit-integrale-2026-10-02/VOL-04.md
V04-09;VOL-04;Cap.7 — Fasi, riti, termini: «prova penale sostanziale»;Contenuto e apparati;grave;"Mancano status indagato/imputato, garanzie, distinzione fascicolo PM/dibattimento, principali avvisi e riti con presupposti ed effetti; la locuzione citata confonde diritto sostanziale e processo.";"Integrare schede335/415-bis CPP, archiviazione richiesta dal PM e decisa dal giudice, riti alternativi e impugnazioni essenziali; correggere la locuzione e costruire una cronologia con date e atti.";Proposta, non applicata;wiki/reviews/audit-integrale-2026-10-02/VOL-04.md
V04-11;VOL-04;"Cap.8 — Registri; accesso; dati: «dati sensibili»";Contenuto e apparati;grave;"Registri e accesso processuale sono solo orientativi; manca applicazione concreta delle regole, mentre dati giudiziari e categorie particolari sono confusi nel lessico.";"Aggiungere registri civili e penali essenziali, esempi di iscrizione/correzione, art.76 disp.att.CPC e116 CPP; distinguere artt.9/10 GDPR e D.Lgs.51/2018 per trattamenti penali pertinenti.";Proposta, non applicata;wiki/reviews/audit-integrale-2026-10-02/VOL-04.md
V04-12;VOL-04;Cap.9 — Patrocinio a spese dello Stato: «limite reddituale»;Contenuto e apparati;grave;"Non si riporta alcuna soglia o calcolo; mancano reddito familiare, eccezioni, differenze civile/penale e competenze dell’ammissione.";"Indicare soglia verificata di13.659,64 euro del decreto22aprile2025, data e meccanismo di aggiornamento; aggiungere caso di calcolo familiare, condizioni ed effetti. Qualificare l’ammissione COA come anticipata e provvisoria. Fonti: [1](https://ca-bolzano.giustizia.it/resources/cms/documents/Decreto_adeguamento_limite_reddito.pdf)";Proposta, non applicata;wiki/reviews/audit-integrale-2026-10-02/VOL-04.md
V04-13;VOL-04;Cap.9 — Contributo, liquidazione, recupero e caso: «Si iscrive comunque»;Contenuto e apparati;grave;Il caso evita la decisione richiesta e il capitolo non insegna regole di iscrizione, esenzioni, calcolo del contributo, opposizione alla liquidazione e recupero.;"Inserire caso numerico e soluzione con rami pagamento/esenzione/patrocinio, aggiornando art.14 TUSG e istruzioni2025–2026; sviluppare termini e autorità per liquidazione e recupero. Verificare eventuale evoluzione costituzionale prima di fissare la regola sull’iscrizione.";Proposta, non applicata;wiki/reviews/audit-integrale-2026-10-02/VOL-04.md
V04-15;VOL-04;Cap.10 — Carichi pendenti, iscrizioni, art.25-bis: «datore di lavoro»;Contenuto e apparati;grave;"Mancano momento di assunzione della qualità di imputato, esempi di menzionabilità/eliminazione, validità; art.25-bis è trattato come possibilità senza evidenziare l’obbligo pertinente.";"Spiegare differenza da iscrizione335 CPP e dare esempi art.3/5/24 TUC; scheda obbligo del datore prima del rapporto con contatti diretti e regolari con minori, perimetro certificato e condizioni. Fonti: [1](https://www.giustizia.it/giustizia/it/mg_3_3_3.page?tab=w), [2](https://www.giustizia.it/giustizia/it/mg_3_3_7.page?tab=f)";Proposta, non applicata;wiki/reviews/audit-integrale-2026-10-02/VOL-04.md
V04-16;VOL-04;Cap.11 — Notificazioni, esecuzioni, laboratorio: «formule»;Contenuto e apparati;grave;"Le forme delle notificazioni e i presupposti dell’esecuzione vengono rinviati a manuali non identificati; non sono insegnati nuclei indispensabili per il profilo UNEP.";Sviluppare competenza territoriale, differenze artt.139/140/143 CPC, relata compilata, titolo e precetto, efficacia e termini essenziali, tipologie di pignoramento e492-bis. Dare verbale fittizio completo e caso con calendario.;Proposta, non applicata;wiki/reviews/audit-integrale-2026-10-02/VOL-04.md
V04-18;VOL-04;Cap.12 — Deposito civile e anomalie: «ricevute»;Contenuto e apparati;grave;"La sequenza delle quattro ricevute è corretta ma manca il collegamento alla regola di perfezionamento e alla scadenza del deposito; anomalie senza esempi tecnici interpretabili.";"Integrare art.196-sexies disp.att.CPC, ricevuta rilevante e termine giornaliero verificati; esempio con orari, WARN/ERROR/FATAL, conseguenza e condotta motivata.";Proposta, non applicata;wiki/reviews/audit-integrale-2026-10-02/VOL-04.md
V04-20;VOL-04;Cap.13 — Messa alla prova e misure di comunità: «misure di comunità»;Contenuto e apparati;grave;"Mancano presupposti, durata, autorità ed effetti di MAP minorile/adulti, inclusa estinzione del reato per esito positivo; misure penali di comunità non sviluppate.";"Aggiungere confronto28–29 DPR448 e168-bisCP/464-bis ss.CPP, limiti aggiornati, ruolo del lavoro di pubblica utilità; capacità penale per età, garanzie minorili e misure D.Lgs.121/2018 con caso.";Proposta, non applicata;wiki/reviews/audit-integrale-2026-10-02/VOL-04.md
V04-22;VOL-04;Cap.14 — Misure, benefici, reclami: «Non serve qui sviluppare tutte le soglie»;Contenuto e apparati;grave;"La rinuncia a presupposti e soglie lascia un elenco di misure non studiabile per il profilo giuridico-pedagogico; reclami non distinti per rimedio.";"Integrare tabella con contenuto, requisiti, autorità ed effetti di affidamento, detenzione domiciliare, semilibertà, liberazione anticipata, permessi e lavoro esterno; distinguere35-bis/35-ter e sviluppare un caso risolto.";Proposta, non applicata;wiki/reviews/audit-integrale-2026-10-02/VOL-04.md
V04-25;VOL-04;Cap.15 — Simulazione integrata e griglia: «simulazione»;Contenuto e apparati;grave;"Sei consegne generiche senza dossier né soluzioni specifiche; rubriche non ancorate a prestazioni. La somma dei punteggi20 è corretta, ma non consente correzione affidabile.";"Fornire documenti e dati, risposta modello per ogni consegna e descrittori di punteggio; conservare la griglia dopo taratura su soluzioni verificabili.";Proposta, non applicata;wiki/reviews/audit-integrale-2026-10-02/VOL-04.md
P04-02;VOL-04;p.152, tabella della sequenza operativa;Impaginazione;media;Le celle spezzano «Ricevuta/registr/o», «Cancelleria/UN/EP», «Traduzione/inte/rprete», «spese/magistrat/o». Non mancano lettere, ma la lettura è ostacolata.;"Ribilanciare le colonne e riscrivere le etichette lunghe; evitare interruzioni arbitrarie all’interno delle parole e degli acronimi.";Aperto;wiki/reviews/audit-integrale-2026-10-02/PDF-VOL-04.md
P04-04;VOL-04;pp.97, 300 e 303;Paginazione;media;Finali di capitolo occupati soltanto da pochi punti elenco o due brevi paragrafi, con quasi tutta la pagina vuota.;"Ricomporre i blocchi di chiusura e le spaziature, mantenendo insieme checklist e conclusione quando possibile; non ridurre indiscriminatamente il corpo del testo.";Aperto;wiki/reviews/audit-integrale-2026-10-02/PDF-VOL-04.md
V04-01;VOL-04;"Cap.1 — Mappa funzioni; Errore tipico: «funzione giurisdizionale; processo civile»";Contenuto e apparati;media;"L’esercizio dell’azione penale è ricondotto senza distinzione alla funzione giurisdizionale; l’esempio passa impropriamente dal civile al DAP.";"Distinguere funzione giudiziaria, giudicante e requirente; nell’esempio usare materia processuale o esplicitare il cambio di settore.";Proposta, non applicata;wiki/reviews/audit-integrale-2026-10-02/VOL-04.md
V04-05;VOL-04;Cap.4 — Struttura UPP e ruoli: «supporto»;Contenuto e apparati;media;"Non sono sviluppati composizione, costituzione e coordinamento dell’UPP; il personale AUPP rischia di essere identificato con l’intera struttura, che può comprendere magistrati onorari.";"Aggiungere scheda D.Lgs.151/2022 artt.1–4 e compiti per ambito; distinguere struttura, qualifica individuale e titolarità della decisione. Fonti: [1](https://def.finanze.it/DocTribFrontend/executePrintArticolo.do?articolo=Articolo+1&codiceOrdinamento=200000100000000&id=%7B234BC0D2-3D60-4CB6-B932-2819A9DD1184%7D)";Proposta, non applicata;wiki/reviews/audit-integrale-2026-10-02/VOL-04.md
V04-10;VOL-04;"Cap.8 — Forma della copia; Errore tipico: «semplice, autentica o esecutiva»";Contenuto e apparati;media;Residui della vecchia categoria esecutiva contraddicono il corretto aggiornamento sull’abolizione della formula esecutiva presente nello stesso capitolo.;Uniformare al regime vigente dell’art.475 CPC: copia attestata conforme nei casi previsti, distinguendo regime storico e transitorio.;Proposta, non applicata;wiki/reviews/audit-integrale-2026-10-02/VOL-04.md
V04-14;VOL-04;Cap.10 — Tabella casellario: «Persona o ente»;Contenuto e apparati;media;Il casellario della persona fisica viene sovrapposto all’anagrafe delle sanzioni amministrative dipendenti da reato degli enti, distinta correttamente più avanti.;Separare le due righe, soggetti, contenuti e prodotti certificativi.;Proposta, non applicata;wiki/reviews/audit-integrale-2026-10-02/VOL-04.md
V04-17;VOL-04;Cap.11 — Attività dell’ufficiale giudiziario: «offerte reali»;Contenuto e apparati;media;L’offerta reale è accostata alle esecuzioni senza chiarire che serve alla liberazione del debitore e alla mora del creditore.;Distinguere questa attività dall’espropriazione coattiva e precisarne finalità e presupposti essenziali.;Proposta, non applicata;wiki/reviews/audit-integrale-2026-10-02/VOL-04.md
V04-19;VOL-04;Cap.12 — Regole e strumenti digitali: «In prova non ti chiederanno»;Contenuto e apparati;media;"Previsione assoluta non fondata sul bando; RegIndE e differenze dei registri pubblici non sono abbastanza spiegati.";"Qualificare secondo tipo di prova; sciogliere RegIndE, distinguere INI-PEC/INAD/IPA e aggiungere fonti tecniche puntuali.";Proposta, non applicata;wiki/reviews/audit-integrale-2026-10-02/VOL-04.md
V04-21;VOL-04;Cap.13 — Mediazione e riparativa: «adeguatamente informati»;Contenuto e apparati;media;"La formazione del mediatore è espressa impropriamente come informazione; i programmi e le garanzie legali sono incompleti.";"Scrivere formati; precisare almeno due mediatori nei programmi ex art.53 D.Lgs.150, accesso, consenso, riservatezza e non valutazione negativa della mancata partecipazione; mantenere persona indicata come autore dell’offesa nei casi pendenti. Fonti: [1](https://pg-perugia.giustizia.it/cmsresources/cms/documents/D%20Lgsvo%202022%20150%20cpp.pdf)";Proposta, non applicata;wiki/reviews/audit-integrale-2026-10-02/VOL-04.md
V04-23;VOL-04;Cap.14 — Istituti, trattamento e definizioni: «sottoposto a misura di sicurezza»;Contenuto e apparati;media;"Internato è definito troppo ampiamente; istituti non distinti per funzione e procedura trattamentale priva dei principali passaggi normativi.";"Precisare misura di sicurezza detentiva; distinguere casa circondariale/reclusione, programma e approvazione, lavoro, disciplina e garanzie con fonti e regole applicabili.";Proposta, non applicata;wiki/reviews/audit-integrale-2026-10-02/VOL-04.md
V04-24;VOL-04;"Cap.14 — Giurisprudenza: «99/2019;253/2019;10/2024»";Contenuto e apparati;media;Le decisioni fungono da richiami a valori senza rendere abbastanza riconoscibili i rispettivi effetti operativi e i successivi mutamenti.;"Dedicare scheda problema/dispositivo/effetto per salute psichica, permessi per reati ostativi, affettività; verificare4-bis vigente e collegare rimedi concreti.";Proposta, non applicata;wiki/reviews/audit-integrale-2026-10-02/VOL-04.md
V04-26;VOL-04;Cap.17 — Apparato delle fonti: «Fonti e riferimenti essenziali»;Contenuto e apparati;media;"Mancano riferimenti centrali come D.Lgs.151/2022, codici processuali aggiornati, DPR448, D.Lgs.121 e DPR230; Torreggiani rinvia a comunicato anziché chiaramente alla sentenza.";"Completare bibliografia essenziale collegata ai capitoli e agli articoli; distinguere testo vigente, atto modificativo, sentenza e comunicato; inserire legge di conversione145/2026.";Proposta, non applicata;wiki/reviews/audit-integrale-2026-10-02/VOL-04.md
V04-27;VOL-04;Cap.1, 2, 3, 4, 5, 6, 7, 8, 9, 10, 11, 12, 13, 14 — Quiz dei14capitoli: «Risposta corretta: B»;Contenuto e apparati;media;"84 quiz con 61 chiavi B, 22 A e 1 C (chiavi stampate); cap.13 tutte B. Distrattori spesso assurdi o assoluti e risposte più caute individuabili senza conoscere la materia.";"Ribilanciare posizioni dopo revisione, creare distrattori plausibili e domande su regole realmente insegnate; correggere prima quiz4 del cap4.";Proposta, non applicata;wiki/reviews/audit-integrale-2026-10-02/VOL-04.md
V04-29;VOL-04;Cap.15, 16 — Rinvii al base e ponte magistratura: «M-SP03»;Contenuto e apparati;media;Diversi rinvii rimangono a codici o volumi interi, e le checklist finali attestano competenze non esercitate nel corpo.;"Indicare titolo commerciale e capitolo/paragrafo; rivalutare le competenze finali dopo integrazione, distinguendo livello base e avanzato.";Proposta, non applicata;wiki/reviews/audit-integrale-2026-10-02/VOL-04.md
P04-03;VOL-04;p.8, apertura capitolo 1;Gerarchia dei titoli;lieve;«Il sistema Giustizia visto dal candidato» è ripetuto in due titoli consecutivi, nero e bordeaux, separati soltanto dalla fascia BANDO.;"Conservare un unico titolo di capitolo e iniziare subito con il primo sottotitolo effettivo; verificare le altre aperture con lo stesso modello.";Aperto;wiki/reviews/audit-integrale-2026-10-02/PDF-VOL-04.md
V04-28;VOL-04;"Cap.5, 10, 11, 12, 13, 14, 15 — Refusi locali: «c’e; necessità; cioe; percio; meta; Distingue»";Contenuto e apparati;lieve;"Accenti e imperativi da uniformare; indice usa Perché apostrofato e tabelle Si senza accento.";"c’è, necessita, cioè, perciò, metà; Distingui nella scheda udienza; Perché e Sì dove richiesti. Ricontrollare le occorrenze esatte prima del passaggio tipografico.";Proposta, non applicata;wiki/reviews/audit-integrale-2026-10-02/VOL-04.md
P05-04;VOL-05;p.18, caso guidato, ripasso selettivo;Rinvii;grave;"È stampata la sequenza «su , e ;»: i rinvii mancanti del sorgente arrivano al lettore.";"Ripristinare capitoli e nuclei corretti con titolo e numero; controllare l’assenza di riferimenti vuoti in tutti i casi. Riscontro PDF di V05-01, non ulteriore errore normativo.";Aperto;wiki/reviews/audit-integrale-2026-10-02/PDF-VOL-05.md
P05-20;VOL-05;"Figure 6–75, capitoli 2–15; esempi 7, 17, 37 e 72";Efficacia didattica;grave;"La serie ricicla cinque modelli senza riempire le spiegazioni: le architetture riportano letteralmente «definizione, funzione e limite» sotto ogni etichetta; i flussi «fatto, criterio, azione»; le sintesi «parola chiave e controllo». La promessa di spiegare differenze e passaggi resta senza contenuto.";"Sostituire i riempitivi con definizioni, competenze, presupposti, conseguenze ed esempi propri del tema. Selezionare le figure che spiegano una relazione non già chiara nel testo; eliminare le ripetizioni prive di funzione didattica.";Aperto;wiki/reviews/audit-integrale-2026-10-02/FIGURE-VOL-05.md
P05-21;VOL-05;Mappe 6, 11, 16, 21 e successive ogni cinque figure fino a 71;Coerenza del metodo;grave;"Le etichette BANDO sono conservate ma usate per classificazioni estranee: Bando = segnalazione/mercato/emittente/trattamento; Diario = contraddittorio/qualità/investitore/piattaforme. Il lettore riceve associazioni incompatibili col metodo insegnato nel volume base.";Ricostruire ogni mappa collegando Bando a requisiti e prova, Aree a materie, Nuclei a conoscenze, Diario a errori e recupero, Output a prestazioni verificabili. Se la figura descrive un procedimento, darle un titolo autonomo e togliere l'etichetta BANDO.;Aperto;wiki/reviews/audit-integrale-2026-10-02/FIGURE-VOL-05.md
V05-01;VOL-05;"Cap.1, 15 — Rinvii al base; mappa delle aree: «Il VOL-05 è complementare ai capitoli del su , , , , , e .»";Contenuto e apparati;grave;"Rinvii privi di testo visibile nel cap.1 e nel laboratorio15; il lettore non può individuare le materie o i capitoli richiamati.";"Ripristinare titoli leggibili, numeri di capitolo e destinazioni; verificare anche caso E del cap.1 e la mappa del15 in PDF.";Proposta, non applicata;wiki/reviews/audit-integrale-2026-10-02/VOL-05.md
V05-02;VOL-05;"Cap.1–15 — Blocchi finali; Verifica ragionata; Caso ragionato di chiusura: «Come va usato; intervento immediato su piano di studio»";Contenuto e apparati;grave;Le90domande aperte seguono gli stessi sei stampi e le risposte riutilizzano testo metodologico, senza risolvere specificamente il quesito. I15casi finali sono sostituzioni automatiche, spesso senza fatti giuridicamente qualificabili: nel cap.15 si propone un intervento su piano30/60/90. Concordanze errate sono un sintomo del difetto sostanziale.;"Riscrivere le verifiche per materia, con dati, soggetti, istituto e soluzione specifici; sei quesiti distinti per capitolo, commento della risposta e caso risolvibile. Non basta correggere articoli e genere grammaticale.";Proposta, non applicata;wiki/reviews/audit-integrale-2026-10-02/VOL-05.md
V05-03;VOL-05;"Cap.1–15 — Nucleo ID e rapporto con indice/matrice: «N-MF05; Q:6 C:1 E:1»";Contenuto e apparati;grave;"La matrice accredita75nuclei completi e sei quesiti in ciascun nucleo, mentre vi sono sei domande per intero capitolo. Titoli/codici sono inseriti anche fra immagine e didascalia; alcune posizioni non corrispondono al tema assegnato.";"Rimappare ogni nucleo a contenuto effettivamente insegnato ed esercizio pertinente; conteggiare90quesiti complessivi, non450. Correggere struttura e indice; tenere unite figura e didascalia.";Proposta, non applicata;wiki/reviews/audit-integrale-2026-10-02/VOL-05.md
V05-05;VOL-05;Cap.2 — Governance, nomina, personale: «Il punto non è memorizzare un numero di componenti»;Contenuto e apparati;grave;"Il capitolo non insegna composizione, nomina, durata, rinnovo, incompatibilità e regime del personale delle singole authority; affida al lettore una matrice da riempire.";Inserire tabella per gli otto enti con fonte/articolo, organi, nomina, durata, rinnovo, incompatibilità, controlli e regime del personale, datata. Separare queste regole strutturali dai nominativi correnti.;Proposta, non applicata;wiki/reviews/audit-integrale-2026-10-02/VOL-05.md
V05-08;VOL-05;Cap.4 — Mini-AIR e caso: «opzioni»;Contenuto e apparati;grave;La mini-AIR promessa non è un elaborato svolto: mancano alternative concrete, dati, costi/benefici, confronto e decisione. Nei blocchi finali ricompaiono criteri sanzionatori non adattati alla regolazione.;"Fornire un caso numerico semplice con baseline, almeno due alternative, effetti distributivi, ipotesi e scelta motivata; identificare la delibera255/2025/A citata solo per anno. Fonti: [1](https://www.arera.it/fileadmin/allegati/docs/25/255-2025-A.pdf), [2](https://www.normattiva.it/uri-res/N2Ls?urn%3Anir%3Astato%3Adecreto.del.presidente.del.consiglio.dei.ministri%3A2017-09-15%3B169%21vig=)";Proposta, non applicata;wiki/reviews/audit-integrale-2026-10-02/VOL-05.md
V05-09;VOL-05;Cap.5 — Ispezioni, garanzie e richiesta dati: «istruttoria»;Contenuto e apparati;grave;La distinzione fra attività è buona, ma non sono insegnate le garanzie specifiche e non è fornita una richiesta di informazioni compilata. Avvio formale e acquisizioni preliminari rischiano di sovrapporsi.;"Integrare fonte/presupposti delle ispezioni AGCM e Garante, assistenza, riservatezza difensiva e non autoincriminazione nel rispettivo ambito; autorizzazioni per locali non aziendali. Dare atto fittizio completo e separare preistruttoria dall’avvio.";Proposta, non applicata;wiki/reviews/audit-integrale-2026-10-02/VOL-05.md
V05-10;VOL-05;Cap.6 — Tutela giurisdizionale: «I termini e la sede non sono riportati»;Contenuto e apparati;grave;Il capitolo rinuncia esplicitamente a insegnare giudice, rito e termini: non realizza la mappa dei rimedi promessa al profilo G.;"Costruire tabella per autorità e tipologia di atto con giurisdizione, competenza, rito, termine, cautela e fonte. Verificare CPA e discipline speciali; distinguere privacy e sanzioni finanziarie dal generale contenzioso amministrativo.";Proposta, non applicata;wiki/reviews/audit-integrale-2026-10-02/VOL-05.md
V05-11;VOL-05;"Cap.6 — Sanzioni, impegni e rimedi: «legalità; impegni»";Contenuto e apparati;grave;"Garanzie punitive, presupposti cautelari ed effetti sono evocati senza uno sviluppo studiabile; impegni non corredati da scansione procedimentale; ottemperanza amministrativa e giudiziale da distinguere.";"Sviluppare legalità, irretroattività, elemento soggettivo, difesa e ne bis in idem con ambito di applicazione; scheda art.14-ter, esempio impegni e confronto con sanzione/transazione.";Proposta, non applicata;wiki/reviews/audit-integrale-2026-10-02/VOL-05.md
V05-13;VOL-05;"Cap.7 — Econometria, economia industriale e contabilità: «correlazione; controfattuale»";Contenuto e apparati;grave;Il profilo economico riceve definizioni introduttive, ma non un percorso minimo di analisi: elasticità senza calcolo, econometria senza modello o interpretazione di coefficienti, contabilità senza allocazione risolta.;"Aggiungere esercizi graduati di elasticità, modello lineare, coefficiente e incertezza, confronto controfattuale; spiegare struttura di mercato e costi, RAB/WACC, allocazione dei costi comuni. Non serve econometria avanzata esclusa dalla bibbia.";Proposta, non applicata;wiki/reviews/audit-integrale-2026-10-02/VOL-05.md
V05-14;VOL-05;"Cap.8 — Concorrenza e procedimento: «intese; abuso; concentrazioni»";Contenuto e apparati;grave;Distinzioni iniziali corrette ma non bastano per il profilo giuridico: mancano sviluppo artt.101/102, oggetto/effetto, esenzione, clemenza, tipi di abuso, criterio e perimetro del controllo delle concentrazioni.;"Inserire fattispecie, presupposti, esempi contrari, fonti e procedimento; insegnare regola di competenza UE/nazionale e soglie datate con avvertenza di aggiornamento.";Proposta, non applicata;wiki/reviews/audit-integrale-2026-10-02/VOL-05.md
V05-15;VOL-05;Cap.8 — Consumatore e caso senza costi: «pratiche scorrette»;Contenuto e apparati;grave;"Non sono sviluppate le liste di pratiche sempre vietate né le conseguenze del qualificare una promozione gratis; rating e conflitti di interessi promessi dall’indice non sono trattati adeguatamente.";"Integrare schema artt.20–26 del Codice del consumo e applicare al caso art.23 lett.p se ne ricorrono i fatti; trattare art.37-bis, rating e competenza sui conflitti d’interessi. Identificare delibera procedurale31356/2024.";Proposta, non applicata;wiki/reviews/audit-integrale-2026-10-02/VOL-05.md
V05-16;VOL-05;"Cap.9 — Tariffe e caso; analisi economica: «analisi tariffaria»";Contenuto e apparati;grave;"Nessun calcolo tariffario svolto; PEF e livelli istituzionali restano etichette. La frase secondo cui ARERA approverebbe ogni tariffa comunale è giudicata solo incompleta.";"Chiarire errore e riparto effettivo; esempio PEF con gestore, ETC, validazione e approvazione nel perimetro vigente; distinguere energia, idrico e rifiuti e sviluppare MTI-4/qualità. Conservare MTR-3 2026–2029 corretto. Fonti: [1](https://www.arera.it/atti-e-provvedimenti/dettaglio/25/397-25)";Proposta, non applicata;wiki/reviews/audit-integrale-2026-10-02/VOL-05.md
V05-18;VOL-05;"Cap.10 — Comunicazioni, media, Corecom: «pluralismo; Corecom»";Contenuto e apparati;grave;"SMP, accesso, servizio universale, spettro e pluralismo non sono sviluppati; il percorso Corecom non insegna presupposti, termini ed effetti dei rimedi.";"Inserire CCE/TUSMA con estremi e istituti essenziali; schema reclamo-conciliazione-definizione, competenze delegate, indennizzo/rimborso rispetto al risarcimento, esempio risolto.";Proposta, non applicata;wiki/reviews/audit-integrale-2026-10-02/VOL-05.md
V05-19;VOL-05;Cap.10 — DSA e DMA: «obblighi supplementari»;Contenuto e apparati;grave;La competenza esclusiva della Commissione sugli obblighi supplementari è corretta, ma manca il restante riparto e il contenuto operativo delle due discipline.;"Definire intermediari/hosting/piattaforme/VLOP-VLOSE, principali obblighi e art.56 DSA; definire gatekeeper, criteri e obblighi DMA; citare2022/2065 e2022/1925, applicandoli a casi distinti.";Proposta, non applicata;wiki/reviews/audit-integrale-2026-10-02/VOL-05.md
V05-20;VOL-05;"Cap.11 — Intermediari e investitori: «appropriatezza; adeguatezza»";Contenuto e apparati;grave;Le due valutazioni sono nominate senza insegnare quando operano, quali informazioni richiedono e quali effetti producono.;"Dare confronto per servizio e cliente, consulenza/gestione, altri servizi ed execution only; integrare conflitti, incentivi e best execution con esempio. Inserire estremi TUF/MiFID/MiFIR.";Proposta, non applicata;wiki/reviews/audit-integrale-2026-10-02/VOL-05.md
V05-21;VOL-05;Cap.11 — Emittenti, MAR e MiCAR: «informazione privilegiata»;Contenuto e apparati;grave;"Emittenti/prospetto/OPA non sono sviluppati; MAR non rende applicabili tutti i requisiti e obblighi; MiCAR è aggiornato ma non spiega categorie e competenze autorizzative.";"Completare requisiti art.7 e obblighi art.17 MAR, caso di sussunzione; integrare prospetto/OPA; definire ART, EMT e CASP con riparto Banca d’Italia-CONSOB e regime transitorio datato. Fonti: [1](https://www.bancaditalia.it/compiti/vigilanza/accesso-mercato/soggetti-mercato-cripto-attivita/)";Proposta, non applicata;wiki/reviews/audit-integrale-2026-10-02/VOL-05.md
V05-22;VOL-05;Cap.11, 12 — ACF, ABF, Arbitro Assicurativo: «risoluzione stragiudiziale»;Contenuto e apparati;grave;"Le finalità sono distinte dalla vigilanza ma mancano perimetro, ammissibilità, termini e natura degli esiti; i dati AAS presenti sono corretti.";"Tabella comparativa con oggetto, soggetti, valore, reclamo previo, ricorso, decisione ed effetti; esercizio che scelga il canale corretto. Conservare AAS15gennaio2026,20euro,180+90giorni verificati. Fonti: [1](https://www.ivass.it/consumatori/aas/index.html)";Proposta, non applicata;wiki/reviews/audit-integrale-2026-10-02/VOL-05.md
V05-23;VOL-05;"Cap.12 — Vigilanza prudenziale e crisi: «SSM; Solvency II»";Contenuto e apparati;grave;"Il riparto significativo/meno significativo è spiegato correttamente ma capitale, liquidità, SREP, crisi e Solvency II restano introduttivi; requisiti del profilo prudenziale non sono soddisfatti.";"Integrare criteri SSM e procedure comuni, fonti TUB/CRR/CRD, capitale/liquidità/SREP, distinzione risoluzione e liquidazione; SCR/MCR/ORSA e tre pilastri assicurativi. Rinvii espliciti per privato/commerciale/AML richiesti dai bandi. Fonti: [1](https://www.bankingsupervision.europa.eu/framework/lsi/html/index.it.html)";Proposta, non applicata;wiki/reviews/audit-integrale-2026-10-02/VOL-05.md
V05-24;VOL-05;"Cap.13 — Caso piattaforma per concorso pubblico; cooperazione: «Un eventuale trattamento transfrontaliero»";Contenuto e apparati;grave;La soluzione non applica l’esclusione specifica dell’art.55(2) GDPR ai trattamenti dell’autorità pubblica. Il generico richiamo ai presupposti dello sportello unico lascia aperto il percorso sbagliato nel caso centrale.;"Esplicitare competenza nazionale ed esclusione art.56 per il trattamento pubblico considerato; distinguere eventuali trattamenti autonomi del fornitore e relative basi. Non basta che la piattaforma operi in più Stati. Fonti: [1](https://eur-lex.europa.eu/legal-content/IT/TXT/PDF/?uri=CELEX%3A32016R0679)";Proposta, non applicata;wiki/reviews/audit-integrale-2026-10-02/VOL-05.md
V05-25;VOL-05;"Cap.13 — Reclami, procedimento e sanzioni: «reclamo; segnalazione»";Contenuto e apparati;grave;"Legittimazione, effetti, andamento del reclamo, garanzie e ricorso non sono insegnati con sufficiente precisione; anche i livelli sanzionatori restano assenti.";"Schede artt.77–78,58 e83 GDPR, regolamento1/2019, tutela giudiziale nazionale; distinguere avvertimento da ammonimento e mostrare scelta proporzionata del potere. Fonti: [1](https://eur-lex.europa.eu/legal-content/IT/TXT/PDF/?uri=CELEX%3A32016R0679)";Proposta, non applicata;wiki/reviews/audit-integrale-2026-10-02/VOL-05.md
V05-28;VOL-05;"Cap.14, 15 — Caso guidato ritorsioni; simulazione G3: «ritorsione»";Contenuto e apparati;grave;"La presunzione è già correttamente insegnata nel paragrafo aggiornato del14, ma non entra nelle soluzioni dei casi; la verifica del nesso può così sembrare tutta a carico del segnalante.";Riscrivere le soluzioni indicando fatti che attivano la presunzione, soggetto onerato della prova contraria, limiti per soggetti collegati, ruolo ANAC e del giudice. Distinguere comunicazione di ritorsione da segnalazione esterna della violazione.;Proposta, non applicata;wiki/reviews/audit-integrale-2026-10-02/VOL-05.md
V05-29;VOL-05;"Cap.14 — Prevenzione, vigilanza e canali: «PNA; vigilanza»";Contenuto e apparati;grave;"Il delta specialistico non sviluppa raccordo PIAO/PTPCT, precontenzioso e poteri ANAC sui contratti; canali e tutele non diventano una disciplina studiabile.";Integrare programmazione e responsabilità, artt.220/222 D.Lgs.36/2023, canali interni/esterni, perimetro pubblico/privato, termini essenziali e riservatezza. Usare rinvii precisi al base per parti effettivamente già insegnate.;Proposta, non applicata;wiki/reviews/audit-integrale-2026-10-02/VOL-05.md
V05-30;VOL-05;Cap.15 — Dieci simulazioni, soluzioni e rubrica: «fonte richiamata o dichiarata necessità di verifica»;Contenuto e apparati;grave;"Le10simulazioni sono reali consegne distinte, ma le chiavi sono scalette metodologiche; quelle economiche non hanno dati numerici. La rubrica equipara richiamo della fonte e dichiarazione di non conoscerla.";"Fornire dossier e risposta modello per ognuna, tre prove E con dati/calcoli, memo inglese svolto e criteri analitici; distinguere credito per corretta fonte da prudenza su dati mancanti.";Proposta, non applicata;wiki/reviews/audit-integrale-2026-10-02/VOL-05.md
P05-01;VOL-05;pp.10, 14 e 137, figure 1.1, 1.2 e 10.4;Didascalie;media;La didascalia grigia sotto l’immagine è seguita da una seconda didascalia nel corpo. A p.14 e p.137 tra le due compare perfino il titolo della nuova sezione.;"Mantenere una sola didascalia canonica e unire figura e didascalia nello stesso blocco; collocare il titolo della sezione dopo il blocco completo.";Aperto;wiki/reviews/audit-integrale-2026-10-02/PDF-VOL-05.md
P05-02;VOL-05;"pp.37 e 137, figure 3.3 e 10.4; confronto con p.10";Leggibilità delle figure;media;"Etichette e sottotitoli nelle figure sono minuti rispetto al testo della pagina; le schede contengono ampi spazi vuoti e scritte gialle poco contrastate.";"Aumentare corpo e contrasto delle etichette alla dimensione di stampa e ridurre l’area vuota; verificare gli originali e una prova in scala reale.";Aperto;wiki/reviews/audit-integrale-2026-10-02/PDF-VOL-05.md
P05-03;VOL-05;"p.37, figura 3.3; p.137, figura 10.4";Utilità didattica delle figure;media;Nella sequenza «problema, coordinamento, istruttoria, esito» ogni scheda ripete «fatto, criterio, azione». Le tre distinzioni della figura 10.4 ripetono «definisci, distingui, applica». La grafica non esplicita passaggi, presupposti o conseguenze.;"Sostituire le etichette generiche con dati e decisioni di un caso risolto; attribuire a ciascuna fase un contenuto diverso e verificabile.";Aperto;wiki/reviews/audit-integrale-2026-10-02/PDF-VOL-05.md
P05-23;VOL-05;"Figura 53, chapter-11/03-flusso-consob-mercati-investitore.png; figura 68, chapter-14/03-flusso-anac-prevenzione-whistleblowing.png";Sequenze e garanzie;media;"«Informazione → condotta → controllo → sanzione» fa apparire la sanzione come esito necessario del controllo; «rischio → canale → istruttoria → protezione» può far credere che la protezione inizi solo dopo l'istruttoria. Il disegno non chiarisce condizioni ed esiti alternativi.";Presentare un caso esplicito con ramificazioni e presupposti, oppure una mappa concettuale senza successione temporale. Rappresentare le garanzie pertinenti lungo le fasi, coordinando il contenuto con le correzioni al capitolo.;Aperto;wiki/reviews/audit-integrale-2026-10-02/FIGURE-VOL-05.md
V05-04;VOL-05;"Cap.1, 15 — Percorsi G/E/P e blocchi finali: «premium; policy»";Contenuto e apparati;media;"P indica percorso giuridico-economico nel corpo e policy nei blocchi aggiunti; premium è una qualifica commerciale priva di valore didattico.";"Scegliere una denominazione coerente per P e dichiarare destinatari e prerequisiti; eliminare premium dal discorso didattico.";Proposta, non applicata;wiki/reviews/audit-integrale-2026-10-02/VOL-05.md
V05-07;VOL-05;"Cap.3 — Fonti UE e reti: «ECN; BEREC; ACER; EDPB»";Contenuto e apparati;media;"Reti, agenzie e autorità di vigilanza sono accostate senza una scheda comparativa della loro natura e delle fonti; decisioni vincolanti e standard tecnici non sono sufficientemente distinti dalla soft law.";"Aggiungere natura, fonte istitutiva, partecipanti, poteri ed esempio per ciascun organismo; completare art.288 e differenze fra atti delegati, di esecuzione e orientamenti. Conservare il corretto aggiornamento REMIT.";Proposta, non applicata;wiki/reviews/audit-integrale-2026-10-02/VOL-05.md
V05-12;VOL-05;Cap.7 — Strumenti di regolazione: «prezzi o ricavi»;Contenuto e apparati;media;Il price cap è descritto in modo da sovrapporlo al revenue cap.;Distinguere tetto ai prezzi e tetto ai ricavi con formule didattiche dichiarate, un esempio e diversi incentivi al volume.;Proposta, non applicata;wiki/reviews/audit-integrale-2026-10-02/VOL-05.md
V05-17;VOL-05;Cap.9 — Unbundling e tutela utente: «separazione contabile»;Contenuto e apparati;media;"Unbundling tende a coincidere con separazione contabile; reclamo, indennizzo e conciliazione rimangono senza condizioni operative.";"Distinguere separazione contabile, funzionale e proprietaria; indicare per settore condizioni e tempi essenziali di tutela, con caso di indennizzo. Integrare almeno il perimetro del teleriscaldamento.";Proposta, non applicata;wiki/reviews/audit-integrale-2026-10-02/VOL-05.md
V05-26;VOL-05;Cap.14 — RPCT e canali: «gestori dei canali»;Contenuto e apparati;media;La distinzione fra RPCT e gestori può far perdere la coincidenza prevista per i soggetti pubblici obbligati a nominare il RPCT.;"Precisare art.4 comma5 D.Lgs.24/2023: negli enti pubblici obbligati la gestione interna è affidata al RPCT; distinguere tale funzione dalla gestione esterna ANAC. Fonti: [1](https://www.anticorruzione.it/documents/91439/15bb4579-e069-520a-211a-15a2a5fbf097)";Proposta, non applicata;wiki/reviews/audit-integrale-2026-10-02/VOL-05.md
V05-27;VOL-05;Cap.14 — Tabella whistleblowing, interesse: «Mira all’interesse pubblico»;Contenuto e apparati;media;La formulazione può essere letta come requisito del movente personale del segnalante.;"Distinguere oggetto della violazione e motivazione soggettiva: i motivi personali sono irrilevanti ex art.16 comma2; restano escluse mere rivendicazioni individuali fuori perimetro. Fonti: [1](https://www.anticorruzione.it/amministrazione-trasparente/altri-contenuti-prevenzione-della-corruzione/segnalazioni-di-illecito-whistleblower)";Proposta, non applicata;wiki/reviews/audit-integrale-2026-10-02/VOL-05.md
V05-31;VOL-05;Cap.15 — Simulazione inglese P4: «national decision»;Contenuto e apparati;media;La conclusione preimpostata presuppone sempre una decisione nazionale anche quando la competenza finale può essere europea.;Riferire la decisione all’autorità competente nel caso costruito e fornire il memo di140parole effettivamente svolto.;Proposta, non applicata;wiki/reviews/audit-integrale-2026-10-02/VOL-05.md
V05-33;VOL-05;Cap.1–15 — Apparati e fonti accessibili al lettore: «source_refs»;Contenuto e apparati;media;"Molti estremi completi e URL restano nelle source notes/frontmatter; il lettore cartaceo riceve nomi generici di fonti. La source note specialistica collega D.Lgs.23/2025 al codice GU25G00031 errato.";"Inserire repertorio leggibile per capitolo con atti/articoli/versione/URL stabile. Correggere nella futura revisione il collegamento DORA a25G00032; risolvere anche rinvio storico del corpus bandi al vecchio slug del cap.12. Fonti: [1](https://www.gazzettaufficiale.it/atto/serie_generale/caricaDettaglioAtto/originario?atto.codiceRedazionale=25G00032&atto.dataPubblicazioneGazzetta=2025-03-11&elenco30giorni=true)";Proposta, non applicata;wiki/reviews/audit-integrale-2026-10-02/VOL-05.md
P05-22;VOL-05;Stessa serie di mappe, figure 6–71;Connettori;lieve;Il ramo Output rimane staccato dalla linea orizzontale comune, sistematicamente.;Correggere il punto finale del connettore nel modello grafico, poi rigenerare e controllare tutte le istanze.;Aperto;wiki/reviews/audit-integrale-2026-10-02/FIGURE-VOL-05.md
V05-06;VOL-05;Cap.2 — Definizione di accountability: «capacità»;Contenuto e apparati;lieve;La resa insiste sulla capacità di rendere contestabile la decisione, riducendo il significato di responsabilità e obbligo di rendere conto.;Definire obbligo di rendere conto di decisioni e risultati, con motivazione, trasparenza, rendicontazione e controlli.;Proposta, non applicata;wiki/reviews/audit-integrale-2026-10-02/VOL-05.md
V05-32;VOL-05;"Cap.6, 9, 15 — Refusi e concordanze: «Nel privacy; occorre a loro volta; nel elaborato»";Contenuto e apparati;lieve;Refusi locali e concordanze meccaniche deteriorano la leggibilità.;"Nel settore privacy; costruzione impersonale corretta; nell’elaborato. Rivedere tutte le concordanze dei blocchi finali dopo la loro riscrittura sostanziale.";Proposta, non applicata;wiki/reviews/audit-integrale-2026-10-02/VOL-05.md
P06-01;VOL-06;PDF p. 47 e schede analoghe;Tabelle compilabili;grave;"Le intestazioni a sei colonne spezzano «proteggere» e «coinvolgere» lasciando una sola lettera sulla riga seguente; le celle sono molto strette per scrivere.";Ridistribuire larghezze, abbreviare intestazioni senza perdere significato e sviluppare il workbook su più spazio. Collaudare una compilazione reale alla dimensione finale.;Aperto;wiki/reviews/audit-integrale-2026-10-02/PDF-VOL-06.md
P06-03;VOL-06;"Blocco M-IR04, PDF pp. 361–530; esempi pp. 361 e 453";Ordine e numerazione;grave;"Il modulo comincia con Archeologia, identificata anche come «Capitolo 09»; «MiC e quattro profili», presentato nel testo come mappa iniziale e «Capitolo 01», arriva soltanto a p. 453. Coesistono numero globale 38/45 e numero locale non spiegato. L'ordine apparentemente alfabetico altera la progressione didattica.";"Applicare l'ordine canonico del modulo mediante chiave numerica esplicita; uniformare titoli e rinvii usando un solo criterio chiaramente dichiarato. Rigenerare indice e frontespizio del modulo.";Aperto;wiki/reviews/audit-integrale-2026-10-02/PDF-VOL-06.md
V06-01;VOL-06;IR01/12, r.94 e nota finale;Aggiornamento;grave;L'O.M.172/2020 è presentata come riferimento operativo della valutazione primaria senza il successivo regime.;"Esporre O.M.3/2025, giudizi sintetici e decorrenza; mantenere172 solo in ricostruzione storica. Ripassare esempi/quiz coerentemente. Fonte S1.";Da correggere;wiki/reviews/audit-integrale-2026-10-02/VOL-06.md
V06-03;VOL-06;IR01/12–13, source_refs e wikilink;Fonti;grave;Il file `valutazione-competenze-digitali-docenti-dlgs-62-2017-om-172-digcompedu.md` non esiste.;"Consolidare una nota aggiornata con fonti primarie e riallineare tutti i riferimenti; non ricreare la vecchia nota senza aggiornamento.";Da integrare;wiki/reviews/audit-integrale-2026-10-02/VOL-06.md
V06-04;VOL-06;IR01/02–04, nuclei sistema/governance/PTOF;Completezza;grave;Ordinamenti, composizioni e attribuzioni degli organi, PTOF/RAV/PdM restano nominali. Il candidato non può risolvere un quesito di competenza o di procedura.;"Aggiungere cicli/ordinamenti essenziali, schema organo-composizione-competenza, procedura e triennalità PTOF, espansione delle sigle e ciclo SNV; separare legge nazionale e regolamenti locali.";Da integrare;wiki/reviews/audit-integrale-2026-10-02/VOL-06.md
V06-05;VOL-06;IR01/05–06, carriere e piano ATA;Completezza;grave;Mancano un caso effettivo di carriera e la sequenza proposta/adozione/attuazione del piano ATA.;"Inserire esempio iscrizione/trasferimento; piano con proposta DSGA, adozione DS e attuazione DSGA, relativo fondamento contrattuale vigente e declaratorie pertinenti. Fonte S3 per ruolo; riconfermare testo contrattuale puntuale.";Da integrare;wiki/reviews/audit-integrale-2026-10-02/VOL-06.md
V06-06;VOL-06;IR01/07–08;Completezza;grave;"«Contabilità scolastica» senza ciclo entrata/spesa, competenze/atti del D.I.129/2018 o riconciliazione numerica; inventario senza consegnatario, ricognizione e scarico.";Inserire regole essenziali e tabella delle fasi, programma annuale/conto consuntivo con soggetti e termini verificati, un caso numerico risolto e una scheda inventario.;Da integrare;wiki/reviews/audit-integrale-2026-10-02/VOL-06.md
V06-07;VOL-06;IR01/09–10;Completezza/sicurezza;grave;"Management e responsabilità senza spiegazione art.25 D.Lgs.165/2001; relazioni sindacali senza informazione/confronto/contrattazione; sicurezza senza ruoli e doveri essenziali.";Insegnare il delta scolastico e distinguere DS/RSPP/ente proprietario. Nella domanda-trappola anteporre la protezione urgente in caso di pericolo alla raccolta ordinaria di informazioni.;Da integrare;wiki/reviews/audit-integrale-2026-10-02/VOL-06.md
V06-08;VOL-06;IR01/11–13;Completezza didattica;grave;"Nessun modello pedagogico/psicologico sviluppato; PEI/PDP/GLO e individualizzazione/personalizzazione non insegnati. La lezione simulata non ha classe, disciplina, tempi o rubrica compilata.";"Integrare il nucleo comune dei programmi docenti e almeno una lezione completa con ipotesi dichiarate; precisare disciplina/posto esclusi e destinazione dell'approfondimento. Usare DM205/206 e bando per la prova docente.";Da integrare;wiki/reviews/audit-integrale-2026-10-02/VOL-06.md
V06-09;VOL-06;IR02/02–04;Completezza;grave;Governance, CFU/titoli, qualità e carriere rinviati soprattutto a regolamenti senza quadro nazionale sufficiente.;"Schemi organi L.240/2010; CFU e percorsi DM270/2004; attori/documenti AVA; rinuncia/decadenza/interruzione e diritto allo studio con esempio di bando esplicitamente individuato.";Da integrare;wiki/reviews/audit-integrale-2026-10-02/VOL-06.md
V06-10;VOL-06;"IR02/06–08; IR03/04 e11";Completezza;grave;"Bilanci e grant senza esercizi quantitativi; ratei/risconti/ammortamenti e forme di costo solo nominati.";Aggiungere esempi contabili risolti, documenti di bilancio, costo reale/unitario/forfait/lump sum, milestone/target e controlli PNRR. Separare principi generali da parametri della singola misura.;Da integrare;wiki/reviews/audit-integrale-2026-10-02/VOL-06.md
V06-11;VOL-06;"IR02/09; IR04/06–08";Completezza profili;grave;"Per bibliotecario/catalogatore gli standard sono assenti o semplici nomi; le note fonti confermano che i bandi richiedono standard nazionali/internazionali.";Insegnare funzioni e differenze di standard selezionati, authority e soggettazione, ricerca bibliografica concreta, ILL/DD e caso di record. Per digitalizzazione, distinguere master/derivato/metadati e controllo integrità.;Da integrare;wiki/reviews/audit-integrale-2026-10-02/VOL-06.md
V06-13;VOL-06;"IR02/11, apertura; IR02/12,N05";Accuratezza;grave;"AFAM definita «posizione intermedia» fra scuola e università; istituzioni indistintamente «soggetti pubblici».";"Definire formazione terziaria parallela al sistema universitario; distinguere istituzioni statali/non statali e relativo ambito. Integrare organi, CFA e titoli. Fonte S4.";Da correggere;wiki/reviews/audit-integrale-2026-10-02/VOL-06.md
V06-14;VOL-06;IR02/11, inizio;Residui redazionali;grave;Visibili «Bozza agente», sequenza letterale di escape e duplicazione di «Apertura editoriale».;"Eliminare residui; mantenere una sola apertura definitiva.";Da correggere;wiki/reviews/audit-integrale-2026-10-02/VOL-06.md
V06-17;VOL-06;"IR03/01,r.56; fonte ufficiale IR03";Aggiornamento;grave;Reg.UE2018/1046 presentato come quadro finanziario generale corrente.;"Citare2024/2509, artt.279–280; conservare il precedente solo per fattispecie temporalmente pertinenti. Fonte S5.";Da correggere;wiki/reviews/audit-integrale-2026-10-02/VOL-06.md
V06-18;VOL-06;IR03/02–03;Completezza;grave;"Autonomia, governance e profili non insegnano differenze213/2009–218/2016, principi EPR o livelli/declaratorie; manca esempio statutario concreto.";Integrare quadro nazionale e confronto di due assetti identificati, senza generalizzare l'organigramma di un ente.;Da integrare;wiki/reviews/audit-integrale-2026-10-02/VOL-06.md
V06-22;VOL-06;IR03/09, N02–N03 e quiz4;Lacuna normativa;grave;"Titolarità sempre rinviata alla verifica; manca la regola nazionale art.65 CPI riformato nel2023. Licenza/cessione non realmente distinte.";"Esporre titolarità istituzionale nel perimetro dell'articolo, diritto d'autore inventore, comunicazione/deposito e finanziamento di terzi; distinguere licenza/cessione e requisiti del brevetto. Fonte S6.";Da integrare;wiki/reviews/audit-integrale-2026-10-02/VOL-06.md
V06-23;VOL-06;"IR01/08,r.124; IR03/11,r.177 e N02";Accuratezza;grave;DNSH PNRR «quando applicabile»/«quando richiesto» fa apparire facoltativo il principio.;"Chiarire vincolo orizzontale delle misure RRF; variano adempimenti, schede e prove pertinenti, non l'obbligo generale. Fonte S7.";Da correggere;wiki/reviews/audit-integrale-2026-10-02/VOL-06.md
V06-25;VOL-06;IR04/02;Completezza;grave;"Assetto MiC ridotto a dipartimenti e categorie; manca mappa delle competenze dei principali uffici.";Organigramma essenziale datato e confronto DG/SABAP/soprintendenze archivistiche e bibliografiche/Archivi di Stato/istituti autonomi.;Da integrare;wiki/reviews/audit-integrale-2026-10-02/VOL-06.md
V06-26;VOL-06;IR04/03–05, qualificazione/tutela/circolazione;Completezza/precisione;grave;"Art.12 senza condizioni e regime interinale; tabella pubblico/privato troppo larga; circolazione senza denuncia, prelazione, esportazione o inalienabilità.";"Distinguere categorie art.10, verifica/dichiarazione e soggetti non lucrativi; insegnare disciplina essenziale con articoli e termini verificati. Non basta «pubblici o assimilati».";Da integrare;wiki/reviews/audit-integrale-2026-10-02/VOL-06.md
V06-27;VOL-06;IR04/03,r.136, caso Comune;Accuratezza;grave;«gli interventi materiali e gli usi incompatibili possono richiedere autorizzazioni» confonde divieto e autorizzabilità.;"Separare: gli usi incompatibili sono vietati; il progetto va modificato per renderlo compatibile, mentre gli interventi autorizzabili seguono art.21. Fonte S8.";Da correggere;wiki/reviews/audit-integrale-2026-10-02/VOL-06.md
V06-29;VOL-06;IR04/07;Completezza profilo;grave;"Archivista senza descrizione multilivello/standard, scarto/versamento/consultabilità; diplomatica promessa non sviluppata.";"Integrare basi disciplinari e regole essenziali artt.21,41,122 del Codice, con esempio fondo-serie-unità e caso di accesso; approfondimenti avanzati con destinazione precisa.";Da integrare;wiki/reviews/audit-integrale-2026-10-02/VOL-06.md
V06-30;VOL-06;IR04/09–11;Completezza profili;grave;"Archeologia senza nozioni operative minime; storia dell'arte senza opere/stili/cronologia o scheda; restauro senza definizioni normative/principi.";"Inserire nucleo minimo selezionato: contesto/US e scoperta fortuita; lettura storico-artistica di un'opera; art.29 e principi di conservazione. Aggiungere esempi e rinvii dichiarati per dominio avanzato.";Da integrare;wiki/reviews/audit-integrale-2026-10-02/VOL-06.md
V06-31;VOL-06;IR04/12, apertura e quiz7;Perimetro falso;grave;«la commissione non chiede» di progettare/dirigere un cantiere generalizza oltre il percorso amministrativo, mentre architetto è profilo promesso.;"Limitare l'affermazione al caso amministrativo assunto; distinguere la prova tecnica del profilo e integrare il delta culturale/paesaggistico con rinvii reali.";Da correggere;wiki/reviews/audit-integrale-2026-10-02/VOL-06.md
V06-32;VOL-06;IR04/13, vigilanza/sicurezza;Completezza;grave;"Sicurezza quasi solo gestione disordine/code; manca lo scenario di emergenza promesso e il quadro minimo di prevenzione.";"Inserire obblighi del lavoratore/addetto, segnalazione e attivazione del piano locale, scenario situazionale completo; non inventare protocolli tecnici universali.";Da integrare;wiki/reviews/audit-integrale-2026-10-02/VOL-06.md
V06-35;VOL-06;Volume/indici/matrici;Coerenza e promessa;grave;"Appendici e percorsi promessi non trovati nella cartella volume; rinvii VOL01/08/09/10 senza heading di destinazione; stati draft/frozen e note di prosecuzione divergono.";"Inventario delle appendici effettive; creare/collegare ciò che resta promesso o ridurre esplicitamente la promessa. Allineare stati solo dopo chiusura dei rilievi.";Da integrare;wiki/reviews/audit-integrale-2026-10-02/VOL-06.md
P06-02;VOL-06;PDF pp. 184 e 198;Gerarchia tipografica;media;I riferimenti sono resi come un intero paragrafo in stile titolo, rosso e grande. È la conseguenza visibile del Markdown già segnalato in V06-34.;"Separare heading e voci bibliografiche; verificare entrambe le pagine dopo esportazione.";Aperto;wiki/reviews/audit-integrale-2026-10-02/PDF-VOL-06.md
P06-04;VOL-06;"PDF p. 6, cap. 29; p. 262";Titolo generato;media;Il titolo è «04 Amministrazione Contabilita Controlli», con numero spurio e formulazione da nome file.;"Correggere il metadato del titolo e ricostruire indice, intestazioni e titolo principale; coordinare l'osservazione già presente nel rapporto testuale IR03/04.";Aperto;wiki/reviews/audit-integrale-2026-10-02/PDF-VOL-06.md
V06-02;VOL-06;IR01/12, r.110, elenco DigCompEdu;Terminologia;media;"Dopo «sei aree e22 competenze» l'elenco parte da progettazione e omette l'area professionale; sembra la lista canonica ma non lo è.";Riportare le sei aree ufficiali oppure dichiarare l'elenco semplice selezione di applicazioni. Fonte S2.;Da correggere;wiki/reviews/audit-integrale-2026-10-02/VOL-06.md
V06-12;VOL-06;IR02/10;Completezza;media;Orientamento/placement/mobilità senza caso di learning agreement/transcript o tirocinio con documenti e soggetti.;Aggiungere un esempio di mobilità e uno di tirocinio, con fonti e perimetro istituzionale dichiarati.;Da integrare;wiki/reviews/audit-integrale-2026-10-02/VOL-06.md
V06-15;VOL-06;IR02/12, quiz2;Refuso semantico;media;«una richiesta di riconoscimento crediti è una domanda di beneficio economico» sostituisce la congiunzione e altera il quesito.;Sostituire «è» con «e», controllando l'intera frase plurale.;Da correggere;wiki/reviews/audit-integrale-2026-10-02/VOL-06.md
V06-16;VOL-06;IR02/12, quiz3;Generalizzazione;media;Presenza nella voce di budget dichiarata necessaria senza qualificare regole di trasferimento o forme semplificate.;Specificare le regole del grant assunto nel quesito o riformulare in termini di conformità al budget e alle sue modifiche consentite.;Da precisare;wiki/reviews/audit-integrale-2026-10-02/VOL-06.md
V06-19;VOL-06;IR03/05, N02–fine;Ripetizioni/completezza;media;"Ripetuto tre volte «In sede di prova, questa conclusione va sempre collegata…»; chiusura quasi duplicata. Compliance resta generica.";Tagliare duplicati e utilizzare lo spazio per conflitto/astensione, missione documentata e delta acquisti EPR, con rinvio preciso alla base.;Da correggere;wiki/reviews/audit-integrale-2026-10-02/VOL-06.md
V06-20;VOL-06;IR03/06,N04 e casi;Logica didattica;media;L'avvertenza contro dati inventati può vietare anche scelte progettuali ipotetiche necessarie in una proposta.;"Distinguere fatto attribuito all'ente da ipotesi progettuale dichiarata e motivata; mostrare una proposta completa con campione, strumenti, tempi e limiti.";Da precisare;wiki/reviews/audit-integrale-2026-10-02/VOL-06.md
V06-21;VOL-06;IR03/07–08;Completezza applicativa;media;Integrità e ciclo tecnico validi, ma indicatori e verifiche restano senza calcolo/esempio completo.;"Un esempio h-index e limiti degli indicatori; un piano tecnico con requisiti misurabili e criteri di accettazione, senza trasformarlo in manuale del dominio scientifico.";Da integrare;wiki/reviews/audit-integrale-2026-10-02/VOL-06.md
V06-24;VOL-06;"IR03/10 e12; IR02/12";Esercizi;media;DMP e laboratori sono griglie di controlli, senza dati sufficienti per arrivare a una decisione verificabile.;"Affiancare una traccia chiusa, DMP compilato, elaborati distinti per profilo e rubrica con livelli; conservare separatamente casi aperti.";Da integrare;wiki/reviews/audit-integrale-2026-10-02/VOL-06.md
V06-28;VOL-06;IR04/06, spiegazione metadati;Terminologia;media;«metadati devono essere distinti dai dati catalografici» può suggerire classi disgiunte.;"Spiegare che i dati catalografici costituiscono metadati descrittivi; distinguere quelli amministrativi, tecnici e di conservazione.";Da correggere;wiki/reviews/audit-integrale-2026-10-02/VOL-06.md
V06-33;VOL-06;"Trasversale; IR01 tutti";Struttura/forma;media;Apostrofi in luogo di accenti, sigle non sciolte, note review nel testo, rimandi staff. IR01 è molto sotto il formato lungo prescritto.;"Ripulire il testo destinato al lettore, sciogliere sigle, completare prima la teoria; ricontare nuclei/parole a contenuto chiuso, senza riempitivi.";Da correggere;wiki/reviews/audit-integrale-2026-10-02/VOL-06.md
V06-34;VOL-06;IR02/09–10, «Riferimenti essenziali»;Markdown;media;Bibliografia inglobata nello stesso heading H2.;Separare titolo e voci, poi verificare l'export.;Da correggere;wiki/reviews/audit-integrale-2026-10-02/VOL-06.md
V06-36;VOL-06;Quiz IR03/IR04 e casi trasversali;Qualità didattica;media;"Molti sì/no con risposta No o distrattori palesemente assurdi; alcuni testano solo «non inventare».";Aggiungere distractori plausibili su istituti insegnati e casi con soluzione controllabile, graduati per profilo.;Da migliorare;wiki/reviews/audit-integrale-2026-10-02/VOL-06.md
P07-01;VOL-07;PDF p. 169, box NEWS2;Tabella clinica;grave;La tabella dei parametri e punteggi è diventata un paragrafo compatto con barre verticali e separatori Markdown letterali. Metadati di audit e versione sono ripetuti dentro il box. La consultazione del punteggio è faticosa e favorisce l'associazione alla colonna sbagliata.;"Dopo la correzione clinica del contenuto, ricostruire una tabella effettiva con parametri, intervalli e punteggi; separare scala 1/scala 2 e note di applicabilità. Togliere metadati interni, conservando fonte, versione e campo d'uso leggibili. Verificare ciascuna cella nel PDF finale.";Aperto;wiki/reviews/audit-integrale-2026-10-02/PDF-VOL-07.md
P07-02;VOL-07;PDF pp. 86 e 139;Tabelle e workbook;grave;Otto colonne a p. 86 producono «Scosta/mento/assolut/o» e pochissimo spazio per cause e azioni. A p. 139 sei colonne spezzano parole e denominazioni fino a una lettera isolata: «Fisioterapist/a», «infermieristic/o». Le intestazioni si ripetono a metà pagina anche senza cambio di pagina.;"Convertire le matrici in schede verticali o blocchi più stretti; dare spazio reale alla compilazione, mantenere il font di collana e limitare la ripetizione delle intestazioni alle continuazioni utili.";Aperto;wiki/reviews/audit-integrale-2026-10-02/PDF-VOL-07.md
P07-05;VOL-07;PDF pp. 169 e 394;Residui redazionali;grave;Sono visibili codice DO-SA02-05-NEWS2-ER-2024, «Audit automatico», «step 15», «gate», «Humanizer». Sono istruzioni e attestazioni di lavorazione, non contenuti destinati al concorsista.;"Rimuovere dall'export gli apparati interni dopo aver conservato la tracciabilità nel wiki; mantenere nel libro soltanto fonti e limiti didattici pertinenti. Coordinare con i rilievi del rapporto testuale.";Aperto;wiki/reviews/audit-integrale-2026-10-02/PDF-VOL-07.md
V07-01;VOL-07;[SA01/05:233](/C:/Users/info/OneDrive/Desktop/concorso-book-os/wiki/books/moduli/m-sa01-sanita-amministrativa/chapters/05-documentazione-accesso-conservazione.md:233) — «pregiudizio concreto»;Normativa;grave;La sezione FOIA presenta il rilascio di dati sanitari come bilanciamento del pregiudizio concreto, senza spiegare il divieto di diffusione e la relativa eccezione assoluta.;"Anteporre art. 2-septies, c. 8, Codice privacy e artt. 7-bis, c. 6, e 5-bis, c. 3, D.Lgs. 33/2013; valutare accesso parziale solo se i dati residui non consentono reidentificazione. Fonte E01.";Aperto;wiki/reviews/audit-integrale-2026-10-02/VOL-07.md
V07-02;VOL-07;[SA01/05:53](/C:/Users/info/OneDrive/Desktop/concorso-book-os/wiki/books/moduli/m-sa01-sanita-amministrativa/chapters/05-documentazione-accesso-conservazione.md:53) — «Accesso documentale»;Normativa;grave;Manca il requisito del diritto di rango almeno pari per accesso documentale a salute di terzi. Interesse diretto, concreto e attuale da solo non esaurisce il test.;Aggiungere art. 60 Codice privacy, raccordo art. 24, c. 7, L. 241/1990 e caso distinto dal FOIA. Fonte E02.;Aperto;wiki/reviews/audit-integrale-2026-10-02/VOL-07.md
V07-03;VOL-07;[SA01/05:251](/C:/Users/info/OneDrive/Desktop/concorso-book-os/wiki/books/moduli/m-sa01-sanita-amministrativa/chapters/05-documentazione-accesso-conservazione.md:251) — «termini»;Completezza;grave;Il lettore viene rinviato ai termini della procedura senza apprendere la regola nazionale speciale sul rilascio della documentazione sanitaria.;"Inserire L. 24/2017, art. 4, c. 2: documentazione disponibile entro sette giorni; integrazioni entro trenta dalla richiesta, aventi diritto e controlli di legittimazione. Non trattare il termine come soltanto aziendale. E03.";Aperto;wiki/reviews/audit-integrale-2026-10-02/VOL-07.md
V07-12;VOL-07;[SA01/10:26](/C:/Users/info/OneDrive/Desktop/concorso-book-os/wiki/books/moduli/m-sa01-sanita-amministrativa/chapters/10-procurement-farmaci-dispositivi-magazzino.md:26) — «farmaci»;Completezza;grave;"Farmaci e dispositivi nel titolo ricevono soprattutto la stessa logica generale di acquisto. Mancano nozioni settoriali per distinguere medicinale, dispositivo e relative autorizzazioni/classi; SA04/04 copre solo parte del bisogno.";"Inserire nucleo amministrativo su AIC e classi di rimborsabilità A/H/C, rinvio preciso a SA04/04 per MDR/IVDR, centralizzazione acquisti/soggetti aggregatori e NSO; fonti AIFA, MEF e normativa ufficiale. Escludere prescrizioni terapeutiche.";Aperto;wiki/reviews/audit-integrale-2026-10-02/VOL-07.md
V07-15;VOL-07;[SA02/03:70](/C:/Users/info/OneDrive/Desktop/concorso-book-os/wiki/books/moduli/m-sa02-professioni-sanitarie/chapters/03-discipline-professionali-autonomia-responsabilita.md:70) — «Legge 24»;Completezza;grave;Responsabilità e consenso restano una cornice: non sono spiegati i principali regimi della L. 24/2017 né DAT, minori e pianificazione condivisa della L. 219/2017.;"Aggiungere tabella struttura/professionista/responsabilità civile e penale, art. 590-sexies con limiti, cenno assicurativo; distinguere consenso, rifiuto, DAT e pianificazione. Rinvio a SA02/06 per la relazione di cura già presente.";Aperto;wiki/reviews/audit-integrale-2026-10-02/VOL-07.md
V07-16;VOL-07;[SA02/04:30](/C:/Users/info/OneDrive/Desktop/concorso-book-os/wiki/books/moduli/m-sa02-professioni-sanitarie/chapters/04-assistenza-infermieristica-tecniche-assistenziali-oss.md:30) — «processo assistenziale»;Completezza;grave;Il capitolo di tecniche assistenziali insiste su verificare procedure e confini, ma omette nozioni teoriche fondamentali utilizzabili al concorso.;Inserire diagnosi infermieristica distinta da diagnosi medica, cinque momenti dell’igiene mani e precauzioni standard/per trasmissione, logica delle scale di dolore/funzione/rischio e principi di prevenzione delle infezioni da catetere. Nessun bisogno di settaggi locali o dosi.;Aperto;wiki/reviews/audit-integrale-2026-10-02/VOL-07.md
V07-17;VOL-07;[SA02/05:155](/C:/Users/info/OneDrive/Desktop/concorso-book-os/wiki/books/moduli/m-sa02-professioni-sanitarie/chapters/05-valutazione-clinica-triage-urgenza-emergenza.md:155) — «scala 2 prevista dal documento per BPCO»;Errore clinico;grave;La scala 2 NEWS2 è presentata come scala per BPCO, estensione che può determinare una classificazione errata.;"Precisare insufficienza respiratoria ipercapnica confermata da emogasanalisi corrente/precedente e decisione clinica documentata del target 88–92%; BPCO isolata non basta. Negli altri casi scala 1. Fonte RCP E06.";Aperto;wiki/reviews/audit-integrale-2026-10-02/VOL-07.md
V07-19;VOL-07;[SA02/05:24](/C:/Users/info/OneDrive/Desktop/concorso-book-os/wiki/books/moduli/m-sa02-professioni-sanitarie/chapters/05-valutazione-clinica-triage-urgenza-emergenza.md:24) — «triage»;Completezza;grave;"Non viene insegnato il sistema nazionale a cinque priorità con relativi tempi; il rinvio ai protocolli locali rischia di occultare il nucleo nazionale.";"Aggiungere tabella 1–5: immediato, 15, 60, 120 e 240 minuti con definizioni e rivalutazione; distinguere il colore regionale dal codice nazionale. Fonti E07–E08.";Aperto;wiki/reviews/audit-integrale-2026-10-02/VOL-07.md
V07-20;VOL-07;[SA02/05:281](/C:/Users/info/OneDrive/Desktop/concorso-book-os/wiki/books/moduli/m-sa02-professioni-sanitarie/chapters/05-valutazione-clinica-triage-urgenza-emergenza.md:281) — «BLS»;Completezza;grave;"BLS/ALS/NLS sono soprattutto differenze di finalità e organizzazione; emergenze ostetriche sono etichette senza definizioni e segni discriminanti sufficienti.";"Integrare riconoscimento teorico dell’arresto e sequenza concettuale degli algoritmi versionati; definire e distinguere eclampsia, distocia di spalla, prolasso del funicolo e sepsi materna. Validare su linee correnti senza trasformare il libro in protocollo clinico universale.";Aperto;wiki/reviews/audit-integrale-2026-10-02/VOL-07.md
V07-22;VOL-07;[SA02/08:161](/C:/Users/info/OneDrive/Desktop/concorso-book-os/wiki/books/moduli/m-sa02-professioni-sanitarie/chapters/08-igiene-pubblica-epidemiologia-screening.md:161) — «lo scarto non prova»;Errore quantitativo;grave;"47,4−39,3−7,7=0,4 punti; 77,7−46,8−30,7=0,2. I due scarti sono attribuiti ad arrotondamento e pesatura senza prova. Arrotondare tre valori al decimo non spiega scarti oltre 0,15 punti; pesi comuni non eliminano l’additività.";"Conservare i dati originali se fedeli alla fonte, ma ricostruire denominatori, categorie mancanti e note della tabella. Finché non riconciliati, scrivere che le componenti pubblicate non sommano al totale e che la causa non è stabilita; correggere anche source note e soluzione dell’esercizio cervicale.";Aperto;wiki/reviews/audit-integrale-2026-10-02/VOL-07.md
V07-25;VOL-07;[SA02/09:313](/C:/Users/info/OneDrive/Desktop/concorso-book-os/wiki/books/moduli/m-sa02-professioni-sanitarie/chapters/09-controlli-tpall-verbalizzazione-campionamento-sanzioni.md:313) — «689»;Completezza normativa;grave;L. 689/1981 e D.Lgs. 758/1994 sono nominati senza una sequenza normativa sufficiente per risolvere una prova su contestazione, prescrizione ed estinzione.;"Aggiungere due schemi distinti: accertamento/notifica, difesa/pagamento e ordinanza; prescrizione, verifica adempimento, pagamento e comunicazioni. Verificare termini e condizioni negli articoli vigenti; distinguere il procedimento ambientale del D.Lgs. 152/2006, parte VI-bis.";Aperto;wiki/reviews/audit-integrale-2026-10-02/VOL-07.md
V07-26;VOL-07;[SA02/09:50](/C:/Users/info/OneDrive/Desktop/concorso-book-os/wiki/books/moduli/m-sa02-professioni-sanitarie/chapters/09-controlli-tpall-verbalizzazione-campionamento-sanzioni.md:50) — «AIA»;Completezza;grave;"AIA/AUA, controlli alimentari e sicurezza del lavoro ricevono soprattutto una mappa del controllo; mancano presupposti essenziali dei regimi e contenuti dei relativi oggetti.";Integrare confronto AIA/AUA, quadro DVR e ruoli prevenzionistici, HACCP/rintracciabilità e diritti di controperizia/controversia ex D.Lgs. 27/2021. Un verbale didattico compilato deve mostrare fatti, norma, qualificazione e seguito.;Aperto;wiki/reviews/audit-integrale-2026-10-02/VOL-07.md
V07-28;VOL-07;[SA03/01:241](/C:/Users/info/OneDrive/Desktop/concorso-book-os/wiki/books/moduli/m-sa03-dirigenza-medica-sanitaria/chapters/01-profili-requisiti-prove-dirigenza-sanitaria.md:241) — «la presenza e la modalità»;Normativa e quiz;grave;"Presenza dell’inglese/informatica trattata come variabile puramente eventuale; esercizio classifica inglese come M senza distinguere obbligo generale e modalità concreta.";"Esporre art. 37 D.Lgs. 165/2001 e coordinamento con disciplina speciale; classificare come mobile la modalità/livello, non genericamente l’obbligo. Correggere spiegazione e soluzione; analogo SA04/01 riga 174. Fonte E09.";Aperto;wiki/reviews/audit-integrale-2026-10-02/VOL-07.md
V07-34;VOL-07;[SA03/07:294](/C:/Users/info/OneDrive/Desktop/concorso-book-os/wiki/books/moduli/m-sa03-dirigenza-medica-sanitaria/chapters/07-dirigenza-sanitaria-non-medica-discipline-casi.md:294) — «revisione entrata in vigore il 1° dicembre 2023»;Normativa professionale;grave;"Il codice CNOP 2023 è indicato come vigente; il sito ufficiale lo archivia nel periodo 1/12/2023–24/12/2024 a seguito della sentenza del Consiglio di Stato.";Sostituire il riferimento con la pagina CNOP del codice attualmente vigente, confrontare gli articoli eventualmente recepiti e correggere la source deontologia. La revisione in corso nel 2026 non rimette in vigore il testo 2023. E10–E11.;Aperto;wiki/reviews/audit-integrale-2026-10-02/VOL-07.md
V07-35;VOL-07;[SA04/02:49](/C:/Users/info/OneDrive/Desktop/concorso-book-os/wiki/books/moduli/m-sa04-tecnici-sanitari-prevenzione/chapters/02-tslb-processo-laboratorio-qualita-biosicurezza.md:49) — «Discipline»;Completezza;grave;Biochimica, microbiologia, ematologia e immunologia sono una mappa orientativa, ma la matrice dichiara complete le discipline applicate. Mancano anche precisione/esattezza, calibrazione e interpretazione di controllo qualità.;"Integrare principi analitici di base, differenza calibrazione/controllo, precisione/esattezza e un grafico QC commentato; esempi concettuali per le principali discipline senza reagenti o settaggi universali.";Aperto;wiki/reviews/audit-integrale-2026-10-02/VOL-07.md
V07-36;VOL-07;[SA04/02:25](/C:/Users/info/OneDrive/Desktop/concorso-book-os/wiki/books/moduli/m-sa04-tecnici-sanitari-prevenzione/chapters/02-tslb-processo-laboratorio-qualita-biosicurezza.md:25) — «biosicurezza»;Completezza normativa;grave;"Approccio OMS al rischio senza quadro essenziale dei gruppi di agenti e misure minime nazionali; decontaminazione e rifiuti restano generici.";Raccordare D.Lgs. 81/2008, Titolo X e allegati pertinenti: gruppi/containment, differenze cappe, disinfezione/sterilizzazione e categorie dei rifiuti sanitari. L’approccio al rischio non elimina gli obblighi legali.;Aperto;wiki/reviews/audit-integrale-2026-10-02/VOL-07.md
V07-37;VOL-07;[SA04/03:25](/C:/Users/info/OneDrive/Desktop/concorso-book-os/wiki/books/moduli/m-sa04-tecnici-sanitari-prevenzione/chapters/03-tsrm-imaging-dosimetria-radioprotezione.md:25) — «dosimetria»;Completezza;grave;Grandezze Bq/Gy/Sv sono spiegate, ma mancano indicatori dosimetrici di uso concorsuale e principi fisici essenziali per collegare imaging e rischio.;"Definire CTDIvol, DLP e prodotto dose-area con unità e limiti; effetti stocastici/reazioni tissutali, tempo-distanza-schermatura, limiti di dose professionali/pubblico e distinzione dalle esposizioni mediche; verificare i valori nella norma vigente.";Aperto;wiki/reviews/audit-integrale-2026-10-02/VOL-07.md
P07-03;VOL-07;PDF p. 8 e aperture successive, es. pp. 29, 49, 129, 330;Gerarchia dei titoli;media;Il titolo del capitolo è ripetuto immediatamente sotto la barra BANDO, una volta nero e una volta rosso, senza introdurre una sezione diversa.;"Conservare il titolo principale una sola volta; usare il livello successivo per l'apertura o il primo nucleo effettivo.";Aperto;wiki/reviews/audit-integrale-2026-10-02/PDF-VOL-07.md
P07-04;VOL-07;Indice PDF p. 6;Leggibilità;media;Le sette voci interne del cap. 9 sono a circa 6,75 pt, molto piccole rispetto alla tipografia di collana.;Distribuire l'indice su più spazio e uniformare la leggibilità delle voci interne.;Aperto;wiki/reviews/audit-integrale-2026-10-02/PDF-VOL-07.md
V07-04;VOL-07;[SA01/05:59](/C:/Users/info/OneDrive/Desktop/concorso-book-os/wiki/books/moduli/m-sa01-sanita-amministrativa/chapters/05-documentazione-accesso-conservazione.md:59) — «Fascicolo sanitario elettronico»;Completezza;media;FSE e dossier sono distinti nominalmente ma manca la distinzione essenziale fra alimentazione e consenso alla consultazione per cura.;"Aggiungere quadro nazionale FSE 2.0: alimentazione senza consenso, consenso alla consultazione per cura e relative eccezioni/garanzie, oscuramento; separare il dossier e la sua disciplina. E04–E05.";Aperto;wiki/reviews/audit-integrale-2026-10-02/VOL-07.md
V07-05;VOL-07;[SA01/05:342](/C:/Users/info/OneDrive/Desktop/concorso-book-os/wiki/books/moduli/m-sa01-sanita-amministrativa/chapters/05-documentazione-accesso-conservazione.md:342) — «richiesta di integrazione**,»;Coerenza concettuale;media;La richiesta di integrazione è enumerata insieme agli esiti conclusivi.;"Separare atto istruttorio interlocutorio da accoglimento, parziale, differimento e diniego; precisare effetti sui termini solo con fonte applicabile.";Aperto;wiki/reviews/audit-integrale-2026-10-02/VOL-07.md
V07-06;VOL-07;[SA01/05:412](/C:/Users/info/OneDrive/Desktop/concorso-book-os/wiki/books/moduli/m-sa01-sanita-amministrativa/chapters/05-documentazione-accesso-conservazione.md:412) — «Un file o una scansione»;Definizione;media;La frase confonde appartenenza alla categoria documento informatico ed efficacia probatoria della copia o scansione.;"Definire prima il documento informatico; spiegare poi che firma, integrità e conformità incidono su efficacia e valore probatorio, non sull’essere un documento informatico.";Aperto;wiki/reviews/audit-integrale-2026-10-02/VOL-07.md
V07-08;VOL-07;[SA01/06:573](/C:/Users/info/OneDrive/Desktop/concorso-book-os/wiki/books/moduli/m-sa01-sanita-amministrativa/chapters/06-front-office-comunicazione-utenza.md:573) — «Da otto a dieci punti»;Didattica;media;La valutazione sommativa può qualificare buona una risposta pur con errore su riservatezza o competenza.;"Aggiungere condizioni di insufficienza per divulgazione indebita, accesso illegittimo o promessa fuori competenza, indipendenti dal totale; raccordo con la rubrica dei casi SA02/10.";Aperto;wiki/reviews/audit-integrale-2026-10-02/VOL-07.md
V07-11;VOL-07;[SA01/09:42](/C:/Users/info/OneDrive/Desktop/concorso-book-os/wiki/books/moduli/m-sa01-sanita-amministrativa/chapters/09-contabilita-budget-controllo-gestione.md:42) — «bilancio»;Completezza;media;La trattazione contabile non offre un quadro completo dei documenti fondamentali del bilancio sanitario, dei ruoli e del relativo ciclo nazionale.;"Integrare prospetto essenziale D.Lgs. 118/2011 Titolo II, documenti ex art. 26 e adozione/approvazione ex art. 31; verificare il consolidato prima di attivare termini. Aggiungere un esempio economico-patrimoniale su ammortamento e contributo per investimento.";Aperto;wiki/reviews/audit-integrale-2026-10-02/VOL-07.md
V07-13;VOL-07;[SA01/10:28](/C:/Users/info/OneDrive/Desktop/concorso-book-os/wiki/books/moduli/m-sa01-sanita-amministrativa/chapters/10-procurement-farmaci-dispositivi-magazzino.md:28) — «scorte»;Completezza;media;Magazzino tratta tracciabilità e anomalie ma lascia troppo impliciti rotazione per scadenza e condizioni di conservazione.;"Spiegare FEFO, segregazione prodotti non conformi/ritirati e principio di catena del freddo senza inventare temperature universali; esempio con scorte, consumo e tempo di riordino.";Aperto;wiki/reviews/audit-integrale-2026-10-02/VOL-07.md
V07-18;VOL-07;[SA02/05:34](/C:/Users/info/OneDrive/Desktop/concorso-book-os/wiki/books/moduli/m-sa02-professioni-sanitarie/chapters/05-valutazione-clinica-triage-urgenza-emergenza.md:34) — «NEWS2»;Completezza clinica;media;La tabella NEWS2 è inserita in capitolo anche ostetrico senza rendere esplicito il perimetro di validazione e le esclusioni.;"Esplicitare applicazione adulti e non uso standard sotto i 16 anni/in gravidanza; indicare strumenti appropriati al setting, verificati nelle linee correnti. E06.";Aperto;wiki/reviews/audit-integrale-2026-10-02/VOL-07.md
V07-21;VOL-07;[SA02/06:36](/C:/Users/info/OneDrive/Desktop/concorso-book-os/wiki/books/moduli/m-sa02-professioni-sanitarie/chapters/06-prevenzione-continuita-presa-in-carico.md:36) — «Centrale»;Rinvii e completezza;media;"Il quadro territoriale si appoggia soprattutto al manuale AGENAS 2022; il lettore non è guidato ai nuovi contenuti SSN del capitolo SA01/04.";Rinvio preciso a SA01/04 e sintesi D.M. 77/2022 su Casa della comunità, COT, Ospedale di comunità e IFeC, distinguendo standard nazionale e attuazione locale.;Aperto;wiki/reviews/audit-integrale-2026-10-02/VOL-07.md
V07-23;VOL-07;[SA02/08:40](/C:/Users/info/OneDrive/Desktop/concorso-book-os/wiki/books/moduli/m-sa02-professioni-sanitarie/chapters/08-igiene-pubblica-epidemiologia-screening.md:40) — «definizione operativa»;Terminologia;media;La sezione usa definizione operativa di focolaio per criteri che individuano il caso nell’indagine.;"Rinominare definizione operativa di caso e distinguere l’aggregazione epidemiologica del focolaio; il capitolo SA03/05 e la source PREMAL offrono già la distinzione corretta.";Aperto;wiki/reviews/audit-integrale-2026-10-02/VOL-07.md
V07-24;VOL-07;[SA02/08:22](/C:/Users/info/OneDrive/Desktop/concorso-book-os/wiki/books/moduli/m-sa02-professioni-sanitarie/chapters/08-igiene-pubblica-epidemiologia-screening.md:22) — «screening»;Completezza;media;"Si calcolano coperture senza una mappa essenziale dei tre programmi oncologici, popolazioni, test e intervalli; PREMAL non separa bene termini nazionali e organizzazione locale.";Aggiungere quadro dei programmi con data e limiti regionali, poi tabella del flusso PREMAL dal medico ai livelli aziendale/regionale/nazionale, termini verificati nel decreto e definizioni pertinenti.;Aperto;wiki/reviews/audit-integrale-2026-10-02/VOL-07.md
V07-27;VOL-07;[SA02/10:28](/C:/Users/info/OneDrive/Desktop/concorso-book-os/wiki/books/moduli/m-sa02-professioni-sanitarie/chapters/10-prova-pratica-casi-professionali.md:28) — «Caso»;Didattica;media;"I cinque casi esercitano prevalentemente interruzione/allerta/rinvio; tali mosse sono corrette ma ripetono i capitoli precedenti.";"Aggiungere almeno un caso completo per profilo con dati sufficienti e un output valutabile fino alla conclusione nel perimetro di competenza; mantenere i casi di escalation come tipologia distinta.";Aperto;wiki/reviews/audit-integrale-2026-10-02/VOL-07.md
V07-29;VOL-07;[SA03/01:110](/C:/Users/info/OneDrive/Desktop/concorso-book-os/wiki/books/moduli/m-sa03-dirigenza-medica-sanitaria/chapters/01-profili-requisiti-prove-dirigenza-sanitaria.md:110) — «punteggi»;Completezza normativa;media;Punteggi e soglie sono quasi soltanto dati da recuperare nel bando: manca lo schema ordinario del D.P.R. 483/1997 per profilo.;"Insegnare quadro nazionale ordinario con eccezioni e coordinamento normativo, poi far confrontare il bando. Analogo D.P.R. 220/2001 per SA02/01 e SA04/01; non generalizzare da un singolo bando.";Aperto;wiki/reviews/audit-integrale-2026-10-02/VOL-07.md
V07-30;VOL-07;[SA03/02:42](/C:/Users/info/OneDrive/Desktop/concorso-book-os/wiki/books/moduli/m-sa03-dirigenza-medica-sanitaria/chapters/02-programmazione-sanitaria-organizzazione-servizi.md:42) — «LEA»;Rinvii e completezza;media;La programmazione dirigenziale è prevalentemente metodo astratto, con standard e indicatori nominati. La matrice dichiara NSG/NSIS coperti mentre la source governance esclude i claim NSG per acquisizione bloccata.;"Raccordare teoria a SA01/04, aggiungere un cruscotto con definizioni di indicatori, numeratori/denominatori e target didattici; acquisire fonte NSG valida e riconciliare matrice e fonti.";Aperto;wiki/reviews/audit-integrale-2026-10-02/VOL-07.md
V07-31;VOL-07;[SA03/03:56](/C:/Users/info/OneDrive/Desktop/concorso-book-os/wiki/books/moduli/m-sa03-dirigenza-medica-sanitaria/chapters/03-linee-guida-appropriatezza-decisioni-cliniche.md:56) — «autonomamente»;Adeguatezza destinatario;media;La formula che il testo non autorizza a scegliere autonomamente una terapia è ambigua in un capitolo rivolto a dirigenti medici già abilitati.;"Riformulare come limite del manuale concorsuale: la decisione clinica resta responsabilità del professionista nel caso reale, secondo evidenze e competenze; evitare negazioni generali dell’autonomia medica.";Aperto;wiki/reviews/audit-integrale-2026-10-02/VOL-07.md
V07-32;VOL-07;[SA03/04:26](/C:/Users/info/OneDrive/Desktop/concorso-book-os/wiki/books/moduli/m-sa03-dirigenza-medica-sanitaria/chapters/04-governo-clinico-hta-qualita-accreditamento-rischio.md:26) — «rischio»;Completezza;media;Strumenti di rischio clinico ancora poco sviluppati: evento sentinella/SIMES, RCA e FMEA non hanno un confronto operativo sufficiente.;"Definire evento avverso, near miss ed evento sentinella; distinguere RCA retrospettiva e FMEA proattiva, con una piccola applicazione e rinvio al contributo RCA di SA04/04.";Aperto;wiki/reviews/audit-integrale-2026-10-02/VOL-07.md
V07-33;VOL-07;[SA03/06:28](/C:/Users/info/OneDrive/Desktop/concorso-book-os/wiki/books/moduli/m-sa03-dirigenza-medica-sanitaria/chapters/06-dirigenza-medica-discipline-casi.md:28) — «Caso»;Didattica;media;Il caso dispone di parametri ma la soluzione resta su categorie di ipotesi, senza mostrare un confronto diagnostico discriminante.;"Completare il solo caso illustrativo con ipotesi esemplificative, dati a favore/contro e verifiche discriminanti; non aggiungere un’enciclopedia delle specialità esclusa dal progetto.";Aperto;wiki/reviews/audit-integrale-2026-10-02/VOL-07.md
V07-38;VOL-07;[SA04/03:36](/C:/Users/info/OneDrive/Desktop/concorso-book-os/wiki/books/moduli/m-sa04-tecnici-sanitari-prevenzione/chapters/03-tsrm-imaging-dosimetria-radioprotezione.md:36) — «risonanza»;Completezza;media;Risonanza e particolari esposizioni non ricevono un quadro sufficiente dei rischi specifici.;"Aggiungere rischio proiettile, impianti/compatibilità, RF, rumore e criogeni; riferimento al D.M. 14/1/2021 e criteri generali di sicurezza, più esposizioni in gravidanza; nessun protocollo esecutivo.";Aperto;wiki/reviews/audit-integrale-2026-10-02/VOL-07.md
V07-39;VOL-07;[SA04/03:27](/C:/Users/info/OneDrive/Desktop/concorso-book-os/wiki/books/moduli/m-sa04-tecnici-sanitari-prevenzione/chapters/03-tsrm-imaging-dosimetria-radioprotezione.md:27) — «artefatt»;Apparati;media;Il capitolo promette ragionamento sulla qualità dell’immagine e sugli artefatti ma non presenta un’immagine o schema esaminabile.;Inserire almeno due immagini didattiche originali o con licenza e didascalia, domanda, risposta e limite interpretativo.;Aperto;wiki/reviews/audit-integrale-2026-10-02/VOL-07.md
V07-40;VOL-07;[SA04/04:41](/C:/Users/info/OneDrive/Desktop/concorso-book-os/wiki/books/moduli/m-sa04-tecnici-sanitari-prevenzione/chapters/04-tecnologie-dispositivi-apparecchiature-rischio.md:41) — «incidente grave»;Definizione e completezza;media;"Definizione di incidente grave circolare, rinvia alle conseguenze definite nel regolamento senza renderle apprendibili; classi e identificazione restano poco sviluppate.";"Esplicitare morte, grave deterioramento della salute e grave minaccia per la salute pubblica; aggiungere classi MDR/IVDR, UDI e distinzione FSCA/FSN. Conservare i termini corretti del D.M. 1/7/2025: tempestivamente entro 10 giorni per grave, facoltà entro 30 per non grave. E12.";Aperto;wiki/reviews/audit-integrale-2026-10-02/VOL-07.md
V07-41;VOL-07;[SA03/07:192](/C:/Users/info/OneDrive/Desktop/concorso-book-os/wiki/books/moduli/m-sa03-dirigenza-medica-sanitaria/chapters/07-dirigenza-sanitaria-non-medica-discipline-casi.md:192) — «Humanizer»;Residui editoriali;media;Istruzioni di produzione sono presenti nella prosa per il lettore: gate, Humanizer, audit step 15. Ricorrono anche SA03/06 e SA04/04.;"Togliere dalla destinazione pubblica le istruzioni di pipeline, mantenendole nei report di lavoro; conservare soltanto cut-off e limiti informativi utili al candidato.";Aperto;wiki/reviews/audit-integrale-2026-10-02/VOL-07.md
V07-07;VOL-07;[SA01/04:44](/C:/Users/info/OneDrive/Desktop/concorso-book-os/wiki/books/moduli/m-sa01-sanita-amministrativa/chapters/04-atti-procedimenti-flussi-informativi.md:44) — «Atti, procedimenti e flussi»;Struttura;lieve;"Il capitolo ampliato comprende SSN, organi, LEA e accreditamento; titolo e seconda apertura mantengono la precedente enfasi su atti e flussi.";Adeguare titolo/sommario e raccordare le due aperture. Conservare le integrazioni nazionali del 2 ottobre, che colmano le lacune precedentemente segnalate.;Aperto;wiki/reviews/audit-integrale-2026-10-02/VOL-07.md
V07-09;VOL-07;[SA01/06:522](/C:/Users/info/OneDrive/Desktop/concorso-book-os/wiki/books/moduli/m-sa01-sanita-amministrativa/chapters/06-front-office-comunicazione-utenza.md:522) — «riscrittura»;Chiarezza;lieve;Gli esempi di comunicazione semplificata conservano formule come documento indicato nel modulo/canale previsto/ufficio competente.;Completare un esempio fittizio con documento, ufficio, canale e azione realmente nominati, indicando che i dati sono illustrativi.;Aperto;wiki/reviews/audit-integrale-2026-10-02/VOL-07.md
V07-10;VOL-07;[SA01/09:546](/C:/Users/info/OneDrive/Desktop/concorso-book-os/wiki/books/moduli/m-sa01-sanita-amministrativa/chapters/09-contabilita-budget-controllo-gestione.md:546) — «−4,45%»;Calcolo;lieve;Il calcolo usa il costo unitario già arrotondato: la variazione esatta da 20 a 516000/27000 è −4,4444…%, non −4,45%.;"Conservare precisione nei passaggi intermedi e scrivere circa −4,44% nelle due occorrenze; costo 19,11 euro e differenza −0,89 euro restano corretti come importi arrotondati.";Aperto;wiki/reviews/audit-integrale-2026-10-02/VOL-07.md
V07-14;VOL-07;[SA01/10:87](/C:/Users/info/OneDrive/Desktop/concorso-book-os/wiki/books/moduli/m-sa01-sanita-amministrativa/chapters/10-procurement-farmaci-dispositivi-magazzino.md:87) — «definisce»;Lingua;lieve;Nello stesso elenco operativo si alternano imperativi e indicativi: identifica/definisce/distingue/propone.;"Uniformare in identifica, definisci, distingui, proponi; verificare anche prevede/prevedi nell’esercizio SA02/05.";Aperto;wiki/reviews/audit-integrale-2026-10-02/VOL-07.md
P08-03;VOL-08;pp. 223;Apparati compilabili;grave;Il Diario degli errori ha otto colonne strette, intestazioni spezzate e una sola riga bianca alta pochi millimetri: non consente una compilazione manuale utile.;"Fornire una pagina di lavoro con righe alte e più spazio oppure una scheda separata chiaramente accessibile; preservare una struttura leggibile nel volume.";Non applicato;wiki/reviews/audit-integrale-2026-10-02/PDF-VOL-08.md
V08-02;VOL-08;Cap. 10, r.35;Coerenza del metodo;grave;"«Base; Attori; Nodi; Documenti»: BANDO cambia significato nei capitoli 10, 11 (r. 35) e 12 (r. 47), rispetto a Bando, Aree, Nuclei, Diario, Output usato nel resto della collana.";Ripristinare le cinque voci canoniche e ricollocare attori/documenti al loro interno.;Non applicato;wiki/reviews/audit-integrale-2026-10-02/VOL-08.md
V08-09;VOL-08;Cap. 04, r.305;Copertura didattica;grave;«livelli di isolamento»: L’isolamento è promesso ma mancano i quattro livelli e le anomalie che permettono di distinguerli.;"Aggiungere una tabella di livelli/anomalie e una sequenza di due transazioni; segnalare differenze del DBMS scelto.";Non applicato;wiki/reviews/audit-integrale-2026-10-02/VOL-08.md
V08-14;VOL-08;Cap. 07, r.177;Copertura normativa;grave;"«strategici, critici e ordinari»: Le classi cloud sono nominate senza i criteri di impatto; il regolamento 2024 resta privo di estremi e regime.";Inserire tabella classi/impatti/esempi e riferimento al decreto 21007/24, separando quadro stabile e verifica corrente della qualificazione.;Non applicato;wiki/reviews/audit-integrale-2026-10-02/VOL-08.md
V08-17;VOL-08;Cap. 09, r.149;Copertura normativa;grave;"«verificare»: NIS2 è ridotta al richiamo del d.lgs. 138/2024 e alla verifica futura: non insegna essenziali/importanti, obblighi di governance, criteri e sequenza delle notifiche; manca il raccordo con legge 90/2024.";"Sviluppare il nucleo normativo datato con presupposti, soggetti, atti ACN e decorrenze per coorte; distinguere 24/72 ore e relazione finale, GDPR e altri regimi senza universalizzare.";Non applicato;wiki/reviews/audit-integrale-2026-10-02/VOL-08.md
V08-18;VOL-08;Cap. 09, r.86;Copertura tecnica;grave;«crittografia»: Per un percorso cyber specialistico la trattazione non rende operative le differenze tra chiavi simmetriche/asimmetriche, firma, hash, certificati e catena di fiducia.;Aggiungere schema delle chiavi, esempi di cifratura/firma, proprietà del digest, PKI/TLS e password hashing, distinguendo concetti da prescrizioni di algoritmo.;Non applicato;wiki/reviews/audit-integrale-2026-10-02/VOL-08.md
V08-21;VOL-08;Cap. 10, r.192;Definizione normativa;grave;«quando pertinente»: La definizione di open data rende eventuale il formato leggibile meccanicamente e non espone i tre requisiti cumulativi del CAD art. 1 l-ter.;"Esporre licenza/uso anche commerciale, formato aperto utilizzabile automaticamente con metadati, gratuità o regole di costo ammesse; distinguere dalle esclusioni di pubblicazione.";Non applicato;wiki/reviews/audit-integrale-2026-10-02/VOL-08.md
V08-25;VOL-08;Cap. 11, r.169;Copertura normativa;grave;"«calendario»: La compliance non sviluppa definizioni dei ruoli, criteri di rischio, principali obblighi PA né calendario; la legge 132/2025 resta un titolo, senza art. 14.";"Inserire casi classificati, responsabilità del deployer e regole PA; ricostruire il calendario dal testo vigente comprensivo delle modifiche 2026 e distinguere obblighi già applicabili/futuri.";Non applicato;wiki/reviews/audit-integrale-2026-10-02/VOL-08.md
V08-26;VOL-08;Cap. 11, r.102;Copertura didattica;grave;"«F1»: Il profilo data/AI non è sostenuto da algoritmi spiegati né da un calcolo completo di metriche; il cap. 3 r. 46 promette algoritmi ML nel cap. 11.";"Aggiungere almeno un metodo supervisionato e uno non supervisionato con esempio e una matrice di confusione svolta con precision/recall/F1; oppure delimitare esplicitamente la promessa del profilo.";Non applicato;wiki/reviews/audit-integrale-2026-10-02/VOL-08.md
V08-27;VOL-08;Cap. 12, r.65;Copertura normativa ICT;grave;"«riuso»: La scelta sviluppare/acquistare/riusare non espone valutazione comparativa e riuso degli artt. 68–69 CAD; il richiamo Consip non spiega gli obblighi specifici ICT.";"Sviluppare CAD 68–69 e linee guida Ag ID con una decisione motivata; verificare e integrare legge 208/2015 commi 512 ss. con ambito/eccezioni e rinvio preciso al VOL 09.";Non applicato;wiki/reviews/audit-integrale-2026-10-02/VOL-08.md
V08-31;VOL-08;Cap. 13, r.475;Esercitazione;grave;"«Caso autonomo»: Il caso autonomo ha una rubrica ma non una soluzione modello; lo scritto tecnico a r. 445 offre una scaletta senza un elaborato effettivo.";"Fornire architettura motivata, alternative, assunzioni, test e criteri di punteggio con esempi di risposte; inserire una simulazione tecnica con artefatti verificabili.";Non applicato;wiki/reviews/audit-integrale-2026-10-02/VOL-08.md
P08-01;VOL-08;pp. 6–7;Leggibilità;media;L’indice completo usa testo di circa 6,75 punti, con etichette anche a 6,6 punti: è molto fitto per la consultazione su carta.;"Aumentare il corpo e distribuire l’indice su più pagine; verificare una prova in dimensioni reali.";Non applicato;wiki/reviews/audit-integrale-2026-10-02/PDF-VOL-08.md
P08-02;VOL-08;pp. 157;Tabelle;media;La timeline spezza parole senza sillabazione, per esempio Responsa/bile e amministrati/vo. La tabella soprastante ripete quattro volte le medesime intestazioni sulla stessa pagina.;Ridisegnare larghezze e righe, ridurre i campi per tabella e ripetere l’intestazione solo quando utile alla continuazione.;Non applicato;wiki/reviews/audit-integrale-2026-10-02/PDF-VOL-08.md
V08-01;VOL-08;Indice modulo, r.1;Stato editoriale;media;"«publication-ready»: L’indice dichiara la pubblicabilità ma il suo Stato editoriale rinvia ancora agli step 13–24; M-TR02 è descritto come incompleto.";Riconciliare indice, matrice e stato effettivo senza trasformare il metadato in certificazione.;Non applicato;wiki/reviews/audit-integrale-2026-10-02/VOL-08.md
V08-03;VOL-08;Cap. 01, r.1;Destinazione editoriale;media;«Apparato di verifica dei nuclei»: Tutti i capitoli mantengono apparati di tracciabilità e formule rivolte al verificatore, non al candidato.;"Conservare la tracciabilità nei file di lavoro; rendere il riepilogo per il lettore una mappa di studio senza linguaggio di audit.";Non applicato;wiki/reviews/audit-integrale-2026-10-02/VOL-08.md
V08-04;VOL-08;Cap. 02, r.137;Precisione tecnica;media;"«rappresentazione»: Complemento a due non nominato né mostrato; la virgola mobile è descritta con grandezza invece di esponente e significando.";"Dare nomi corretti, intervalli e un esempio breve di rappresentazione e overflow; distinguere il modello dalla precisione effettiva.";Non applicato;wiki/reviews/audit-integrale-2026-10-02/VOL-08.md
V08-05;VOL-08;Cap. 03, r.367;Precisione tecnica;media;«memoria aggiuntiva»: La complessità spaziale è identificata con la sola memoria ausiliaria.;Distinguere spazio totale, spazio dell’input e spazio ausiliario, dichiarando la convenzione degli esercizi.;Non applicato;wiki/reviews/audit-integrale-2026-10-02/VOL-08.md
V08-06;VOL-08;Cap. 03, r.381;Precisione tecnica;media;«cresce linearmente»: O grande è definito come limite superiore ma poi interpretato come crescita esatta, anche nel raddoppio quadratico del quiz 5.;Usare Theta per l’ordine stretto oppure dichiarare il termine dominante e l’ipotesi semplificata del quiz.;Non applicato;wiki/reviews/audit-integrale-2026-10-02/VOL-08.md
V08-07;VOL-08;Cap. 03, r.561;Fonti;media;«materiali didattici universitari»: Le fonti di algoritmi non sono identificabili.;Indicare autore, titolo, edizione o documentazione primaria e sezioni usate.;Non applicato;wiki/reviews/audit-integrale-2026-10-02/VOL-08.md
V08-08;VOL-08;Cap. 04, r.97;Esempio tecnico;media;"«id_ufficio»: Lo schema non impone NOT NULL sulla chiave esterna benché ogni pratica debba appartenere a un ufficio; l’esempio Assegnazione a r. 169 ragiona inoltre su un attributo non riportato nello schema.";"Allineare vincoli e schema alla cardinalità dichiarata; esplicitare gli attributi dell’esempio di normalizzazione.";Non applicato;wiki/reviews/audit-integrale-2026-10-02/VOL-08.md
V08-10;VOL-08;Cap. 05, r.377;Precisione tecnica;media;«richiesta HTTP»: L’incapsulamento presume TCP senza precisare la versione di HTTP.;"Dichiarare HTTP/1.1 o HTTP/2 nell’esempio; ricordare HTTP/3 su QUIC.";Non applicato;wiki/reviews/audit-integrale-2026-10-02/VOL-08.md
V08-11;VOL-08;Cap. 06, r.146;Coerenza tecnica;media;"«Livello»: La regressione compare fra i livelli di test; a r. 415 il capitolo spiega correttamente che è uno scopo trasversale.";Separare livelli e finalità del test in tabella.;Non applicato;wiki/reviews/audit-integrale-2026-10-02/VOL-08.md
V08-12;VOL-08;Cap. 06, r.357;Esercitazione;media;«veloce»: La soluzione dell’esercizio sul requisito misurabile dice cosa specificare ma non formula un requisito verificabile.;Fornire un esempio con soglia e carico dichiarati come ipotetici e relativo test di accettazione.;Non applicato;wiki/reviews/audit-integrale-2026-10-02/VOL-08.md
V08-13;VOL-08;Cap. 06, r.1;Copertura didattica;media;«API»: La progettazione di API resta descrittiva: mancano un payload, codici di risposta e un contratto minimo concreto.;"Aggiungere un esempio end-to-end, con autorizzazione, errore e versionamento; spiegare i vincoli REST prima delle scelte implementative.";Non applicato;wiki/reviews/audit-integrale-2026-10-02/VOL-08.md
V08-15;VOL-08;Cap. 08, r.287;Terminologia;media;«STRIDE»: Le sei categorie sono elencate in inglese senza spiegazione applicativa.;Tradurre e associare a ciascuna una minaccia e un controllo sul caso della PA.;Non applicato;wiki/reviews/audit-integrale-2026-10-02/VOL-08.md
V08-16;VOL-08;Cap. 08, r.530;Esercitazione;media;«risposta aperta»: Due soluzioni si limitano al criterio generale di correzione.;Mostrare una risposta svolta con asset, minaccia, rischio e controllo motivato.;Non applicato;wiki/reviews/audit-integrale-2026-10-02/VOL-08.md
V08-19;VOL-08;Cap. 09, r.218;Qualità dei quiz;media;"«NO»: Tutte le sei domande dei capitoli 9 e 10 hanno risposta negativa prevedibile; nel 9 la domanda 6 confronta una notifica con un evento data breach.";"Alternare casi e opzioni plausibili; confrontare incidente cyber e violazione di dati, poi i rispettivi obblighi di notifica.";Non applicato;wiki/reviews/audit-integrale-2026-10-02/VOL-08.md
V08-22;VOL-08;Cap. 10, r.196;Copertura normativa;media;«possono includere»: Gli obblighi HVD sono formulati come possibilità indistinta.;"Indicare per quali serie e condizioni sono richiesti API, formato e download massivo secondo regolamento 2023/138 e allegato; non generalizzare oltre il campo di applicazione.";Non applicato;wiki/reviews/audit-integrale-2026-10-02/VOL-08.md
V08-23;VOL-08;Cap. 10, r.223;Rinvio insufficiente;media;«procedure di adesione»: Il rinvio al capitolo 6 promette procedure e dettagli PDND che quel capitolo non contiene.;Aggiungere una spiegazione sufficiente o rinviare a una sezione effettiva e a documentazione ufficiale puntuale, correggendo la promessa.;Non applicato;wiki/reviews/audit-integrale-2026-10-02/VOL-08.md
V08-28;VOL-08;Cap. 12, r.115;Esercitazione;media;«valore»: Nessun esempio numerico consente di calcolare disponibilità, SLA o scostamento, nonostante la promessa misurativa.;Dare un dataset minimo e calcolo svolto con periodo, esclusioni e soglia ipotetica, evitando numeri presentati come obblighi universali.;Non applicato;wiki/reviews/audit-integrale-2026-10-02/VOL-08.md
V08-29;VOL-08;Cap. 12, r.216;Ruoli;media;«quando previsto»: La funzione di direzione dell’esecuzione appare eventuale, senza distinguere esercizio da parte del RUP e nomina separata del DEC.;Spiegare la distinzione e rinviare al presupposto normativo preciso per il DEC distinto dal RUP.;Non applicato;wiki/reviews/audit-integrale-2026-10-02/VOL-08.md
V08-30;VOL-08;Cap. 12, r.263;Ruoli privacy;media;«validazione»: La necessaria validazione del DPO è formulata come potere autorizzativo, in tensione con il cap. 10 che ne descrive il ruolo consultivo.;Attribuire la decisione al titolare e qualificare informazione/consulenza/sorveglianza del DPO secondo il caso, senza creare un visto generale obbligatorio.;Non applicato;wiki/reviews/audit-integrale-2026-10-02/VOL-08.md
V08-32;VOL-08;Cap. 07, r.238;Stile e progressione;media;"«DevOps»: Ripetizioni additive estese nei capitoli 7–13; nel 10 le definizioni arrivano dopo applicazioni e riprese.";"Accorpare i paragrafi che non aggiungono concetti; usare spazio recuperato per teoria, esempi e soluzioni mancanti.";Non applicato;wiki/reviews/audit-integrale-2026-10-02/VOL-08.md
P08-04;VOL-08;"pp. 9 e aperture successive; dettaglio 211";Gerarchia;lieve;Il titolo del capitolo compare due volte a distanza ravvicinata, prima in nero e poi in rosso. Il piccolo nastro BANDO occupa la zona intermedia.;"Eliminare la duplicazione o distinguere titolo e sottotitolo; conservare una gerarchia editoriale uniforme.";Non applicato;wiki/reviews/audit-integrale-2026-10-02/PDF-VOL-08.md
P08-05;VOL-08;pp. 231;Impaginazione;lieve;Una breve avvertenza conclusiva occupa una pagina quasi vuota.;"Valutare il recupero alla fine della pagina precedente senza comprimere il testo; mantenere la nuova pagina solo se scelta editoriale intenzionale.";Non applicato;wiki/reviews/audit-integrale-2026-10-02/PDF-VOL-08.md
V08-20;VOL-08;Cap. 09, r.100;Refuso;lieve;«nel ignorare»: Preposizione articolata errata.;Sostituire con nell’ignorare.;Non applicato;wiki/reviews/audit-integrale-2026-10-02/VOL-08.md
V08-24;VOL-08;Cap. 10, r.111;Refuso;lieve;«usare interno»: Forma verbale al posto del sostantivo.;Sostituire con uso interno.;Non applicato;wiki/reviews/audit-integrale-2026-10-02/VOL-08.md
P09-01;VOL-09;pp. 11;Tabelle;grave;Dopo il titolo 1.2 Strumenti e applicazioni, le righe Progettazione, Affidamento, Esecuzione e successive sono stampate come un paragrafo con barre verticali, anziché come tabella. Conferma V09-01.;Riparare la struttura Markdown prima di esportare e verificare la continuità dell’intera tabella.;Non applicato;wiki/reviews/audit-integrale-2026-10-02/PDF-VOL-09.md
P09-02;VOL-09;pp. 85, 127, 168;Quiz e titoli;grave;"A pagina 85 il titolo 6.3 Quiz 3 è inserito sotto QUIZ 2; a pagina 127 un titolo separa domanda e opzioni; a pagina 168 il titolo 12.3 divide le opzioni C e D. Conferma V09-02.";Spostare i titoli all’esterno delle unità domanda/opzioni/soluzione, rinumerare e ricontrollare sommario e flusso di lettura.;Non applicato;wiki/reviews/audit-integrale-2026-10-02/PDF-VOL-09.md
P09-04;VOL-09;pp. 6–7 e chiusura 209;Apparati mancanti;grave;Il sommario e la chiusura del PDF non contengono le cinque appendici A–E promesse dal progetto editoriale. Conferma il rilievo testuale sulle appendici.;Completare e includere le appendici, oppure riallocare i contenuti indispensabili e correggere coerentemente la promessa editoriale.;Non applicato;wiki/reviews/audit-integrale-2026-10-02/PDF-VOL-09.md
V09-01;VOL-09;Cap.1, r.92;Contenuto e didattica;grave;«## Nucleo»: Un titolo interrompe una tabella Markdown, lasciando le righe successive senza intestazione. Difetto analogo nel cap. 5 r. 137 e cap. 9 r. 209.;Spostare i titoli fuori dalle tabelle e verificare il rendering delle strutture intere.;Non applicato;wiki/reviews/audit-integrale-2026-10-02/VOL-09.md
V09-02;VOL-09;Cap.6, r.173;Contenuto e didattica;grave;"«Quiz 3»: Titoli di nucleo inseriti dentro unità didattiche: cap. 6 dentro quiz 2; cap. 9 r. 151 fra domanda 2 e opzioni; cap. 12 r. 195 fra opzioni C e D; cap. 2 r. 232 fra domanda e risposta.";"Ricostruire la gerarchia dei titoli mantenendo domanda, opzioni, risposta e commento nella stessa unità; non limitarsi al CSS.";Non applicato;wiki/reviews/audit-integrale-2026-10-02/VOL-09.md
V09-06;VOL-09;Cap.2, r.48;Contenuto e didattica;grave;«classi»: Qualificazione e autonomia di acquisto sono promesse ma il testo evita classi, soglie e requisiti: i soli indizi di capacità alle rr.128–134 non permettono di risolvere un caso.;Sviluppare artt. 62–63 e allegato II.4 nel testo vigente, livelli, requisiti, acquisti autonomi e obblighi di ricorso a soggetti qualificati, con esempio datato.;Non applicato;wiki/reviews/audit-integrale-2026-10-02/VOL-09.md
V09-07;VOL-09;Cap.2, r.106;Contenuto e didattica;grave;"«responsabili di fase»: Nomina/requisiti del RUP e articolazione delle fasi restano descrittivi; DEC presentato come eventuale senza distinguere funzione e nomina separata.";Integrare art. 15, allegato I.2 e regole DEC con gruppi di fasi corretti, nomina, requisiti, responsabilità e caso di separazione RUP/DEC.;Non applicato;wiki/reviews/audit-integrale-2026-10-02/VOL-09.md
V09-09;VOL-09;Cap.3, r.201;Contenuto e didattica;grave;«programmazione»: Assenti disciplina operativa della programmazione e un esempio: durata, aggiornamento, presupposti di inserimento, CUI e schemi non sono insegnati.;"Integrare art. 37 e allegato I.5 distinguendo lavori/acquisti, soglie e aggiornamenti; compilare una riga di programma.";Non applicato;wiki/reviews/audit-integrale-2026-10-02/VOL-09.md
V09-10;VOL-09;Cap.3, r.172;Contenuto e didattica;grave;"«lotti»: La scelta dei lotti non espone la regola e l’onere di motivazione dell’art. 58; il calcolo del valore non tratta sistematicamente IVA, opzioni, rinnovi e aggregazione.";Spiegare artt. 14 e 58 con calcolo numerico e caso di mancata suddivisione motivata.;Non applicato;wiki/reviews/audit-integrale-2026-10-02/VOL-09.md
V09-11;VOL-09;Cap.4, r.128;Contenuto e didattica;grave;"«requisiti»: Cause automatiche/non automatiche, grave illecito professionale, self-cleaning, avvalimento e RTI sono assenti o solo nominati; mancano condizioni per OEPV/minor prezzo e soccorso istruttorio.";"Sviluppare nuclei distinti con artt. 94–101 e 108, termini, limiti e casi; risolvere un esempio di requisito e uno di soccorso.";Non applicato;wiki/reviews/audit-integrale-2026-10-02/VOL-09.md
V09-12;VOL-09;Cap.4, r.77;Contenuto e didattica;grave;"«avvio»: La documentazione della gara è descritta senza gli elementi essenziali della decisione di contrarre e dell’affidamento diretto; nessun atto effettivamente compilato.";Integrare art. 17 e fornire almeno un atto annotato, distinguendo motivazione, requisiti e oggetto.;Non applicato;wiki/reviews/audit-integrale-2026-10-02/VOL-09.md
V09-14;VOL-09;Cap.5, r.46;Contenuto e didattica;grave;«importi»: Il capitolo sotto soglia esclude deliberatamente gli importi e non sviluppa procedure, numero di operatori, interesse transfrontaliero, deroghe alla rotazione e controlli semplificati.;"Inserire quadro datato degli artt. 48–52, soglie UE 2026 e nazionali distinte, rotazione con presupposti cumulativi/eccezioni e verifica requisiti sotto 40000 euro; aggiungere casi con importi.";Non applicato;wiki/reviews/audit-integrale-2026-10-02/VOL-09.md
V09-16;VOL-09;Cap.6, r.106;Contenuto e didattica;grave;«FVOE»: Il flusso digitale non insegna certificazione PAD, pubblicità legale, rapporto PCP/BDNCP/FVOE, adempimenti di trasparenza ed eForms con sufficienti riferimenti e passaggi.;"Integrare artt. 19–36 e atti ANAC applicabili, una sequenza temporale reale e il significato del lotto per CIG; qualificare la tabella se non cronologica.";Non applicato;wiki/reviews/audit-integrale-2026-10-02/VOL-09.md
V09-17;VOL-09;Cap.7, r.102;Contenuto e didattica;grave;«obblighi»: Gli obblighi di acquisto centralizzato, inclusi quelli ICT, sono rinviati alla verifica: non esiste la matrice ente/oggetto/importo/strumento/eccezione promessa.;Sviluppare le pertinenti disposizioni delle leggi 488/1999, 296/2006 e 208/2015 e compilare casi, distinguendo obbligo di parametro e obbligo di strumento.;Non applicato;wiki/reviews/audit-integrale-2026-10-02/VOL-09.md
V09-18;VOL-09;Cap.7, r.132;Contenuto e didattica;grave;«lavori di manutenzione»: Il Me PA è limitato ai lavori di manutenzione, ma Consip documenta dal 2022 il Bando Lavori per tutte le tipologie, incluse nuove opere.;"Correggere l’ambito e distinguerlo dallo SDA Lavori di manutenzione; citare la documentazione specifica del bando.";Non applicato;wiki/reviews/audit-integrale-2026-10-02/VOL-09.md
V09-19;VOL-09;Cap.7, r.111;Contenuto e didattica;grave;«accordo quadro»: AQ e SDAPA sono spiegati senza durata ordinaria/deroghe, modelli di aggiudicazione, apertura continua e inviti agli ammessi per categoria. ASP non è sciolto.;Integrare artt. 32 e 59, una tabella di confronto operativa ed espandere Application Service Provider.;Non applicato;wiki/reviews/audit-integrale-2026-10-02/VOL-09.md
V09-20;VOL-09;Cap.8, r.164;Contenuto e didattica;grave;"«subappalto»: Il capitolo di esecuzione elenca istituti senza insegnare presupposti/limiti di subappalto, modifiche, proroghe, sospensione, penali, collaudo/CRE e CCT; la matrice stessa conserva source-blocker.";"Completare artt. 119–126 e allegati pertinenti con regole, soggetti, atti, termini ed esempi; verificare le fonti bloccanti prima della chiusura.";Non applicato;wiki/reviews/audit-integrale-2026-10-02/VOL-09.md
V09-21;VOL-09;Cap.8, r.188;Contenuto e didattica;grave;«clausola»: La revisione prezzi è trattata come eventualità contrattuale senza esporre obbligatorietà della clausola e meccanismi distinti per lavori/servizi-forniture.;Sviluppare art. 60 e allegato II.2-bis nella versione vigente e un calcolo svolto, distinguendo prezzi e altre modifiche.;Non applicato;wiki/reviews/audit-integrale-2026-10-02/VOL-09.md
V09-23;VOL-09;Cap.9, r.203;Contenuto e didattica;grave;«accesso»: Il caso parte soltanto da una richiesta, senza disponibilità digitale automatica, regime dei primi cinque, oscuramento e rito speciale dell’art. 36.;"Insegnare artt. 35–36 con timeline e presupposti; distinguere accesso e impugnazione dell’aggiudicazione, senza indurre ad attendere il fascicolo oltre i termini.";Non applicato;wiki/reviews/audit-integrale-2026-10-02/VOL-09.md
V09-24;VOL-09;Cap.9, r.299;Contenuto e didattica;grave;«cautelare»: Mancano standstill sostanziale/processuale, riparto di giurisdizione, termini del rito appalti, effetti del precontenzioso, presupposti di accordo bonario e arbitrato.;"Completare artt. 18, 210 ss., 220 e art. 120 CPA nel testo corrente, con eccezioni e casi; precisare le ipotesi di divieto legale di stipula indipendenti da un ordine giudiziale.";Non applicato;wiki/reviews/audit-integrale-2026-10-02/VOL-09.md
V09-26;VOL-09;Cap.10, r.53;Contenuto e didattica;grave;"«architettura»: Mancano struttura giuridica RRF/PNRR, missioni/componenti e REPower EU, CID/accordi operativi, natura performance-based e calendario 2026; milestone e target non sono fissati come qualitativi/quantitativi.";"Integrare regolamento 2021/241, governance e quadro temporale datato; distinguere livelli UE/misura/progetto e compilare un esempio.";Non applicato;wiki/reviews/audit-integrale-2026-10-02/VOL-09.md
V09-27;VOL-09;Cap.10, r.136;Contenuto e didattica;grave;"«ReGiS»: Il monitoraggio resta una richiesta di coerenza; non spiega soggetti, alimentazione, prevalidazione/validazione, scadenze e controlli.";Descrivere un ciclo operativo con responsabilità e fonte RGS, separando regole comuni e istruzioni della misura.;Non applicato;wiki/reviews/audit-integrale-2026-10-02/VOL-09.md
V09-28;VOL-09;Cap.11, r.120;Contenuto e didattica;grave;"«tracciabilità»: CIG/CUP sono nominati senza disciplina di conti, comunicazioni, filiera, clausole, fatture e conseguenze; il caso di fattura già pagata senza CIG non espone la specifica regola ostativa.";"Integrare legge 136/2010 art. 3, legge 3/2003 art. 11 e DL66/2014 art. 25, con ambiti/esclusioni e soluzione del caso; mostrare un calcolo di spesa ammissibile.";Non applicato;wiki/reviews/audit-integrale-2026-10-02/VOL-09.md
V09-29;VOL-09;Cap.11, r.198;Contenuto e didattica;grave;«antifrode»: La distinzione frode/irregolarità, titolare effettivo, conflitto di interessi e controlli è ridotta a elenchi generici.;Definire gli istituti e collegare artt. 22 RRF e 61 regolamento finanziario alla documentazione del soggetto attuatore, con caso risolto e fonti correnti.;Non applicato;wiki/reviews/audit-integrale-2026-10-02/VOL-09.md
V09-30;VOL-09;Cap.12, r.88;Contenuto e didattica;grave;«DNSH»: I sei obiettivi sono corretti, ma non sono insegnati fondamento, regimi e raccordo della Guida RGS con schede e verifiche ex ante/ex post.;Integrare art. 17 regolamento 2020/852 e disciplina RRF, identificare edizione della guida/istruzioni applicabili e compilare una scheda con evidenze.;Non applicato;wiki/reviews/audit-integrale-2026-10-02/VOL-09.md
V09-31;VOL-09;Cap.12, r.129;Contenuto e didattica;grave;"«CAM»: Non emerge con precisione il minimo obbligatorio di specifiche tecniche e clausole contrattuali, distinto dai criteri premianti; nessun decreto/criterio reale sviluppato nel caso arredi.";"Integrare art. 57 c 2 e decreto CAM vigente per la categoria, riprodurre un criterio breve con mezzo di prova e verifica; evitare che un requisito obbligatorio diventi soltanto premiale.";Non applicato;wiki/reviews/audit-integrale-2026-10-02/VOL-09.md
V09-34;VOL-09;Cap.13, r.232;Contenuto e didattica;grave;"«WBS»: Il toolkit PM non contiene una WBS a tre livelli risolta, un Gantt con date/durate o un calcolo del percorso critico; le soluzioni indicano criteri anziché artefatti.";"Fornire dataset, artefatti compilati e ragionamento verificabile; associare una fonte metodologica identificabile.";Non applicato;wiki/reviews/audit-integrale-2026-10-02/VOL-09.md
V09-35;VOL-09;Cap.14, r.169;Contenuto e didattica;grave;"«soglie»: La prudenza sui dati mancanti della traccia è estesa alle norme che il candidato deve sapere; simulazioni senza importi, atti o timeline non verificano competenza specialistica.";"Dare i fatti necessari e chiedere l’applicazione del diritto insegnato, con soluzioni complete e rubriche; non sostituire la teoria con inviti a verificare.";Non applicato;wiki/reviews/audit-integrale-2026-10-02/VOL-09.md
V09-36;VOL-09;Cap.14, r.1;Contenuto e didattica;grave;"«laboratorio»: La matrice dichiara diario e piano 30/60/90 presenti nel capitolo 14, ma il testo non li contiene; numerose evidenze citano titoli non corrispondenti.";Riallineare matrice e testo sulla presenza effettiva, mantenendo aperti i nuclei mancanti.;Non applicato;wiki/reviews/audit-integrale-2026-10-02/VOL-09.md
V09-37;VOL-09;Indice analitico, r.1;Contenuto e didattica;grave;«Appendice A»: Le cinque appendici A–E promesse nell’indice analitico non sono nei capitoli né nelle 21 unità dell’export corrente controllato dal coordinatore.;"Produrre le appendici con contenuto effettivo oppure rivedere la promessa editoriale e riallocare i nuclei necessari nel corpo; controllare anche il PDF.";Non applicato;wiki/reviews/audit-integrale-2026-10-02/VOL-09.md
V09-38;VOL-09;Cap.1, r.1;Contenuto e didattica;grave;"«quattro profili»: Il dossier bandi ha solo tre procedure documentate; RUP avanzato e procurement digitale restano non validati. La lunghezza reale supera ampiamente il piano senza colmare i nuclei sostanziali.";"Completare fonti rappresentative e copertura dei profili promessi; sostituire ripetizioni con teoria e prove effettive, senza dichiarare completezza dai soli metadati.";Non applicato;wiki/reviews/audit-integrale-2026-10-02/VOL-09.md
P09-03;VOL-09;pp. 183;Segnaposto editoriali;media;Il codice provvisorio N-TR02-XX-04 è stampato sia nel titolo di sezione sia nel riquadro della verifica. Conferma V09-04.;"Sostituire il segnaposto con un titolo destinato al lettore; mantenere i codici di audit nei soli metadati interni.";Non applicato;wiki/reviews/audit-integrale-2026-10-02/PDF-VOL-09.md
P09-05;VOL-09;pp. 6–7;Leggibilità;media;L’indice completo è composto con testo inferiore a 7 punti, troppo fitto per una consultazione agevole nel formato stampato.;Aumentare il corpo, distribuire le voci e provare la leggibilità in dimensioni reali.;Non applicato;wiki/reviews/audit-integrale-2026-10-02/PDF-VOL-09.md
P09-06;VOL-09;pp. 68 e 183;Tabelle;media;"Tabelle brevi sono segmentate in più blocchi sulla stessa pagina, con spazi orizzontali fra gruppi di righe; la continuità visiva è indebolita.";"Mantenere una tabella unitaria quando resta sulla stessa pagina; usare separazioni solo per gruppi semanticamente distinti.";Non applicato;wiki/reviews/audit-integrale-2026-10-02/PDF-VOL-09.md
V09-03;VOL-09;Cap.3, r.328;Contenuto e didattica;media;"«Fase 4»: Titoli aggiunti spezzano fasi e casi: cap. 3 fase 3; cap. 4 r. 314 fase 4; cap. 8 r. 80 elenco; cap. 13 r. 266 simulazione 1; cap. 14 rr.187 e 305 consegna e simulazione 9.";Spostare ogni titolo all’inizio effettivo del blocco, rinumerare e riallineare mappa dei nuclei.;Non applicato;wiki/reviews/audit-integrale-2026-10-02/VOL-09.md
V09-04;VOL-09;Cap.13, r.76;Contenuto e didattica;media;«N-TR02-XX-04»: Restano codici provvisori XX nei nuclei (anche rr.84, 174).;"Sostituire i segnaposto con gli identificatori reali dopo verifica della mappa; eliminare dal testo commerciale gli apparati di audit.";Non applicato;wiki/reviews/audit-integrale-2026-10-02/VOL-09.md
V09-05;VOL-09;Cap.1, r.110;Contenuto e didattica;media;«Il pagamento riguarda la liquidazione»: Confusione fra due fasi della spesa.;Distinguere liquidazione, ordinazione e pagamento e indicare l’ordinamento contabile assunto.;Non applicato;wiki/reviews/audit-integrale-2026-10-02/VOL-09.md
V09-08;VOL-09;Cap.2, r.147;Contenuto e didattica;media;«RACI»: La matrice assegna genericamente valutazione delle offerte ad altri organi e liquidazione alla finanza, senza distinguere attività tecnica, approvazione e competenze dell’ente.;Dichiarare il modello organizzativo, separare valutazione/adozione del provvedimento e motivare A/R per ogni attività.;Non applicato;wiki/reviews/audit-integrale-2026-10-02/VOL-09.md
V09-13;VOL-09;Cap.4, r.122;Contenuto e didattica;media;«promessa senza conseguenza»: Il rapporto capitolato/contratto può far pensare che un obbligo non ripetuto nel contratto non produca effetti, senza considerare il richiamo e l’incorporazione documentale.;Precisare gerarchia, richiamo e valore dei documenti contrattuali, evitando una regola assoluta.;Non applicato;wiki/reviews/audit-integrale-2026-10-02/VOL-09.md
V09-15;VOL-09;Cap.5, r.30;Contenuto e didattica;media;«altri limiti»: La definizione di sotto soglia mescola soglia europea e altri limiti interni.;Definire sotto soglia rispetto alle soglie UE e distinguere i limiti nazionali che selezionano la procedura.;Non applicato;wiki/reviews/audit-integrale-2026-10-02/VOL-09.md
V09-22;VOL-09;Cap.8, r.132;Contenuto e didattica;media;"«pagamento»: Il pagamento segue sempre la verifica della prestazione nella sequenza proposta; manca l’anticipazione.";Dichiarare che la sequenza descrive il saldo/corrispettivo della prestazione e trattare separatamente anticipazione e garanzia ai sensi dell’art. 125.;Non applicato;wiki/reviews/audit-integrale-2026-10-02/VOL-09.md
V09-32;VOL-09;Cap.13, r.284;Contenuto e didattica;media;«formazione»: La soluzione considera errata la formazione prima del completamento dei test senza fornire dipendenze che lo rendano necessario.;"Specificare il vincolo del caso o ammettere formazione parallela ai test quando sostenibile; distinguere dipendenza tecnica da scelta organizzativa.";Non applicato;wiki/reviews/audit-integrale-2026-10-02/VOL-09.md
V09-33;VOL-09;Cap.13, r.54;Contenuto e didattica;media;"«risultato»: Risultato coincide col prodotto finale, mentre altri capitoli lo distinguono dall’output; WBS è definita per attività nel cap. 1 r. 204 e per deliverable qui.";"Uniformare output/outcome e convenzione WBS; usare il medesimo progetto per dimostrare le differenze.";Non applicato;wiki/reviews/audit-integrale-2026-10-02/VOL-09.md
V09-25;VOL-09;Cap.9, r.197;Contenuto e didattica;lieve;«sei»: Annuncia sei elementi e ne elenca sette.;Allineare il numero all’elenco.;Non applicato;wiki/reviews/audit-integrale-2026-10-02/VOL-09.md
P10-01;VOL-10;PDF pp. 24, 28, 42, 58;Materiali didattici e spaziatura;grave;"Diagrammi descritti senza effettiva rappresentazione; sezioni ridotte a pochi punti lasciano grandi vuoti. Conferma visiva delle carenze contenutistiche del rapporto VOL-10, non prova automatica di perdita nell'export.";"Integrare prima spiegazioni, esempi e figure effettive; poi reimpaginare. Non risolvere la lacuna riducendo soltanto il bianco.";Aperto;wiki/reviews/audit-integrale-2026-10-02/PDF-VOL-10.md
V10-02;VOL-10;"Cap. 2, conferenza di servizi; cap. 4, 6, 8–12";Copertura;grave;"La formula «verificare la disciplina» ricorre dove servono presupposti e differenze già compresi nella promessa didattica. Nel cap. 2 le conferenze istruttoria, decisoria e preliminare sono nominate ma non distinte; il rinvio generico al VOL-01 non risolve il problema, perché anche il capitolo base si limita a nominarle.";"Inserire regola, funzione, presupposto ed esempio per ciascun istituto; mantenere il controllo della vigenza come aggiornamento successivo. La destinazione di un rinvio deve contenere davvero la spiegazione.";Aperto;wiki/reviews/audit-integrale-2026-10-02/VOL-10.md
V10-03;VOL-10;"Cap. 3, N-TR03-03-01/03; matrice, riga scienza delle costruzioni";Copertura e figure;grave;Si promettono passaggio al modello, vincoli e lettura delle sollecitazioni. La matrice indica «diagramma di corpo libero» come applicazione, ma il capitolo ne dà soltanto la definizione: nessun diagramma, schema dei vincoli o esempio di reazioni e sollecitazioni è fornito.;Aggiungere almeno schemi piani di carrello/cerniera/incastro, equazioni di equilibrio e una trave semplice svolta con reazioni, unità, convenzione dei segni e diagrammi. Separare il percorso qualitativo dagli approfondimenti richiesti dai bandi specialistici.;Aperto;wiki/reviews/audit-integrale-2026-10-02/VOL-10.md
V10-04;VOL-10;Cap. 4, N-TR03-04-02/03;Copertura NTC;grave;Vita nominale, classe d'uso e periodo di riferimento sono definiti senza le classi I–IV, la relazione fra grandezze e un esempio. Stati limite e combinazioni restano generici, pur essendo centrali nella promessa.;"Esporre classificazioni e relazione prevista dalle NTC, con un esempio dichiaratamente didattico; distinguere stati sismici e combinazioni essenziali, precisando ipotesi e campo. Non serve riprodurre tutte le tabelle delle NTC.";Aperto;wiki/reviews/audit-integrale-2026-10-02/VOL-10.md
V10-05;VOL-10;Cap. 4, N-TR03-04-07;Copertura costruzioni esistenti;grave;«Riparazione locale, miglioramento e adeguamento non sono sinonimi» non spiega in che cosa differiscono né quando si applicano. È il rilievo E04 dell'audit preliminare, confermato dalla lettura integrale.;Insegnare oggetto, finalità e condizioni delle tre categorie ai sensi del §8.4, con tre casi distinti e raccordo a conoscenza e collaudo.;Aperto;wiki/reviews/audit-integrale-2026-10-02/VOL-10.md
V10-07;VOL-10;"Cap. 5, zonizzazione/standard; vincoli e durata";Copertura urbanistica;grave;"Zone e standard sono introdotti senza classificazione nazionale, quantità o caso; il titolo sui vincoli promette anche la durata, ma non insegna il termine del vincolo preordinato all'esproprio.";"Aggiungere quadro A–F e standard del D.M. 1444/1968, comprese articolazioni/eccezioni e raccordo regionale; un esercizio su dati assegnati; durata quinquennale del vincolo, decadenza e reiterazione con le relative condizioni.";Aperto;wiki/reviews/audit-integrale-2026-10-02/VOL-10.md
V10-08;VOL-10;Cap. 6, «Permesso di costruire»;Precisione normativa;grave;La definizione «è il provvedimento espresso» omette completamente la formazione per silenzio-assenso nei casi dell'art. 20, comma 8, D.P.R. 380/2001. Il lettore può dedurne che sia sempre necessario il rilascio espresso.;Definire il permesso come titolo abilitativo e spiegare le forme di conclusione del procedimento, compreso il silenzio-assenso e le esclusioni per i vincoli previsti dalla norma.;Aperto;wiki/reviews/audit-integrale-2026-10-02/VOL-10.md
V10-09;VOL-10;Cap. 6, categorie/regimi/abusi;Copertura edilizia;grave;"L'art. 3 è elencato senza definire le categorie; SCIA ordinaria e alternativa non espongono tempi e differenze operative; le modifiche del 2024 sono richiamate senza insegnare gli istituti. Il caso non arriva a una qualificazione, perché mancano dati e regole.";"Tabella nazionale categoria–presupposti–regime–controllo; distinguere artt. 36, 36-bis e 34-bis nei rispettivi ambiti; inserire casi con dati sufficienti e soluzione motivata, indicando separatamente le varianti territoriali.";Aperto;wiki/reviews/audit-integrale-2026-10-02/VOL-10.md
V10-11;VOL-10;Cap. 8, chiusura caso guidato;Coerenza e sicurezza;grave;«In tutti questi casi l'intervento materiale non può precedere l'istruttoria» include l'interferenza di sicurezza, dopo una tabella che prescrive di fermare la lavorazione incompatibile. L'assoluto può indurre a rinviare una cautela urgente.;"Distinguere intervento risolutivo e misura immediata di sicurezza; richiamare il potere-dovere del CSE dell'art. 92, comma 1, lett. f), in caso di pericolo grave e imminente direttamente riscontrato, con successiva tracciabilità.";Aperto;wiki/reviews/audit-integrale-2026-10-02/VOL-10.md
V10-12;VOL-10;Cap. 8, modifiche/sospensioni/PSC-POS;Copertura esecuzione;grave;"Il testo chiede di riconoscere quando occorrano variante, sospensione e coordinamento, ma demanda i presupposti alle norme. Le funzioni generali dei soggetti sono corrette; mancano i criteri per classificare un fatto.";Aggiungere fattispecie principali di modifica ex art. 120, presupposti/soggetti della sospensione e ripresa, condizioni di nomina CSP/CSE e un confronto di casi ordinari e urgenti.;Aperto;wiki/reviews/audit-integrale-2026-10-02/VOL-10.md
V10-13;VOL-10;Cap. 9, collaudo/CRE/manutenzione;Copertura;grave;«Termini, carattere dell'atto e passaggi di approvazione vanno verificati sul testo vigente» sostituisce nozioni fondamentali: il lettore non apprende termine, provvisorietà/definitività, condizioni del CRE e chi lo emette. Il piano manutentivo non è articolato nei documenti previsti.;"Esporre art. 116 e Allegato II.14 con tempi e condizioni, distinguere DL/RUP/collaudatore e CRE; raccordare manuale d'uso, manuale di manutenzione e programma con un esempio di componente.";Aperto;wiki/reviews/audit-integrale-2026-10-02/VOL-10.md
V10-14;VOL-10;Cap. 10, analisi prezzi e contabilità;Copertura operativa;grave;"I prodotti quantità×prezzo sono corretti, ma non dimostrano come leggere/costruire l'analisi promessa. Sicurezza, manodopera, riserve e pagamenti sono rinviati genericamente alla legge; mancano soggetti e principali scadenze.";Esempio di analisi con risorse e componenti dichiarate, quadro economico commentato, distinzione dei costi, schema documento–soggetto–tempo e caso dal SAL al certificato/pagamento, con regole di riserva.;Aperto;wiki/reviews/audit-integrale-2026-10-02/VOL-10.md
V10-15;VOL-10;Cap. 11, viabilità e processo multilivello ponti;Copertura specialistica;grave;Il testo afferma che il Codice classifica le strade senza esporre le categorie. Per i ponti si dice che «livelli, schede e frequenze vanno letti negli atti vigenti», senza insegnare i livelli del metodo ufficiale.;Inserire classificazioni essenziali e tabella dei livelli delle Linee guida, funzioni e passaggi decisionali, con caso di lettura di una scheda. Non inventare soglie o diagnosi strutturali.;Aperto;wiki/reviews/audit-integrale-2026-10-02/VOL-10.md
V10-16;VOL-10;"Cap. 12, BIM/catasto/patrimonio; rinvio dal cap. 7";Copertura e rinvii;grave;"Il cap. 7 promette qui approfondimento di ruoli e documenti BIM, che non sono neppure identificati puntualmente. «PREGEO, DOCFA e voltura hanno funzioni distinte» non insegna le differenze; demanio e patrimoni sono nominati senza regime ed esempi.";"Aggiungere capitolato informativo, offerta/piano di gestione informativa, ruoli e campo dell'art. 43; tabella funzione–variazione–procedura catastale; regime essenziale dei beni con casi. Per GIS aggiungere almeno raster/vettori e un esercizio sul sistema di riferimento.";Aperto;wiki/reviews/audit-integrale-2026-10-02/VOL-10.md
V10-18;VOL-10;Cap. 13, caso 3 e N-TR03-13-07;Esercizi incompleti;grave;Il caso scritto-grafico richiede una planimetria non fornita. La simulazione richiede dossier, fotografia, due documenti discordanti e misure senza metterli a disposizione. Il lettore deve costruire da solo il materiale da esaminare.;Fornire allegati didattici completi nel cartaceo, una consegna autosufficiente, elaborato modello e griglia che motivi l'esito. Il digitale può offrire copie compilabili aggiuntive.;Aperto;wiki/reviews/audit-integrale-2026-10-02/VOL-10.md
P10-02;VOL-10;PDF p. 64;Continuità tabella;media;La tabella viene interrotta in piccoli blocchi da un'intestazione con forte discontinuità di lettura.;Ricomporre tabella e titolo, mantenendo intestazione e righe pertinenti insieme.;Aperto;wiki/reviews/audit-integrale-2026-10-02/PDF-VOL-10.md
V10-01;VOL-10;Cap. 1, N-TR03-01-02;Coerenza collana;media;M-TR02 è descritto come «ancora in sviluppo», mentre il relativo volume è presente nel catalogo e dispone di quattordici capitoli. Il lettore riceve uno stato editoriale non allineato.;Sostituire lo stato di lavorazione con un rinvio alla funzione e ai capitoli effettivi del VOL-09, controllandone la disponibilità nell'edizione pubblicata.;Aperto;wiki/reviews/audit-integrale-2026-10-02/VOL-10.md
V10-06;VOL-10;Cap. 4, domanda-trappola SLU/SLE;Precisione del campo;media;La risposta «deve soddisfare anche gli stati limite di esercizio» non distingue progettazione di nuove opere e valutazione delle costruzioni esistenti. Il §8.3 NTC ammette per queste ultime valutazioni limitate agli SLU, con la previsione specifica sugli SLE per classe IV.;Precisare il campo della domanda e la disciplina delle esistenti. Conservare il messaggio corretto che un controllo di resistenza, da solo, non dimostra ogni requisito d'uso.;Aperto;wiki/reviews/audit-integrale-2026-10-02/VOL-10.md
V10-10;VOL-10;Cap. 8, N-TR03-08-01;Regola ed eccezioni;media;«La fase esecutiva presuppone un contratto efficace» è presentata senza il regime dell'esecuzione anticipata e d'urgenza.;Esporre prima il percorso ordinario e poi le ipotesi degli artt. 17, commi 8–9, e 50, comma 6, con presupposti e responsabilità, senza suggerire un avvio libero.;Aperto;wiki/reviews/audit-integrale-2026-10-02/VOL-10.md
V10-17;VOL-10;Cap. 13, N-TR03-13-03;Rinvio non autosufficiente;media;«Risposta sintetica: scrivere poco, dire tutto» appartiene al Ricettario digitale R19, non al corpo cartaceo del VOL-01. Confermato E10.;"Rinvio cartaceo al cap. 15 del base, sezioni «La lettura della traccia» e «Lo schema base: definizione, riferimento, funzione, esempio, conclusione»; R19 solo come approfondimento digitale dichiarato.";Aperto;wiki/reviews/audit-integrale-2026-10-02/VOL-10.md
P11-01;VOL-11;"pp. 188 e 206; anche 204 e 151";Tabelle;grave;"Le matrici a nove e undici colonne spezzano quasi ogni parola su più righe, anche DNSH e intestazioni: la ricostruzione dei rapporti fra requisiti ed evidenze diventa molto faticosa. Il corpo della tabella è circa 9,49 punti; il problema principale è la larghezza insufficiente delle colonne.";"Convertire le righe in schede, dividere la matrice in due tabelle collegate oppure usare un layout più largo; preservare parole e sigle ed eseguire una prova di stampa.";Non applicato;wiki/reviews/audit-integrale-2026-10-02/PDF-VOL-11.md
P11-03;VOL-11;pp. 6–7 e chiusura 225;Apparati mancanti;grave;Le appendici A–E previste dall’indice analitico non compaiono nel sommario né in coda al PDF. Conferma V11-42.;Produrre e includere le appendici operative oppure rivedere la promessa e collocare i nuclei necessari nei capitoli, aggiornando tutti i rimandi.;Non applicato;wiki/reviews/audit-integrale-2026-10-02/PDF-VOL-11.md
V11-01;VOL-11;Cap. 1, r. 58;Ripetizioni;grave;«Un ultimo controllo»: Lo stesso blocco di cinque paragrafi ricorre cinque volte: righe 58–65, 84–91, 118–125, 153–160 e 171–178. Gonfia il capitolo senza aggiungere apprendimento.;Conservare una sola formulazione e sostituire le ripetizioni con differenze documentate fra i quattro profili e prove esemplificative.;Non applicato;wiki/reviews/audit-integrale-2026-10-02/VOL-11.md
V11-03;VOL-11;Cap. 1, r. 206;Apparati;grave;«30/60/90»: Il piano è un unico percorso di 90 giorni, senza alternative complete per 30 e 60 giorni né quattro adattamenti professionali.;Fornire calendari alternativi, carichi, priorità, prove e soglie di recupero per i profili AMB, PC, EN e LOC.;Non applicato;wiki/reviews/audit-integrale-2026-10-02/VOL-11.md
V11-04;VOL-11;Cap. 2, r. 63;Copertura;grave;"«D.Lgs. 152»: La mappa del decreto omette parti e principi generali; mancano il quadro costituzionale delle competenze, la legge istitutiva del SNPA e lo sviluppo dei LEPTA.";"Integrare art. 117, secondo comma, lettera s), e art. 118 Cost.; principi degli artt. 3-bis e seguenti; legge n. 132/2016; espansione e funzione dei LEPTA. Presentare tutte le parti del decreto.";Non applicato;wiki/reviews/audit-integrale-2026-10-02/VOL-11.md
V11-06;VOL-11;Cap. 3, r. 118;Precisione;grave;"«verifica preliminare»: La verifica preliminare e lo screening VIA sono accostati con terminologia ambigua; la verifica di assoggettabilità a VAS non viene insegnata.";Distinguere art. 6, comma 9, art. 19 e art. 12 del D.Lgs. n. 152/2006, con presupposti, oggetto, esito e casi separati.;Non applicato;wiki/reviews/audit-integrale-2026-10-02/VOL-11.md
V11-07;VOL-11;Cap. 3, r. 224;Esercizi;grave;"«opera»: Il mini-esercizio può indurre a ricavare automaticamente la VIA dalla sola presenza di un’opera in un sito; mancano i fatti che determinano l’assoggettamento.";"Precisare tipologia, dimensioni, localizzazione, allegato e condizioni; ammettere la risposta condizionata solo se questi dati sono intenzionalmente omessi.";Non applicato;wiki/reviews/audit-integrale-2026-10-02/VOL-11.md
V11-09;VOL-11;Cap. 3, r. 46;Copertura;grave;«VIA e VAS»: Mancano uno sviluppo della VIncA, il raccordo con Natura 2000, PAUR e provvedimento unico, riparto delle competenze e principali sequenze temporali.;"Integrare i nuclei richiesti dai profili ambientali, con rinvii puntuali agli artt. 7-bis, 27 e 27-bis e al D.P.R. n. 357/1997; inserire un diagramma procedurale datato.";Non applicato;wiki/reviews/audit-integrale-2026-10-02/VOL-11.md
V11-12;VOL-11;Cap. 4, r. 95;Copertura;grave;«termini»: Durata, rinnovo e passaggi dell’AUA, riesame AIA, allegati e regimi delle emissioni sono evitati anziché insegnati. La cautela sui dati mancanti della traccia si estende alle norme da conoscere.;Aggiungere una tabella normativa datata: AUA, AIA e artt. 269–272, ambito, soggetti, termini, modifiche ed effetti. Consolidare anche lo stato di recepimento della direttiva (UE) 2024/1785.;Non applicato;wiki/reviews/audit-integrale-2026-10-02/VOL-11.md
V11-13;VOL-11;Cap. 5, r. 148;Copertura;grave;"«quattro anni»: La durata ordinaria dello scarico è indicata, ma manca il termine per il rinnovo e il raccordo con il regime AUA; poco sviluppati divieti di scarico sul suolo/sottosuolo e pianificazione delle acque.";"Completare artt. 103, 104 e 124, precisando regimi speciali, rinnovo e rapporto con AUA; integrare distretto, piano di tutela e obiettivi di qualità.";Non applicato;wiki/reviews/audit-integrale-2026-10-02/VOL-11.md
V11-15;VOL-11;Cap. 5, r. 168;Esempi;grave;«campionamento»: Il metodo resta descrittivo: nessun confronto numerico svolto fra analisi, limite pertinente, periodo e condizioni di campionamento.;Inserire un dataset didattico con titolo e fonte del limite, verbale di prelievo, risultato e conclusione motivata.;Non applicato;wiki/reviews/audit-integrale-2026-10-02/VOL-11.md
V11-17;VOL-11;Cap. 6, r. 127;Copertura;grave;"«RENTRI»: L’aggiornamento delle date è utile, ma non viene insegnato chi è obbligato o escluso dopo la legge n. 199/2025; restano generici termini del registro e responsabilità documentale.";"Fornire una matrice soggetti/rifiuti/obblighi/esenzioni, con fonte e data; completare artt. 188, 190 e 193 e un FIR compilato.";Non applicato;wiki/reviews/audit-integrale-2026-10-02/VOL-11.md
V11-18;VOL-11;Cap. 6, r. 68;Copertura;grave;«codice EER»: Classificazione, caratteristiche HP, end of waste, autorizzazioni degli impianti e Albo sono trattati senza un codice concreto o un percorso completo di qualificazione.;Svolgere almeno un esempio EER e uno con voce a specchio, distinguendo criteri UE/nazionali/caso per caso e titoli degli artt. 208, 212 e 214–216.;Non applicato;wiki/reviews/audit-integrale-2026-10-02/VOL-11.md
V11-21;VOL-11;Cap. 7, r. 145;Copertura;grave;"«procedimento»: Dopo i primi adempimenti, termini e competenze del procedimento restano incompleti; l’intervento pubblico è affidato genericamente all’amministrazione competente. Il danno ambientale non distingue compiutamente ambiti oggettivi e soggettivi.";"Completare la sequenza degli artt. 242 e 250, responsabilità e limiti degli artt. 298-bis e 303; aggiungere un confronto numerico CSC/CSR e un caso di responsabilità.";Non applicato;wiki/reviews/audit-integrale-2026-10-02/VOL-11.md
V11-22;VOL-11;Cap. 8, r. 86;Copertura;grave;«valori limite»: Le categorie dei valori dell’aria sono nominate senza definizioni operative né esempi di periodo di mediazione e numero di superamenti.;Definire ciascuna categoria e inserire un confronto svolto per PM10, PM2, 5 o NO2, distinguendo diritto nazionale e transizione alla direttiva (UE) 2024/2881.;Non applicato;wiki/reviews/audit-integrale-2026-10-02/VOL-11.md
V11-23;VOL-11;Cap. 8, r. 166;Copertura;grave;«classificazione acustica»: Mancano classi acustiche, periodi diurni/notturni, criterio differenziale con esclusioni e grandezze di base applicate.;"Aggiungere scheda normativa datata e un esempio numerico con livello ambientale/residuo, limiti assoluti e differenziali; spiegare Leq, Lden e Lnight nei rispettivi contesti.";Non applicato;wiki/reviews/audit-integrale-2026-10-02/VOL-11.md
V11-26;VOL-11;Cap. 9, r. 151;Copertura;grave;"«procedura estintiva»: Mancano termini, misura del pagamento, proroghe e problemi di ammissibilità della procedura della parte sesta-bis; anche la legge n. 689/1981 resta priva di una timeline utilizzabile.";"Integrare gli artt. 318-bis e seguenti, linee guida SNPA e orientamenti pertinenti; per la legge n. 689/1981 sviluppare o rinviare puntualmente a termini, difese, pagamento e ordinanza.";Non applicato;wiki/reviews/audit-integrale-2026-10-02/VOL-11.md
V11-27;VOL-11;Cap. 9, r. 239;Esercizi;grave;«norma da verificare»: Il caso non porta alla qualificazione di una fattispecie concreta: le righe della matrice rinviano sempre alla norma da verificare.;"Dare fatti sufficienti e individuare disposizioni, natura dell’illecito, elementi mancanti e conseguenze; coprire almeno acque, rifiuti ed emissioni e distinguere i delitti.";Non applicato;wiki/reviews/audit-integrale-2026-10-02/VOL-11.md
V11-29;VOL-11;Cap. 10, r. 147;Copertura;grave;"«aree»: Non sono sviluppate le diverse aree di emergenza e i principali centri di coordinamento; assenti attivazione e tutele operative del volontariato.";"Distinguere aree di attesa, assistenza e ammassamento; spiegare CCS, COM e DiComaC nei rispettivi contesti e artt. 39–40 del Codice, senza imporre un’organizzazione locale universale.";Non applicato;wiki/reviews/audit-integrale-2026-10-02/VOL-11.md
V11-30;VOL-11;Cap. 11, r. 120;Allertamento;grave;«massime attivazioni»: La tabella e il passaggio alla riga 144 associano il rosso alle massime attivazioni, indebolendo la distinzione fra allerta e fase operativa. Gli indirizzi nazionali prevedono almeno preallarme in caso di rosso, con eventuale intensificazione in base alla situazione.;"Indicare le attivazioni minime previste e separarle dalla decisione locale: almeno attenzione per giallo/arancione, almeno preallarme per rosso; motivare ogni livello superiore con scenario e piano.";Non applicato;wiki/reviews/audit-integrale-2026-10-02/VOL-11.md
V11-31;VOL-11;Cap. 11, r. 51;Copertura;grave;"«rischi»: Per il profilo di protezione civile sono insufficienti le specificità dei rischi sismico, vulcanico, maremoto, incendi boschivi e industriale; prevale il metodo generale.";"Aggiungere schede di scenario con prevedibilità, monitoraggio, misure e catena operativa; per l’industriale sviluppare il raccordo con D.Lgs. n. 105/2015, PEI e PEE.";Non applicato;wiki/reviews/audit-integrale-2026-10-02/VOL-11.md
V11-33;VOL-11;Cap. 12, r. 121;Copertura;grave;"«regimi amministrativi»: Le tre etichette dei regimi FER non sono accompagnate da allegati, criteri, autorità, tempi ed effetti; il correttivo 2025 non è identificato.";Consolidare il D.Lgs. n. 190/2024 e i correttivi vigenti, insegnare la lettura degli allegati A–C con due casi e aggiornare il recepimento RED III.;Non applicato;wiki/reviews/audit-integrale-2026-10-02/VOL-11.md
V11-34;VOL-11;Cap. 12, r. 200;Copertura;grave;"«CER»: Il lettore non dispone dei requisiti essenziali di perimetro, impianti, partecipanti e controllo; manca il calcolo dell’energia condivisa.";"Integrare art. 31 del D.Lgs. n. 199/2021, TIAD e regole GSE vigenti, distinguendo configurazione e incentivi; svolgere un esempio temporale con immissioni e prelievi.";Non applicato;wiki/reviews/audit-integrale-2026-10-02/VOL-11.md
V11-35;VOL-11;Cap. 12, r. 156;Copertura;grave;"«efficienza»: La trattazione non copre adeguatamente il profilo energia: diagnosi e disciplina degli edifici pubblici sono generiche; manca qualunque calcolo completo di risparmio, costo, emissioni o rendimento.";"Integrare quadro vigente su diagnosi/edifici e almeno un dataset con baseline, consumi, investimento, risparmio e indicatore; sviluppare PNIEC, PNACC e strumenti locali nei limiti del bando.";Non applicato;wiki/reviews/audit-integrale-2026-10-02/VOL-11.md
V11-37;VOL-11;Cap. 13, r. 147;Copertura;grave;«CAM»: Il caso della palestra non identifica alcun decreto o criterio CAM concreto e rimane una matrice generica. Il D.M. 24 novembre 2025 è disponibile e va considerato col relativo regime transitorio.;"Identificare decreto vigente e data della procedura; applicare almeno un criterio con mezzo di prova, fase, responsabile e controllo della variante.";Non applicato;wiki/reviews/audit-integrale-2026-10-02/VOL-11.md
V11-39;VOL-11;Cap. 14, r. 199;Soluzioni;grave;"«Simulazione 6»: La simulazione 6 richiede tabella e nota, ma offre solo prosa; la simulazione 8 richiede una matrice in otto righe, anch’essa non restituita. La prova integrata non assegna compiti e tempi concreti.";Fornire esattamente gli output richiesti, con rubriche che valutino anche formato, responsabilità, termini e verificabilità.;Non applicato;wiki/reviews/audit-integrale-2026-10-02/VOL-11.md
V11-41;VOL-11;Cap. 14, r. 264;Didattica;grave;"«soglie»: Il richiamo a non inventare dati diventa una rinuncia ad applicare regole e valori che il candidato deve conoscere; il laboratorio raramente verifica una decisione tecnica determinata.";"Distinguere fatti mancanti e conoscenze normative; costruire prove con dati sufficienti, scelta motivata della norma e soluzione verificabile.";Non applicato;wiki/reviews/audit-integrale-2026-10-02/VOL-11.md
V11-42;VOL-11;Indice analitico, r. 1;Apparati;grave;"«Appendici A–E»: L’indice analitico promette cinque appendici operative e percorsi per quattro profili; questi materiali non risultano nei quattordici capitoli.";Verificare l’export e produrre le appendici effettive o riallocarne i contenuti, aggiornando in modo coerente la promessa editoriale.;Non applicato;wiki/reviews/audit-integrale-2026-10-02/VOL-11.md
V11-43;VOL-11;Indice analitico, r. 1;Coerenza editoriale;grave;«completo»: La matrice dichiara 14 nuclei completi e numerose verifiche integrali, mentre permangono lacune sostanziali. L’indice di modulo descrive ancora uno scaffold e contiene una sequenza letterale di escape.;"Riallineare matrice, indice e metadati alla copertura reale; le quantità di parole, i sei quiz e i marcatori non provano completezza.";Non applicato;wiki/reviews/audit-integrale-2026-10-02/VOL-11.md
P11-02;VOL-11;"pp. 163; anche 82 e 174 in panoramica";Apparati interni;media;Il testo pubblico contiene ID di dato operativo, area dell’audit automatico e istruzione da ricontrollare al text freeze. Conferma V11-44.;Rimuovere dal prodotto commerciale le istruzioni interne e sostituirle con data di aggiornamento e riferimento ufficiale leggibili.;Non applicato;wiki/reviews/audit-integrale-2026-10-02/PDF-VOL-11.md
P11-04;VOL-11;pp. 6–7;Leggibilità;media;"L’indice usa testo di circa 6,75 punti, con etichette a 6,6 punti; la duplicazione Cap. 1 / Capitolo 01 consuma ulteriore spazio.";Semplificare le etichette, aumentare il corpo e distribuire l’indice su più pagine.;Non applicato;wiki/reviews/audit-integrale-2026-10-02/PDF-VOL-11.md
P11-05;VOL-11;pp. 151 e altre tabelle;Continuità delle tabelle;media;La matrice conclusiva del caso è spezzata in due blocchi sulla stessa pagina, con parole divise senza sillabazione nelle intestazioni.;Mantenere una struttura unitaria e rivedere larghezze e intestazioni prima del nuovo export.;Non applicato;wiki/reviews/audit-integrale-2026-10-02/PDF-VOL-11.md
V11-02;VOL-11;Cap. 1, r. 162;Precisione;media;«SNPA»: SNPA è presentato come coordinatore distinto dal sistema che invece comprende ISPRA e le agenzie.;Descrivere la composizione del sistema e attribuire a ISPRA la funzione di coordinamento prevista dalla legge n. 132/2016.;Non applicato;wiki/reviews/audit-integrale-2026-10-02/VOL-11.md
V11-05;VOL-11;Cap. 2, r. 88;Didattica;media;"«competenza»: I passaggi metodologici si ripetono anche alle righe 232–235; i due mini-esercizi alle righe 172 e 204 non hanno una soluzione completa.";Ridurre le duplicazioni e aggiungere soluzioni con soggetto, fondamento, atto e motivazione.;Non applicato;wiki/reviews/audit-integrale-2026-10-02/VOL-11.md
V11-08;VOL-11;Cap. 3, r. 98;Normativa;media;"«può esprimere»: Il nuovo art. 25, comma 7-ter, è realmente presente nel quadro 2026; il testo lo parafrasa come facoltà, mentre la disposizione usa esprime, al ricorrere dei suoi presupposti.";Rendere fedelmente condizioni, istanza del proponente e contenuto del giudizio sull’intero ciclo di vita, senza mutare un obbligo condizionato in facoltà.;Non applicato;wiki/reviews/audit-integrale-2026-10-02/VOL-11.md
V11-10;VOL-11;Cap. 4, r. 110;Normativa;media;«elenco tassativo»: L’elenco dei sette atti AUA è presentato come chiuso, senza la facoltà regionale di individuare ulteriori atti. La stessa semplificazione è nella source note.;Integrare l’art. 3, comma 2, del D.P.R. n. 59/2013 e verificare il territorio scelto per il caso.;Non applicato;wiki/reviews/audit-integrale-2026-10-02/VOL-11.md
V11-11;VOL-11;Cap. 4, r. 108;Precisione;media;«adotta o trasmette»: Il ruolo del SUAP non è distinto con sufficiente precisione dall’adozione dell’AUA da parte dell’autorità competente.;Separare adozione dell’autorità competente e rilascio tramite SUAP, ricostruendo il procedimento concretamente applicabile.;Non applicato;wiki/reviews/audit-integrale-2026-10-02/VOL-11.md
V11-14;VOL-11;Cap. 5, r. 215;Aggiornamento;media;«indicatori»: L’elenco della qualità tecnica del servizio idrico resta ai sei indicatori M1–M6 e omette M0, resilienza idrica, già incluso nella RQTI.;Aggiungere M0 e distinguere macroindicatori, indicatori semplici e relativa funzione, citando la disciplina ARERA corrente.;Non applicato;wiki/reviews/audit-integrale-2026-10-02/VOL-11.md
V11-19;VOL-11;Cap. 7, r. 61;Precisione;media;«inferiori»: La definizione di sito non contaminato esclude letteralmente l’uguaglianza alle CSC o CSR, mentre altre parti del capitolo usano correttamente uguale o inferiore. La stessa semplificazione ricorre nella source note.;"Uniformare la definizione all’art. 240 e verificare separatamente la formulazione dei passaggi procedurali; inserire valori esattamente pari alla soglia fra gli esempi.";Non applicato;wiki/reviews/audit-integrale-2026-10-02/VOL-11.md
V11-20;VOL-11;Cap. 7, r. 225;Precisione;media;"«altrove»: La riparazione complementare è descritta solo come intervento altrove; può interessare anche il sito danneggiato.";Precisare sede e finalità della riparazione complementare secondo l’allegato 3 alla parte sesta.;Non applicato;wiki/reviews/audit-integrale-2026-10-02/VOL-11.md
V11-24;VOL-11;Cap. 8, r. 217;Copertura;media;«informazione»: La comunicazione del dato è trattata, ma non la disciplina dell’accesso all’informazione ambientale.;Integrare il D.Lgs. n. 195/2005: titolari, assenza di interesse qualificato, termini, modalità ed eccezioni, con rinvio preciso al modulo di procedimento generale.;Non applicato;wiki/reviews/audit-integrale-2026-10-02/VOL-11.md
V11-25;VOL-11;Cap. 9, r. 133;Definizioni;media;«contravvenzione»: La definizione resta circolare e non insegna il criterio formale di distinzione dai delitti.;Distinguere specie di pene, natura dell’illecito e conseguenze, usando esempi ambientali correnti.;Non applicato;wiki/reviews/audit-integrale-2026-10-02/VOL-11.md
V11-28;VOL-11;Cap. 10, r. 105;Precisione;media;«Prefetto»: La competenza del Prefetto è descritta senza esplicitare i presupposti dell’art. 9 relativi agli eventi e alla loro imminenza.;Integrare presupposti e raccordo con Regione, enti locali e direzione tecnica dei soccorsi.;Non applicato;wiki/reviews/audit-integrale-2026-10-02/VOL-11.md
V11-32;VOL-11;Cap. 11, r. 255;Casi;media;"«Vallechiara»: La matrice unisce i due rami alternativi senza una colonna che identifichi lo scenario; nel briefing va resa esplicita la diversa validità temporale del bollettino rispetto alle osservazioni.";"Separare i rami o aggiungere scenario e validità; mantenere distinti fatti osservati e previsioni future.";Non applicato;wiki/reviews/audit-integrale-2026-10-02/VOL-11.md
V11-36;VOL-11;Cap. 13, r. 123;Precisione;media;«regime»: La distinzione fra regimi DNSH non esplicita sufficientemente il contributo sostanziale rispetto al solo non arrecare danno significativo.;Definire i due regimi della guida applicabile e svolgere la selezione della scheda per l’intervento.;Non applicato;wiki/reviews/audit-integrale-2026-10-02/VOL-11.md
V11-38;VOL-11;Cap. 13, r. 173;Copertura;media;«LCA e LCC»: Mancano le fasi fondamentali della LCA e un esempio di costo del ciclo di vita, pur essendo strumenti centrali del capitolo.;"Esporre obiettivo/campo, inventario, valutazione degli impatti e interpretazione; aggiungere un LCC numerico con ipotesi dichiarate e distinguere costi ed esternalità.";Non applicato;wiki/reviews/audit-integrale-2026-10-02/VOL-11.md
V11-40;VOL-11;Cap. 14, r. 83;Struttura;media;«Da sapere in cinque righe»: Paragrafi metodologici interrompono sintesi e simulazioni, anche dopo i titoli delle simulazioni 1, 3, 5 e 8.;Raggruppare il metodo all’inizio e mantenere ciascuna unità composta da consegna, dati, soluzione e griglia.;Non applicato;wiki/reviews/audit-integrale-2026-10-02/VOL-11.md
V11-44;VOL-11;Cap. 6, r. 142;Apparati editoriali;media;"«audit»: Restano istruzioni di controllo al text freeze, codici interni e date di audit nel testo destinato al lettore; il quadro congelato ad agosto va rivalutato alla data editoriale del 2 ottobre 2026.";"Separare note interne e informazione al lettore; mantenere una data di aggiornamento leggibile e fonti puntuali, verificando i dati effettivamente mobili.";Non applicato;wiki/reviews/audit-integrale-2026-10-02/VOL-11.md
V11-16;VOL-11;Cap. 5, r. 207;Refusi;lieve;«program­ma»: È presente un carattere di sillabazione invisibile nella parola programma.;Normalizzare il carattere nel sorgente e verificare ricerca, copia e resa del PDF.;Non applicato;wiki/reviews/audit-integrale-2026-10-02/VOL-11.md
P12-02;VOL-12;"30 pagine fra p. 100 e p. 174; dettagli pp. 102, 120, 123, 174";Residui di markup;grave;"I tag HTML «`<br>`» sono stampati letteralmente dentro le celle, per esempio «compilare`<br>`Carabinieri». L’estrazione del PDF conta 299 occorrenze su 30 pagine; quattro pagine sono state confermate visivamente in dettaglio.";"Correggere la gestione delle interruzioni nelle celle e rigenerare il PDF; controllare tutte le 30 pagine interessate prima di approvare il nuovo export.";Non applicato;wiki/reviews/audit-integrale-2026-10-02/PDF-VOL-12.md
P12-03;VOL-12;"pp. 120–123; sorgente M-SP01/07, righe 527–551";Apparati compilabili;grave;"La «Scheda compilabile finale» concentra sei percorsi nelle due colonne «Dati essenziali» e «Verifica o azione». Le celle sono occupate dalle etichette dei percorsi e da «da compilare»; manca lo spazio per inserire i dati e le intestazioni non descrivono la suddivisione effettiva. La struttura è già presente nel Markdown.";Separare le schede per corpo e binario oppure fornire una scheda per singolo concorso, con campi vuoti ampi e intestazioni coerenti. L’eventuale versione digitale va indicata con un accesso concreto e verificato.;Non applicato;wiki/reviews/audit-integrale-2026-10-02/PDF-VOL-12.md
V12-02;VOL-12;[SP01/02:147](../../../wiki/books/moduli/m-sp01-forze-ordine/chapters/02-posizione-prima-domanda.md#L147);Normativa e quiz;grave;Il limite di 29 anni non compiuti viene generalizzato alla famiglia e riproposto nel quiz 2, benché i bandi CC e GdF della stessa documentazione prevedano limiti diversi per ruolo/categoria.;"Eliminare la regola unitaria; riportare una tabella per bando, ruolo e contingente con elevazioni. Trasformare quiz 2 in lettura di un bando identificato. La pagina PdS è risultata non accessibile: non sostituire arbitrariamente il suo limite con 26.";Da correggere;wiki/reviews/audit-integrale-2026-10-02/VOL-12.md
V12-03;VOL-12;[SP01/02:187](../../../wiki/books/moduli/m-sp01-forze-ordine/chapters/02-posizione-prima-domanda.md#L187);Normativa;grave;Condotta e art.26 L.53/1989 sono ricondotti a una valutazione sempre individuale, escludendo in generale automatismi. La sentenza 40/2024 non abroga tutte le cause automatiche.;"Distinguere requisito generale di condotta e cause speciali di esclusione; limitare la pronuncia GdF al vizio di ebbrezza dichiarato illegittimo. Correggere corpo, riepilogo, quiz 4 e source ordinamentale. E01.";Da correggere;wiki/reviews/audit-integrale-2026-10-02/VOL-12.md
V12-04;VOL-12;[SP01/02:189](../../../wiki/books/moduli/m-sp01-forze-ordine/chapters/02-posizione-prima-domanda.md#L189);Normativa;grave;Il D.M.198/2003 viene usato come disciplina comune ai tre corpi, anche nel quiz 5.;"Esplicitare ambito Polizia di Stato; ricostruire separatamente fonti CC/GdF. Conservare la precisazione già corretta in SP01/04 e SP01/09. Non sostenere nella source che il decreto residui soltanto per requisiti psichici: elimina le stature superate, non gli altri requisiti fisici.";Da correggere;wiki/reviews/audit-integrale-2026-10-02/VOL-12.md
V12-07;VOL-12;[SP01/05:158](../../../wiki/books/moduli/m-sp01-forze-ordine/chapters/05-prova-orale-titoli-lingua.md#L158);Caso e cronologia;grave;Luca ha già superato prove e corregge la domanda per valorizzare titoli, senza una norma che permetta integrazioni tardive.;Spostare il caso prima della scadenza oppure indicare esatta facoltà e termine d’integrazione. Distinguere possesso, dichiarazione e documentazione come obblighi cumulabili, non alternativi.;Da correggere;wiki/reviews/audit-integrale-2026-10-02/VOL-12.md
V12-10;VOL-12;[SP01/07:78](../../../wiki/books/moduli/m-sp01-forze-ordine/chapters/07-bando-decoder.md#L78);Procedura e completezza;grave;Il Decoder non mette in evidenza la scadenza della domanda e invita ad attendere il calendario per la decisione. Può far confondere candidatura e investimento nello studio.;"Inserire scadenza, ora, canale, pagamento, ricevuta e facoltà di reinvio; distinguere iscrizione tempestiva e pianificazione successiva. Fornire un Decoder integralmente compilato su un bando campione.";Da correggere;wiki/reviews/audit-integrale-2026-10-02/VOL-12.md
V12-16;VOL-12;[SP02/01:99](../../../wiki/books/moduli/m-sp02-vigili-fuoco/chapters/01-mappa-della-famiglia.md#L99);Normativa dei ruoli;grave;Il D.M.49/2022 sul ruolo tecnico-scientifico è richiamato per l’ispettore antincendi, confondendo ruoli diversi.;"Separare ispettore antincendi e ispettore tecnico-scientifico; allineare fonte e tabella al capitolo 05, che già distingue correttamente i ruoli.";Da correggere;wiki/reviews/audit-integrale-2026-10-02/VOL-12.md
V12-17;VOL-12;[SP02/02:155](../../../wiki/books/moduli/m-sp02-vigili-fuoco/chapters/02-la-tua-posizione-prima-della-domanda.md#L155);Requisiti e quiz;grave;Dal solo visus naturale di 12/10 si deduce accessibilità degli altri ruoli e preclusione assoluta permanente a vigile. Il quiz 5 non contiene una risposta pienamente valida.;"Sostituire la chiave con dati insufficienti per giudicare l’idoneità complessiva; distinguere accertamento attuale, correzione consentita e ulteriori parametri previsti dal D.M.166/2019. Eliminare autodiagnosi e prognosi definitive. E03.";Da correggere;wiki/reviews/audit-integrale-2026-10-02/VOL-12.md
V12-18;VOL-12;[SP02/02:131](../../../wiki/books/moduli/m-sp02-vigili-fuoco/chapters/02-la-tua-posizione-prima-della-domanda.md#L131);Normativa e cronologia;grave;La posizione è dichiarata già determinata alla pubblicazione, mentre la stessa frase richiede maturazione entro la scadenza.;"Ammettere condizioni che maturano entro il termine; costruire un esempio datato. Correggere anche l’affermazione che a 22–23 anni non si possano completare 12 mesi di servizio prima dei 25.";Da correggere;wiki/reviews/audit-integrale-2026-10-02/VOL-12.md
V12-19;VOL-12;[SP02/02:137](../../../wiki/books/moduli/m-sp02-vigili-fuoco/chapters/02-la-tua-posizione-prima-della-domanda.md#L137);Requisiti;grave;La riga più di 26 anni presenta il volontariato come via generica, omettendo limite massimo e possibile elevazione per servizio militare.;"Esporre il limite 37 per volontari iscritti da almeno un anno e l’elevazione per servizio militare fino a tre anni, con distinta riserva. Non confondere ammissione e 35% riservato. Bando art.2, PDF locale pp.5–6; E04.";Da correggere;wiki/reviews/audit-integrale-2026-10-02/VOL-12.md
V12-21;VOL-12;[SP02/02:211](../../../wiki/books/moduli/m-sp02-vigili-fuoco/chapters/02-la-tua-posizione-prima-della-domanda.md#L211);Normativa;grave;Qualità morali e condotta sono ridotte alla presenza di una condanna irrevocabile per delitto non colposo.;"Distinguere condotta ex art.26 dalle specifiche cause elencate dal bando; includere misure di prevenzione e altre esclusioni pertinenti. Correggere anche il riepilogo; E04, art.2.";Da correggere;wiki/reviews/audit-integrale-2026-10-02/VOL-12.md
V12-23;VOL-12;[SP02/03:121](../../../wiki/books/moduli/m-sp02-vigili-fuoco/chapters/03-la-preselezione.md#L121);Errore matematico;grave;Si sostiene che una penalità renda sempre negativa l’aspettativa di una risposta casuale.;Usare E=pG−(1−p)P e confronto con omissione. Con quattro opzioni, +1/−0,1 e omissione zero, E=0,175: il controesempio smentisce la frase. Calcolare soglia p>P/(G+P), adattata a eventuale penalità dell’omissione.;Da correggere;wiki/reviews/audit-integrale-2026-10-02/VOL-12.md
V12-26;VOL-12;[SP02/04:155](../../../wiki/books/moduli/m-sp02-vigili-fuoco/chapters/04-tre-prove-motorio-attitudinali.md#L155);Protocollo fisico;grave;La sbarra viene regolata all’altezza delle dita con braccia lungo i fianchi: il protocollo richiede braccia in alto per la regolazione, poi lungo i fianchi alla partenza.;"Separare le due posizioni e riportare il corretto ordine; Allegato A ufficiale, PDF locale p.6. Il difetto altera concretamente l’esercizio.";Da correggere;wiki/reviews/audit-integrale-2026-10-02/VOL-12.md
V12-27;VOL-12;[SP02/04:241](../../../wiki/books/moduli/m-sp02-vigili-fuoco/chapters/04-tre-prove-motorio-attitudinali.md#L241);Punteggio;grave;Il modulo peggiore è indicato come punteggio della Prova 1.;"Scrivere media aritmetica dei tre moduli, purché ognuno raggiunga 21/30. Il peggiore è un vincolo di ammissione e una priorità di preparazione. Correggere anche sintesi e spiegazioni; Allegato A pp.1–2.";Da correggere;wiki/reviews/audit-integrale-2026-10-02/VOL-12.md
V12-28;VOL-12;[SP02/04:324](../../../wiki/books/moduli/m-sp02-vigili-fuoco/chapters/04-tre-prove-motorio-attitudinali.md#L324);Quiz e casi;grave;"Quiz 1 e domanda aperta 1 attribuiscono 28 alla trave, che ammette 30/25/21. Aperta 3 non specifica sesso; aperta 7 chiede guadagno in punti da 20 secondi senza tabella sufficiente.";Usare punteggi realizzabili, specificare categoria e fornire tabella completa o restringere la domanda. Ricalcolare le soluzioni: 5 minuti e 10 secondi non hanno lo stesso esito nelle due soglie di corsa.;Da correggere;wiki/reviews/audit-integrale-2026-10-02/VOL-12.md
V12-36;VOL-12;[SP03/01:67](../../../wiki/books/moduli/m-sp03-magistratura-avvocatura-notariato/chapters/01-mappa-scelta-binario.md#L67);Giurisdizione;grave;La magistratura ordinaria viene associata indistintamente a controversie amministrative.;"Specificare giurisdizione civile e penale e casi di tutela/questioni incidentali previsti dalla legge; distinguere i giudici amministrativi, esclusi dal perimetro professionale del modulo.";Da correggere;wiki/reviews/audit-integrale-2026-10-02/VOL-12.md
V12-41;VOL-12;[SP03/04:133](../../../wiki/books/moduli/m-sp03-magistratura-avvocatura-notariato/chapters/04-notariato-prove-ordinamento.md#L133);Caso impossibile;grave;Marta inizia la pratica nel luglio 2024, si laurea nel dicembre 2024 e avrebbe già cinque precedenti partecipazioni notarili: mancano condizioni che rendano possibile l’accesso a quei concorsi.;Separare caso durata pratica e caso conteggio inidoneità, oppure anticipare di anni laurea/pratica e precisare gli episodi. Dichiarare quali esiti contano e quali no.;Da correggere;wiki/reviews/audit-integrale-2026-10-02/VOL-12.md
V12-42;VOL-12;[SP03/04:202](../../../wiki/books/moduli/m-sp03-magistratura-avvocatura-notariato/chapters/04-notariato-prove-ordinamento.md#L202);Termine requisito;grave;La pratica è richiesta già al momento della domanda, mentre altrove e nel bando è entro il termine utile di presentazione.;Uniformare alla scadenza, distinguendo invio anticipato, maturazione del requisito e certificazione successiva. Bando notarile artt.2–3, PDF GU locale pp.7–8.;Da correggere;wiki/reviews/audit-integrale-2026-10-02/VOL-12.md
V12-48;VOL-12;[SP04/01:102](../../../wiki/books/moduli/m-sp04-prefettizia-diplomatica/chapters/01-mappa-scelta-bando-decoder.md#L102);Tentativi;grave;La frase un tentativo consuma una delle quattro occasioni amplia indebitamente la regola corretta esposta due righe prima.;"Precisare quattro serie complete di scritti non superate; non ogni presenza o insuccesso all’orale. Uniformare SP04/06 r.173 e SP04/07. Il rinvio del capitolo all’art.2 c.3 è corretto: correggere invece art.4 c.3 nella source. E05.";Da correggere;wiki/reviews/audit-integrale-2026-10-02/VOL-12.md
V12-50;VOL-12;[SP04/02:67](../../../wiki/books/moduli/m-sp04-prefettizia-diplomatica/chapters/02-carriera-prefettizia-prove-materie-ordinamento.md#L67);Caso e requisito;grave;"Paolo compie 36 anni prima della scadenza e ha un solo figlio; il caso suggerisce una finestra aperta, ma l’unica elevazione indicata porta il limite a 36, già superati.";Usare date precise e concludere fuori termine in assenza di altri benefici, oppure farlo ancora trentacinquenne. Bando 158, art.2, PDF locale p.3.;Da correggere;wiki/reviews/audit-integrale-2026-10-02/VOL-12.md
V12-53;VOL-12;[SP04/02:166](../../../wiki/books/moduli/m-sp04-prefettizia-diplomatica/chapters/02-carriera-prefettizia-prove-materie-ordinamento.md#L166);Normativa organizzativa;grave;La formazione è attribuita alla SSAI come ente ancora operativo, senza raccordo con la soppressione del 2014.;"Aggiornare all’art.21 D.L.90/2014 e alle funzioni trasferite alla SNA; distinguere denominazione storica, sede didattica e organizzazione attuale. E07.";Da correggere;wiki/reviews/audit-integrale-2026-10-02/VOL-12.md
V12-55;VOL-12;[SP04/03:51](../../../wiki/books/moduli/m-sp04-prefettizia-diplomatica/chapters/03-carriera-diplomatica-prove-materie-ordinamento.md#L51);Titolo di accesso;grave;La richiesta di una specifica classe di laurea non recepisce l’ampliamento del bando diplomatico 2026.;"Allineare al requisito laurea magistrale o titolo equiparato e al regime dei titoli esteri; E05 art.2.";Da correggere;wiki/reviews/audit-integrale-2026-10-02/VOL-12.md
V12-56;VOL-12;[SP04/03:108](../../../wiki/books/moduli/m-sp04-prefettizia-diplomatica/chapters/03-carriera-diplomatica-prove-materie-ordinamento.md#L108);Programma;grave;La descrizione economica non restituisce il programma diplomatico 2026.;"Allineare economia politica, politica economica, economia internazionale e finanziaria e commercio internazionale; coordinare SP04/01 e 05. E05 artt.7 e 9.";Da correggere;wiki/reviews/audit-integrale-2026-10-02/VOL-12.md
V12-57;VOL-12;[SP04/03:184](../../../wiki/books/moduli/m-sp04-prefettizia-diplomatica/chapters/03-carriera-diplomatica-prove-materie-ordinamento.md#L184);Omissione strategica;grave;Manca la nuova materia orale facoltativa, distinta dalle lingue.;"Integrare scelta in domanda, cinque opzioni, soglia e bonus; raccordare Decoder, piano e graduatoria. E05 art.11: sufficienza 1,2, massimo 2 centesimi.";Da correggere;wiki/reviews/audit-integrale-2026-10-02/VOL-12.md
V12-59;VOL-12;[SP04/04:131](../../../wiki/books/moduli/m-sp04-prefettizia-diplomatica/chapters/04-le-lingue-straniere.md#L131);Scelta vincolata;grave;Cambiare lingua dopo otto settimane viene consigliato senza considerare la scelta già dichiarata e i termini della domanda.;"Collocare la diagnosi prima dell’opzione; dopo la scadenza ammettere modifiche soltanto se consentite. E05 art.3; verificare separatamente la procedura prefettizia.";Da correggere;wiki/reviews/audit-integrale-2026-10-02/VOL-12.md
P12-01;VOL-12;"pp. 6–9; dettaglio p. 6";Leggibilità;media;L’indice completo è molto fitto: il corpo delle voci è di circa 6,75 punti e alcune etichette sono a 6,6 punti.;"Aumentare il corpo e distribuire le voci su più pagine; verificare la leggibilità su una prova nelle dimensioni finali.";Non applicato;wiki/reviews/audit-integrale-2026-10-02/PDF-VOL-12.md
P12-04;VOL-12;pp. 120, 174, 349 e 351;Usabilità su carta;media;I campi vuoti per risposte, motivazioni, output trimestrali e controlli hanno spesso l’altezza di una sola riga tipografica. Lo spazio non è proporzionato alle informazioni richieste dalle istruzioni.;"Aumentare l’altezza delle righe e riservare più spazio alle risposte aperte; provare la compilazione a mano nelle dimensioni finali.";Non applicato;wiki/reviews/audit-integrale-2026-10-02/PDF-VOL-12.md
P12-05;VOL-12;"p. 6, indice dei capitoli 1, 2, 4, 5 e 6; ricorrenze nel corpo";Navigazione;media;L’indice ripete numeri di sezione per titoli diversi: per esempio 1.1 rimanda sia a p. 12 sia a p. 17, e 1.2 sia a p. 14 sia a p. 19. La duplicazione rispecchia la numerazione del testo e rende ambigui i rinvii.;Rinumerare le sezioni alla fonte e aggiornare indice e rinvii nello stesso export. Collegare questo rilievo al corrispondente rilievo testuale, senza contarne due volte la causa.;Non applicato;wiki/reviews/audit-integrale-2026-10-02/PDF-VOL-12.md
P12-08;VOL-12;p. 286, verifica del capitolo 19;Leggibilità dei quiz;media;"Le opzioni A, B, C e D sono impaginate nello stesso paragrafo continuo; la soluzione segue subito. La scansione delle alternative è faticosa rispetto alla struttura a righe separate utilizzata in altre verifiche del volume.";"Mettere ciascuna alternativa su una riga distinta e separare visivamente domanda, opzioni e commento; uniformare il modello dei quiz nel volume.";Non applicato;wiki/reviews/audit-integrale-2026-10-02/PDF-VOL-12.md
V12-01;VOL-12;[SP01/01:54](../../../wiki/books/moduli/m-sp01-forze-ordine/chapters/01-mappa-famiglia-struttura-selezione.md#L54);Completezza;media;La mappa presenta tre corpi e due binari senza una tavola concreta dei ruoli e delle procedure esemplificate.;Aggiungere confronto agenti/carabinieri/finanzieri e vice ispettori/marescialli: amministrazione, qualifica iniziale, titolo, fasi, bando campione e data. Rinvio espresso a M-FL04 per la polizia locale.;Da correggere;wiki/reviews/audit-integrale-2026-10-02/VOL-12.md
V12-05;VOL-12;[SP01/03:36](../../../wiki/books/moduli/m-sp01-forze-ordine/chapters/03-formati-prova-scritta.md#L36);Coerenza e didattica;media;Banca dati, quiz, preselezione, componimento e tema sono trattati come formati incompatibili sullo stesso piano. Funzione selettiva, modalità e origine dei quesiti sono assi differenti.;"Separare funzione, formato, materiali e tempi; mostrare un esempio CC e uno GdF prima di prescrivere preparazioni diverse. Aggiungere mini elaborato/scaletta commentata, non soltanto rinvii al bando.";Da correggere;wiki/reviews/audit-integrale-2026-10-02/VOL-12.md
V12-06;VOL-12;[SP01/04:64](../../../wiki/books/moduli/m-sp01-forze-ordine/chapters/04-accertamenti-preparazione.md#L64);Perimetro e apparati;media;"Il terzo binario dell’allegato GdF resta opaco; la source usa il bando 69 ufficiali, escluso dal perimetro del modulo. Il quiz 4 interroga questo metadato.";"Usare protocolli di un bando GdF base/ispettivo pertinente; inserire confronto obbligatoria/facoltativa, esclusione/punteggio, certificazione. Sostituire il quiz sul terzo binario con un caso procedurale pertinente.";Da correggere;wiki/reviews/audit-integrale-2026-10-02/VOL-12.md
V12-08;VOL-12;[SP01/05:142](../../../wiki/books/moduli/m-sp01-forze-ordine/chapters/05-prova-orale-titoli-lingua.md#L142);Accuratezza;media;L’inglese è qualificato più competitivo senza un sistema di punteggio o un confronto che lo dimostri.;"Descrivere vantaggi solo in rapporto alle regole della prova e al livello del candidato; eliminare la graduatoria implicita delle lingue.";Da correggere;wiki/reviews/audit-integrale-2026-10-02/VOL-12.md
V12-09;VOL-12;[SP01/06:98](../../../wiki/books/moduli/m-sp01-forze-ordine/chapters/06-materie-riuso-specialistiche.md#L98);Completezza e rinvii;media;"Il capitolo rinvia a penale, procedura e TULPS nel modulo, ma offre quasi soltanto orientamento; CC/GdF ricevono scarso ordinamento di base.";Dichiarare il limite strategico, aggiungere mappa essenziale di funzioni/fonti per i tre corpi e destinazioni precise per lo studio. Non occorre un trattato di penale. Nel caso di autorizzazione irregolare distinguere sanzione amministrativa e reato secondo la norma applicabile.;Da correggere;wiki/reviews/audit-integrale-2026-10-02/VOL-12.md
V12-11;VOL-12;[SP01/07:113](../../../wiki/books/moduli/m-sp01-forze-ordine/chapters/07-bando-decoder.md#L113);Chiarezza e tabelle;media;Non pubblicato viene usato anche dove il dato potrebbe essere soltanto non reperito. La colonna GdF mescola dato comparativo e azione.;"Distinguere non previsto, non ancora pubblicato, non reperito e da verificare; considerare anche norme richiamate. Ricostruire tabelle con una riga per procedimento e colonne omogenee.";Da correggere;wiki/reviews/audit-integrale-2026-10-02/VOL-12.md
V12-12;VOL-12;[SP01/08:28](../../../wiki/books/moduli/m-sp01-forze-ordine/chapters/08-piano-30-60-90-doppio-binario.md#L28);Promessa e didattica;media;Il titolo promette 30/60/90, ma viene sviluppato un ciclo di 90 giorni senza varianti operative a 30 e 60. Il doppio binario alterna due significati.;"Fornire tre piani con ipotesi di ore e livello oppure restringere il titolo; aggiungere esempio banca 5000 quesiti/33 giorni con recupero. Riservare doppio binario a base/ispettivo e nominare diversamente teoria/fasi.";Da correggere;wiki/reviews/audit-integrale-2026-10-02/VOL-12.md
V12-13;VOL-12;[SP01/08:252](../../../wiki/books/moduli/m-sp01-forze-ordine/chapters/08-piano-30-60-90-doppio-binario.md#L252);Quiz;media;I sei quiz sono forniti con chiavi ma senza spiegazioni, pur essendo presentati come ragionati.;Aggiungere motivazione della chiave e spiegazioni specifiche dei distrattori.;Da correggere;wiki/reviews/audit-integrale-2026-10-02/VOL-12.md
V12-14;VOL-12;[SP01/09:32](../../../wiki/books/moduli/m-sp01-forze-ordine/chapters/09-errori-casi-guidati.md#L32);Didattica e ridondanza;media;"I casi ripetono controlla il bando senza dati sufficienti per una soluzione verificabile; sette chiavi su otto sono B, sei consecutive.";Sostituire ripetizioni con casi chiusi: certificato in scadenza, termine domanda, avviso modificato, punteggio e scelta. Variare posizione delle chiavi e plausibilità dei distrattori dopo aver stabilizzato le soluzioni.;Da correggere;wiki/reviews/audit-integrale-2026-10-02/VOL-12.md
V12-15;VOL-12;[SP01/10:174](../../../wiki/books/moduli/m-sp01-forze-ordine/chapters/10-checklist-finale.md#L174);Logica del workbook;media;"Manca lo stato non applicabile; rosso confonde inammissibilità e preparazione insufficiente. La ricevuta è richiesta per decidere se inviare la domanda.";"Separare verifica giuridica, stato d’invio e prontezza; introdurre N/A per prove non previste e distinguere checklist prima/dopo l’invio. Raccordare quiz 4 e colori al nuovo criterio.";Da correggere;wiki/reviews/audit-integrale-2026-10-02/VOL-12.md
V12-20;VOL-12;[SP02/02:71](../../../wiki/books/moduli/m-sp02-vigili-fuoco/chapters/02-la-tua-posizione-prima-della-domanda.md#L71);Riserve;media;Il 95% riservato è presentato come minimo garantito e il residuo come bacino sostanziale dei civili.;"Distinguere posti nominalmente riservati, merito, requisiti delle categorie e devoluzione delle riserve non coperte; evitare inferenze sulle probabilità individuali. Inserire un esempio di graduatoria compatibile con la disciplina del bando.";Da correggere;wiki/reviews/audit-integrale-2026-10-02/VOL-12.md
V12-22;VOL-12;[SP02/02:233](../../../wiki/books/moduli/m-sp02-vigili-fuoco/chapters/02-la-tua-posizione-prima-della-domanda.md#L233);Tabella e precisione;media;"Valori di forza e composizione corporea sono riportati senza operatori e unità completi; la visita da 40 euro appare come costo certo.";"Inserire ≥, kg e percentuali pertinenti, tolleranze e fonte; dichiarare il costo puramente illustrativo o eliminarlo. Chiarire che la valutazione è della commissione competente.";Da correggere;wiki/reviews/audit-integrale-2026-10-02/VOL-12.md
V12-24;VOL-12;[SP02/03:91](../../../wiki/books/moduli/m-sp02-vigili-fuoco/chapters/03-la-preselezione.md#L91);Inferenza non fondata;media;"Procedure automatizzate diventano necessariamente lettura ottica cartacea; l’elenco delle tipologie diventa ordine obbligatorio delle domande.";Separare quanto dice il bando da modalità affidate all’avviso. La stessa cautela vale per l’interfaccia ipotizzata in SP04/03. Aggiornare l’avviso successivo al 15 settembre prima della pubblicazione.;Da correggere;wiki/reviews/audit-integrale-2026-10-02/VOL-12.md
V12-25;VOL-12;[SP02/03:139](../../../wiki/books/moduli/m-sp02-vigili-fuoco/chapters/03-la-preselezione.md#L139);Coerenza didattica;media;Non studiare il perché, nessun altro manuale utile e soli quesiti scientifici utili al mestiere sono assoluti non dimostrati e contraddicono SP02/08.;"Distinguere profondità necessaria al filtro e comprensione minima, preservare logica/informatica/inglese; prevedere manutenzione della preselettiva dopo la soglia. Simulazioni provvisorie a tempo devono essere etichettate, non vietate fino all’avviso.";Da correggere;wiki/reviews/audit-integrale-2026-10-02/VOL-12.md
V12-29;VOL-12;[SP02/04:362](../../../wiki/books/moduli/m-sp02-vigili-fuoco/chapters/04-tre-prove-motorio-attitudinali.md#L362);Quiz e strategia;media;"Il confronto fra gradienti di esercizi non prova quale investimento convenga al candidato; quiz 6 ha alternative sovrapposte.";Confrontare il margine iniziale, la trasformazione in punti e il peso del modulo nella media. Riscrivere quiz 6 con opzioni reciprocamente esclusive, distinguendo esclusione e posto in graduatoria.;Da correggere;wiki/reviews/audit-integrale-2026-10-02/VOL-12.md
V12-30;VOL-12;[SP02/04:179](../../../wiki/books/moduli/m-sp02-vigili-fuoco/chapters/04-tre-prove-motorio-attitudinali.md#L179);Tutela e protocollo;media;"Cronometraggio elettronico è presentato come privo di contestabilità; ordine corsa dopo trazioni è dato per necessario pur spettando alla commissione.";"Eliminare l’assoluto sulla tutela; distinguere procedura immediata di riesame e rimedi generali. Presentare un ordine di allenamento come ipotesi, non vincolo del concorso; verificare certificazione sportiva senza imporre universalmente ECG sotto sforzo.";Da correggere;wiki/reviews/audit-integrale-2026-10-02/VOL-12.md
V12-31;VOL-12;[SP02/04:259](../../../wiki/books/moduli/m-sp02-vigili-fuoco/chapters/04-tre-prove-motorio-attitudinali.md#L259);Coerenza e titoli;media;"Conseguire una patente in sei mesi viene confrontato con la piscina senza fissare il termine utile dei titoli; seguono affermazioni di risultato non aleatorio.";"Esplicitare possesso entro scadenza e tempo residuo; prima soglie/idoneità, poi incremento di punteggio. Eliminare garanzie di risultato e distinguere prestazione preparata da esito certo.";Da correggere;wiki/reviews/audit-integrale-2026-10-02/VOL-12.md
V12-32;VOL-12;[SP02/05:116](../../../wiki/books/moduli/m-sp02-vigili-fuoco/chapters/05-prove-direttive-e-specializzazione.md#L116);Completezza per profilo;media;La mappa direttiva non rende operativa l’orientazione alla prevenzione incendi richiesta dalla decisione di perimetro D2.;Aggiungere una breve mappa funzioni/fonti/processi con rinvii, proporzionata a un manuale strategico. Confermati sul PDF ordinario titoli a parità e un’unica prova scritta: non sono errori da correggere.;Da correggere;wiki/reviews/audit-integrale-2026-10-02/VOL-12.md
V12-33;VOL-12;[SP02/06:89](../../../wiki/books/moduli/m-sp02-vigili-fuoco/chapters/06-riuso-e-bando-decoder.md#L89);Rinvii;media;Si prescrivono destinazioni precise, ma la tabella rinvia ad aree del volume base senza capitoli o sezioni verificabili.;"Sostituire aree con codice, titolo e sezione; chiarire che il controllo formale non impone di sospendere ogni preparazione fisica o linguistica parallela.";Da correggere;wiki/reviews/audit-integrale-2026-10-02/VOL-12.md
V12-34;VOL-12;[SP02/07:151](../../../wiki/books/moduli/m-sp02-vigili-fuoco/chapters/07-piano-30-60-90.md#L151);Pianificazione;media;"Obiettivo trenta risposte orali al mese e cinque a settimana non coincidono; titolo 30/60/90 privo delle due varianti più brevi.";Allineare il target e fornire varianti con presupposti dichiarati oppure titolo ciclo di 90 giorni. Conservare l’avvertenza già presente di non allenare l’apnea da soli.;Da correggere;wiki/reviews/audit-integrale-2026-10-02/VOL-12.md
V12-35;VOL-12;[SP02/08:143](../../../wiki/books/moduli/m-sp02-vigili-fuoco/chapters/08-errori-casi-checklist.md#L143);Casi;media;Sono promessi due casi completi, ma Andrea non ha punteggi/margini e Francesca non produce un elaborato o esito valutabile.;"Completare entrambi con dati e output: punteggi per modulo e priorità motivate; traccia tecnica, scaletta e rubriche di valutazione. Evitare una nuova ripetizione del controllo del bando.";Da correggere;wiki/reviews/audit-integrale-2026-10-02/VOL-12.md
V12-37;VOL-12;[SP03/01:147](../../../wiki/books/moduli/m-sp03-magistratura-avvocatura-notariato/chapters/01-mappa-scelta-binario.md#L147);Fonti e residui editoriali;media;Il lettore incontra limiti del file acquisito dell’art.5 e ricostruzioni della ricerca, anziché una spiegazione consolidata.;"Spostare il resoconto documentale nella source; nel libro indicare norma, requisito e limite interpretativo realmente utile. Analogo SP03/03: non dedurre l’origine del limite d’età dal solo art.1 della L.1035/1966.";Da correggere;wiki/reviews/audit-integrale-2026-10-02/VOL-12.md
V12-38;VOL-12;[SP03/02:103](../../../wiki/books/moduli/m-sp03-magistratura-avvocatura-notariato/chapters/02-magistratura-prove-ordinamento.md#L103);Completezza normativa;media;"Il minimo 6/10 in ogni materia orale non esplicita l’eccezione della lingua, valutata per sufficienza; la soglia complessiva non viene resa operativa.";"Precisare giudizio di sufficienza per lingua e totale minimo 108 nelle due prove; inserire esempio con insufficienza non compensabile. Bando 450, art.8, PDF locale p.10.";Da correggere;wiki/reviews/audit-integrale-2026-10-02/VOL-12.md
V12-39;VOL-12;[SP03/02:210](../../../wiki/books/moduli/m-sp03-magistratura-avvocatura-notariato/chapters/02-magistratura-prove-ordinamento.md#L210);Cronologia dei casi;media;La scelta di candidarsi a novembre 2025 utilizza un diario noto soltanto nel febbraio 2026.;Separare decisione entro termine e successivo aggiornamento del piano. Anche il confronto di Elena in SP03/06 agosto 2025 deve essere dichiarato esempio composito se usa bandi di ottobre/dicembre successivi.;Da correggere;wiki/reviews/audit-integrale-2026-10-02/VOL-12.md
V12-40;VOL-12;[SP03/03:59](../../../wiki/books/moduli/m-sp03-magistratura-avvocatura-notariato/chapters/03-avvocatura-stato-prove-ordinamento.md#L59);Precisione normativa;media;Non superato e non compiuti sono alternati senza spiegare computo, fonte e benefici. Non è stato accertato che producano esiti diversi nel caso presentato.;Usare formula del bando, citare D.P.C.M.141/2000 richiamato nel preambolo e aggiungere esempio sul compleanno/scadenza con verifica giuridica. Non classificare come errore certo l’equivalenza fra le due espressioni senza ulteriore riscontro.;Da correggere;wiki/reviews/audit-integrale-2026-10-02/VOL-12.md
V12-43;VOL-12;[SP03/05:305](../../../wiki/books/moduli/m-sp03-magistratura-avvocatura-notariato/chapters/05-metodo-prove-scritte.md#L305);Didattica professionale;media;"Tre tracce concrete sono seguite quasi solo da identificazione del formato; manca un output giuridico che mostri il metodo promesso.";Aggiungere tesi motivata sulla responsabilità precontrattuale, soluzione della controversia Beta e clausola notarile esemplificativa con presupposti. Affiancare un prima/dopo breve: in SP03/07 esiste già un microesempio, ma non risolve queste tracce.;Da correggere;wiki/reviews/audit-integrale-2026-10-02/VOL-12.md
V12-44;VOL-12;[SP03/05:136](../../../wiki/books/moduli/m-sp03-magistratura-avvocatura-notariato/chapters/05-metodo-prove-scritte.md#L136);Metodo;media;"Tesi e obiezioni vengono imposte a ogni tema; la presenza di effetti negoziali rischia di determinare da sola il formato.";"Fare prevalere verbo della consegna e compito richiesto; distinguere tema illustrativo, soluzione pratica e redazione di atto.";Da correggere;wiki/reviews/audit-integrale-2026-10-02/VOL-12.md
V12-45;VOL-12;[SP03/06:155](../../../wiki/books/moduli/m-sp03-magistratura-avvocatura-notariato/chapters/06-piano-pluriennale.md#L155);Errore di formulazione;media;Una pagina corretta male insegna più di trenta lette ribalta il senso didattico.;"Scrivere una pagina scritta male e corretta bene; uniformare gli imperativi aggiungi in SP03/02 e classificale in SP03/07.";Da correggere;wiki/reviews/audit-integrale-2026-10-02/VOL-12.md
V12-46;VOL-12;[SP03/06:93](../../../wiki/books/moduli/m-sp03-magistratura-avvocatura-notariato/chapters/06-piano-pluriennale.md#L93);Promessa del piano;media;Il piano pluriennale resta un insieme di quattro trimestri vuoti e istruzioni, senza esempio di percorso su più anni.;"Aggiungere un esempio condizionato di anno 1/anno 2 con produzione, revisione, ripasso e criteri di riesame; nessuna promessa di durata universale o superamento.";Da correggere;wiki/reviews/audit-integrale-2026-10-02/VOL-12.md
V12-47;VOL-12;[SP03/07:174](../../../wiki/books/moduli/m-sp03-magistratura-avvocatura-notariato/chapters/07-errori-casi-checklist.md#L174);Didattica e coerenza;media;Richiamare organo legale dello Stato nell’introduzione non mostra come correggere la mancata applicazione giuridica al caso.;"Mostrare una tesi, un’eccezione e il relativo presupposto fattuale; distinguere fonti mancanti da dubbio interpretativo nel semaforo. Non trasformare formule istituzionali in preamboli obbligatori.";Da correggere;wiki/reviews/audit-integrale-2026-10-02/VOL-12.md
V12-49;VOL-12;[SP04/01:90](../../../wiki/books/moduli/m-sp04-prefettizia-diplomatica/chapters/01-mappa-scelta-bando-decoder.md#L90);Logica decisionale;media;I requisiti di ammissione entrano in uno scoring compensabile 0–3 per scegliere la carriera.;"Anteporre ammissibilità come condizione necessaria; usare punteggi soltanto per preferenze e preparazione fra alternative ammissibili.";Da correggere;wiki/reviews/audit-integrale-2026-10-02/VOL-12.md
V12-51;VOL-12;[SP04/02:89](../../../wiki/books/moduli/m-sp04-prefettizia-diplomatica/chapters/02-carriera-prefettizia-prove-materie-ordinamento.md#L89);Calcolo e didattica;media;La strategia sul punteggio asimmetrico resta verbale e contraddice il successivo invito a ignorare i valori durante la prova.;"Confrontare risposta con omissione: soglie di probabilità 2/9 facile, 1/5 media, 4/23 difficile. Distinguere valore del quesito dal totale provvisorio; applicabilità subordinata a conoscere la classe di difficoltà.";Da correggere;wiki/reviews/audit-integrale-2026-10-02/VOL-12.md
V12-52;VOL-12;[SP04/02:105](../../../wiki/books/moduli/m-sp04-prefettizia-diplomatica/chapters/02-carriera-prefettizia-prove-materie-ordinamento.md#L105);Modalità della prova;media;La trattazione degli scritti prefettizi omette la modalità digitale, mentre il confronto enfatizza quella diplomatica.;"Aggiungere modalità digitale del bando art.10 e un esercizio di gestione digitale dell’elaborato; preservare la distinzione sui materiali consentiti. E06 e PDF locale p.11.";Da correggere;wiki/reviews/audit-integrale-2026-10-02/VOL-12.md
V12-54;VOL-12;[SP04/02:47](../../../wiki/books/moduli/m-sp04-prefettizia-diplomatica/chapters/02-carriera-prefettizia-prove-materie-ordinamento.md#L47);Completezza punteggio;media;La formula del risultato finale lascia fuori i titoli e il bonus della lingua facoltativa.;Mostrare formula completa e un esempio conforme agli artt.13–14: base delle prove, punteggi aggiuntivi e preferenze distinti. Non confondere punteggio aggiuntivo con criterio di parità.;Da correggere;wiki/reviews/audit-integrale-2026-10-02/VOL-12.md
V12-58;VOL-12;[SP04/03:184](../../../wiki/books/moduli/m-sp04-prefettizia-diplomatica/chapters/03-carriera-diplomatica-prove-materie-ordinamento.md#L184);Graduatoria;media;Manca una formula complessiva che renda utilizzabili le componenti facoltative e i titoli.;"Inserire media scritti + orale + bonus facoltativi + titoli, con limiti e condizioni; E05 artt.8,12,13. Non duplicare tutte le regole in ogni capitolo.";Da correggere;wiki/reviews/audit-integrale-2026-10-02/VOL-12.md
V12-60;VOL-12;[SP04/04:143](../../../wiki/books/moduli/m-sp04-prefettizia-diplomatica/chapters/04-le-lingue-straniere.md#L143);Apparato didattico;media;Il metodo linguistico è descritto senza un esempio completo in lingua o una traduzione commentata.;"Aggiungere un breve testo, consegna, risposta e correzione per un formato; esempio parallelo di conversazione. Il volume rimane strategico, senza diventare un corso linguistico.";Da correggere;wiki/reviews/audit-integrale-2026-10-02/VOL-12.md
V12-61;VOL-12;[SP04/05:135](../../../wiki/books/moduli/m-sp04-prefettizia-diplomatica/chapters/05-prova-orale-postura-professionale.md#L135);Metodo di simulazione;media;Leggere le istruzioni informatiche una sola volta è un vincolo arbitrario che allena memoria e può peggiorare il controllo della consegna.;"Consentire rilettura salvo specifico protocollo; misurare comprensione, esecuzione e verifica. Aggiungere un dossier orale risolto con risposta completa, non solo istruzioni di costruzione.";Da correggere;wiki/reviews/audit-integrale-2026-10-02/VOL-12.md
V12-62;VOL-12;[SP04/06:97](../../../wiki/books/moduli/m-sp04-prefettizia-diplomatica/chapters/06-piano-preparazione-tentativi.md#L97);Promessa del piano;media;Il percorso 6–12 mesi non presenta una settimana compilata né ripartizioni esemplificative controllabili.;"Inserire settimane da 12/20 ore con ipotesi esplicite e due percorsi per profilo, checkpoint e carico linguistico; sostituire retromarcia con pianificazione a ritroso.";Da correggere;wiki/reviews/audit-integrale-2026-10-02/VOL-12.md
V12-63;VOL-12;[SP04/07:25](../../../wiki/books/moduli/m-sp04-prefettizia-diplomatica/chapters/07-errori-casi-checklist.md#L25);Residui di produzione;media;"Accorpamento motivato, cinque nuclei sopra soglia e riferimenti alle pagine editoriali sono istruzioni staff visibili nel testo; compare persino il residuo sugli elenchi diagnostici.";Rimuovere dal testo pubblico e conservare nei materiali di produzione. Analogo SP01/05–06 apertura editoriale, SP01/08 regole editoriali, SP02/06 controllo preconsegna e SP02/08 elenchi diagnostici.;Da correggere;wiki/reviews/audit-integrale-2026-10-02/VOL-12.md
V12-64;VOL-12;[SP02/01:173](../../../wiki/books/moduli/m-sp02-vigili-fuoco/chapters/01-mappa-della-famiglia.md#L173);Quiz trasversali;media;"Molti commenti sono formule generiche non pertinenti alle singole alternative; SP02/07–08 e SP04/07 hanno tutte le chiavi B.";"Riscrivere commenti uno per uno e distrattori plausibili; ricollocare opzioni solo dopo validazione. Non rilevato il pattern sistematico chiave D/commento D errata osservato in altri volumi.";Da correggere;wiki/reviews/audit-integrale-2026-10-02/VOL-12.md
V12-66;VOL-12;[SP01/01:54](../../../wiki/books/moduli/m-sp01-forze-ordine/chapters/01-mappa-famiglia-struttura-selezione.md#L54);Architettura e densità;media;"Lo schema definizione/funzione/quadro/conseguenze/esempio/errore ripete la stessa decisione in più nuclei; Decoder, casi e checklist ripetono estensivamente controlla il bando.";Ridurre duplicazioni senza sopprimere contenuti specialistici: una regola canonica, rinvii puntuali e casi con dati/soluzioni nuovi. Verificare beneficio didattico di ogni nucleo prima del conteggio parole.;Da correggere;wiki/reviews/audit-integrale-2026-10-02/VOL-12.md
P12-06;VOL-12;p. 11 e aperture successive;Gerarchia;lieve;Il titolo del capitolo viene ripetuto in nero e poi in rosso, separato dal nastro BANDO e dalla nota introduttiva, senza una diversa funzione dichiarata.;Conservare un solo titolo principale oppure distinguere chiaramente il secondo elemento come sottotitolo.;Non applicato;wiki/reviews/audit-integrale-2026-10-02/PDF-VOL-12.md
P12-07;VOL-12;p. 124;Impaginazione;lieve;L’ultimo breve paragrafo dei riferimenti del capitolo 7 occupa da solo una pagina quasi vuota.;Valutare il recupero del paragrafo nella pagina precedente intervenendo sulla struttura delle schede, senza ridurre ulteriormente il corpo del testo.;Non applicato;wiki/reviews/audit-integrale-2026-10-02/PDF-VOL-12.md
V12-65;VOL-12;[SP01/06:26](../../../wiki/books/moduli/m-sp01-forze-ordine/chapters/06-materie-riuso-specialistiche.md#L26);Lingua e ripetizioni;lieve;"Doppio binario ripetuto a r.26/34; nel usare ricorre qui e in SP01/08. Altri refusi sono disseminati.";"Correggere nell’usare; SP02/03 undici parole (citazione di sedici) e diecimila-per-mille; SP02/07 questo triage; SP04/03 estrai; SP04/04 non tentare; SP04/05 distingui/offri/riparti; SP04/07 segui; SP01/10 scadenza scaduta.";Da correggere;wiki/reviews/audit-integrale-2026-10-02/VOL-12.md
